Star_Index,RA,DEC,Offset_MCPS_APASS_4380A,Offset_MCPS_APASS_5450A,Offset_SMASH_APASS_4600A,Offset_SMASH_APASS_5600A,Offset_MCPS_SMASH_4600A,Offset_MCPS_SMASH_5600A,choose_MCPS,choose_APASS,choose_SMASH
0,7.521702,-73.913918,-0.0659174698823275,0.015010257595227117,,,,,1,1,0
1,7.746443,-73.741425,-0.11667380555638474,0.13932368907406456,-0.28571824500870235,,0.0467583173658781,,1,1,0
2,7.925977,-73.53167,-0.10350824890789667,0.007732339563085944,-0.41358115605678236,,0.05798893163778018,,1,1,0
3,7.948884,-73.599243,-0.5317061579553108,-0.16551401171592772,-0.9152745977326742,-0.41737834093876636,0.1945485376084104,0.20966431858334822,1,1,1
4,7.980047,-73.578545,-0.125755762472334,-0.02350535877909188,-0.5160374552281652,,0.11633690685558129,,1,1,0
5,7.981742,-73.585571,0.5186754423180862,0.6649270963581628,0.2505765611708455,,0.002796011414655908,,0,1,0
6,8.228736,-73.821953,0.033502837667338525,-0.3887747931559744,-0.6416142482828455,,0.42469440720039664,,1,1,0
7,8.560188,-73.619049,-0.20162058525951565,-0.08290472183631614,-0.5241642806625393,,0.05378364078462994,,1,1,0
8,8.637665,-73.873337,-0.02692301281334153,0.024258998778256213,,,,,1,1,0
9,8.763608,-73.549622,-0.13457144112197916,0.09680064463799276,-0.5765657759820559,-0.18614847617755537,0.2039852685875676,0.2439091868562997,1,1,1
10,8.763859,-74.203384,-0.16901029781653065,-0.03045203191528323,-0.6761149569119684,,0.22337445346393103,,1,1,0
11,8.989162,-73.734062,-0.16809772638965903,0.0172561854963611,-0.42354695207433757,,0.008558872853775767,,1,1,0
12,9.124077,-73.918602,-0.09559889963820112,-0.02836917812262918,-0.3547928879621267,-0.08669094535068744,0.1564825412051718,0.05250235941667647,1,1,1
13,9.380191,-74.411057,-0.04299502474778194,-0.034798241570342725,-0.62246553122643,-0.26026303947566554,0.2635808103987589,0.17305452366606033,1,1,1
14,9.508638,-73.630348,-0.13392537640377533,-0.11850064816645478,,,,,1,1,0
15,9.563685,-73.017746,-15.685368899014138,-14.102435495013898,-15.537748283692718,,0.14435536667182447,,1,1,0
16,9.57867,-73.525597,0.13056593597493915,0.21045769352817167,-0.5299153455706236,,0.4398435668626792,,0,1,0
17,9.818972,-72.032875,-0.789743784379894,0.004063412433810143,,,,,1,1,0
18,10.190774,-72.673569,-0.10916450870790229,-0.05389674393972044,-0.4471403941888461,,0.06465157971224222,,1,1,0
19,10.191936,-73.717102,-0.5411315727574681,-0.06398478917375527,-0.38458853685588856,,-0.3015093717540349,,1,1,0
20,10.512744,-73.888428,-0.206982048512657,0.025738809648881755,-0.6342492700771434,-0.24158797761031003,0.1865741733798707,0.21597654351124795,1,1,1
21,10.598432,-73.412109,-0.11622291732590107,-0.021827930826813002,-0.5400774207804186,,0.13038316074233336,,1,1,0
22,10.721161,-73.596092,-0.13903344443248145,-0.04129707112703329,,,,,1,1,0
23,10.745516,-73.29184,-0.17718938878991963,-0.08181861417304681,-0.4025441593004331,,0.08051535501090079,,1,1,0
24,10.95191,-73.613548,-0.5099859053112219,-0.12768174768624618,-0.5990129659578276,,-0.06761280952678561,,1,1,0
25,11.004765,-72.995163,-0.1180067873070314,0.03201929127463288,-0.5879290906984025,,0.18961476309916314,,1,1,0
26,11.045316,-73.212608,-0.07236812439266238,0.04947744919067176,-0.45324461049858655,,0.1532525731000831,,1,1,0
27,11.210925,-72.885483,-16.24561747386444,-14.572544574249585,-16.253041101006314,-14.859580337229861,0.31836966901535746,0.33542031715735554,1,1,1
28,11.399051,-73.293671,-15.839047538535096,-14.13457089138399,-15.733037817253138,,0.21147045232805084,,1,1,0
29,11.476636,-72.93116,-16.03624518164887,-14.536958129218824,-15.995578504282218,-14.863582934779435,0.23423625073437648,0.3697389055842546,1,1,1
30,11.510007,-73.350014,-0.1478991015846809,0.012020859236844927,-0.7232314406705758,-0.404582457344393,0.29310216465749406,0.361665903624786,1,1,1
31,11.554412,-72.935364,-0.0910705414146964,-0.02182450729206309,,,,,1,1,0
32,11.624906,-72.593178,-18.23801409182851,-16.165563116665556,-18.60929666726723,-16.988675423396185,0.7642214316834632,0.9349818768468374,1,1,1
33,11.642234,-72.821014,-0.1287587796280949,-0.08359260426204251,,,,,1,1,0
34,11.666625,-73.208763,-0.3293052852669405,-0.10515792831304971,,,,,1,1,0
35,11.692539,-73.666313,-0.23431589334705905,-0.012511309998139097,-0.49211055900092227,,0.05797188883718363,,1,1,0
36,11.721182,-72.714394,0.1963570334980087,0.47667224189506463,,,,,0,1,0
37,11.753848,-73.370476,-13.868676194822521,-13.290112374649501,,,,,1,1,0
38,11.760545,-72.919182,-0.1097220221356352,0.01374653614971777,,,,,1,1,0
39,11.782004,-73.745392,-1.2568128214759255,-0.6506043096500136,-11.803449938133827,,0.1074277036842517,,1,1,0
40,11.78622,-73.236649,-0.02288629737671677,0.024764073318465307,,,,,1,1,0
41,11.793363,-72.96051,-0.8949138895729707,-0.08635738489200762,-0.5320675326667548,,-0.3939086497281039,,1,1,0
42,11.805479,-72.704842,-0.24494973664805286,0.012456361496997914,-0.7175891482179448,-0.2608300883640098,0.2526331605106318,0.22058915099649923,1,1,1
43,11.938212,-73.307259,-13.960960496618931,-13.801800430842123,-13.988412412801805,-13.780969688353117,0.02454885625995118,-0.02668395287275338,1,1,1
44,11.955413,-73.095612,-13.871444913385398,-13.60334176078533,,,,,1,1,0
45,11.992086,-72.815269,-0.08909612817269341,-0.007059341550162301,-0.3468379217840347,,0.13696354807948552,,1,1,0
46,12.00486,-73.387062,-15.779661373265634,-14.249465622846365,-15.742005270100307,,0.2435701782291133,,1,1,0
47,12.009524,-73.403946,-16.090268367277613,-14.296525776296438,-15.86449822968213,,0.1102585390085391,,1,1,0
48,12.026228,-73.110535,-0.1263439819876453,-0.07102567896273904,,,,,1,1,0
49,12.036872,-73.505272,-0.12263019907208772,-0.023251612952359224,,,,,1,1,0
50,12.078882,-73.249702,-0.07575319540200809,-0.01381996372032468,,,,,1,1,0
51,12.115704,-73.446945,-0.10864978404110559,-0.036081045917438104,,,,,1,1,0
52,12.132593,-72.986565,-0.052852698066157444,0.011743558183557212,-0.38998461148915275,,0.0011267361466860137,,1,1,0
53,12.138712,-73.209274,-16.003589727756655,-14.332548333840215,-15.874438979084898,,0.1813737363154999,,1,1,0
54,12.144304,-73.154884,-15.867607021169828,-14.415014523078266,-15.776263191232816,,0.17386328978078325,,1,1,0
55,12.146544,-72.369522,-0.09577927627450755,0.011928094346195905,-0.6433291808122661,,0.246657033666013,,1,1,0
56,12.158935,-73.246552,-0.11145229935588574,-0.19697418722688376,,,,,1,1,0
57,12.189284,-72.924294,-15.75593769422372,-14.132172374777268,-15.663115193878575,,0.2077953978157634,,1,1,0
58,12.257829,-72.901375,-15.888690259493181,-14.429469382436993,-15.690495604739569,,0.06827713562286597,,1,1,0
59,12.299215,-72.692955,-0.01603127148408845,-0.021903111544046894,-0.5384185313665544,,0.19493630517838767,,1,1,0
60,12.302837,-73.392799,-0.18932689585816753,-0.08528610185093832,,,,,1,1,0
61,12.314714,-73.202988,-0.09615555602072057,-0.021068960973726902,,,,,1,1,0
62,12.319302,-73.147079,-0.07846503756780088,0.15564499391664732,-0.167113723697625,0.09547976977262884,0.02056104153009919,0.057040975691792895,1,1,1
63,12.385136,-72.487221,-0.12894384971026085,-0.03573941342544806,-0.6175771612283718,-0.2492804522281098,0.2017797842915776,0.1674118057316054,1,1,1
64,12.393755,-72.881355,-1.1684182583520482,-0.3864137507163026,-11.972254869843194,,0.10059398652956375,,1,1,0
65,12.419711,-73.236916,-1.2644054737099086,-0.8699948518479346,-1.871962098983067,-1.2240136682673004,0.3820760622918371,0.31014760236013217,1,1,1
66,12.42137,-72.301399,-0.24416950486546085,-0.05534654059336219,-0.6023144929517432,,0.13477709108812697,,1,1,0
67,12.449533,-73.411659,-0.5919838736504737,-0.20391453512746338,-0.8989240826363343,,0.12966479798345887,,1,1,0
68,12.482258,-73.047455,-0.5515475570905402,0.025565683656319393,-1.0624967138567687,,0.39616754922390207,,1,1,0
69,12.488276,-72.405502,-0.07243255068052967,-0.03560645103554805,-0.3907284509183615,-0.12022891932284097,0.22627993362208976,0.09492971543642525,1,1,1
70,12.498361,-73.07341,-0.06857263237916911,0.04996419384230322,-0.3259826685294147,,0.13021882597695367,,1,1,0
71,12.501577,-72.983681,-0.1337358531336914,-0.0025468254962071057,-0.34106285320754814,-0.09414102333225216,0.09361671886150624,0.08416274813297164,1,1,1
72,12.549769,-73.354309,-14.002792879852464,-13.783330533120877,-14.140155984162266,-13.951026603383681,0.1471067509737054,0.15508709591874137,1,1,1
73,12.554437,-73.286179,-0.25074621491731897,-0.0965228091976904,-0.628563957087005,-0.3524580116841083,0.24882018340325907,0.24673267838578994,1,1,1
74,12.56634,-73.169647,-14.146569770870427,-13.869977131601708,-14.155084987210433,-13.885420895111476,0.030062455818280043,0.007338631805916762,1,1,1
75,12.569629,-73.138657,-0.07188939108409365,0.04547923556782152,0.031684796997700104,0.2033890720953302,-0.16843913663440624,-0.15780826317929986,1,1,0
76,12.575341,-72.455956,-16.010479883445278,-14.420074625420902,-15.800897189568452,,0.08407951566132965,,1,1,0
77,12.588534,-73.102638,-15.467281100211745,-13.599901735359381,-15.275639632249312,,0.15977403498889586,,1,1,0
78,12.619976,-72.752563,0.8822258873456477,0.6079771988012723,,,,,0,1,0
79,12.620275,-73.120697,-0.14847679484926601,0.00679183169151365,-0.23881517907670613,-0.09881592195104716,0.018237057810209123,0.11478361246273039,1,1,1
80,12.629437,-72.872421,-13.639924769672822,-12.969213832489062,,,,,1,1,0
81,12.638301,-72.962532,-0.49028131284455334,-0.22477608708026509,-10.382958568955766,-2.3767546820410246,0.1324343726096373,-0.16879346219105074,1,1,1
82,12.669093,-72.834183,-0.05781947376339858,0.05895256761392709,,,,,1,1,0
83,12.694161,-72.241043,-0.19115592244618185,-0.007863712011099366,-0.5418469032665314,,0.06791912845749515,,1,1,0
84,12.708537,-73.394318,-0.1544535296258669,-0.032356636514963455,,,,,1,1,0
85,12.758097,-73.268562,-16.14907300440336,-14.296642323605951,-15.77359981628815,,-0.02721936181058915,,1,1,0
86,12.779685,-72.998734,-15.797604740930307,-14.198702477056022,-15.842378543763743,-14.431238621402413,0.3403330183596154,0.27890834330125003,1,1,1
87,12.788992,-72.809959,-0.09690782989480695,-0.027647795437115263,,,,,1,1,0
88,12.799663,-72.471596,-0.08835256824936444,-0.04636080371349394,,,,,1,1,0
89,12.806897,-72.550446,-15.547785090630907,-13.93543930571196,-15.357677277054355,,0.10819152171010593,,1,1,0
90,12.816462,-73.159111,-13.890485392427314,-13.548022297796697,-13.893731059135531,-13.62526456367372,0.03870428343200061,0.055817259130847674,1,1,1
91,12.826005,-72.723526,-0.05415236988084082,0.017906167194615463,-0.46020310864507863,,0.13490709202487317,,1,1,0
92,12.833997,-73.136757,-16.17845213733749,-14.590747592143577,-16.179929376929927,-14.826600680751211,0.2947178922443623,0.28165032892757225,1,1,1
93,12.857086,-72.763344,-15.54412374452312,-14.273398001322468,-15.586548921580759,-14.376785012212286,0.2699029554580701,0.14089526422298704,1,1,1
94,12.858666,-72.888458,-14.195688927756654,-13.54263114704893,-14.291773060258334,-13.574953967327634,0.1954086174889369,0.054115537590714524,1,1,1
95,12.883954,-73.309235,-16.131603600810546,-14.459450584483848,-15.999011958274798,-14.582178701688298,0.17814362089462144,0.17231050187094787,1,1,1
96,12.90685,-72.433243,-0.03570212537333184,0.06676150090882693,-0.706377435654554,,0.3340663896231959,,1,1,0
97,12.911544,-72.972351,-15.910798963684796,-14.297582170155879,-15.803520945007655,,0.19123209505263006,,1,1,0
98,12.9154,-73.232407,-16.162923821169827,-14.540537055068327,-16.16951523171038,-14.668821623593946,0.30699853025834933,0.17676494914185348,1,1,1
99,12.921972,-72.933441,-16.16860588105007,-14.642792707231127,-16.224908591799274,-14.890220063329847,0.3366858783711919,0.29264963778373776,1,1,1
100,12.941341,-72.59816,-14.024179045121924,-13.62908610862253,-14.10307352452087,-13.562114952564208,0.12489201827841612,-0.06372085472249545,1,1,1
101,12.999333,-72.766563,-0.08808052165272962,-0.038371267269578624,,,,,1,1,0
102,13.001509,-73.0895,-0.17998606977831777,-0.016467217140709423,-0.3898181020695919,,0.018615606048880906,,1,1,0
103,13.033491,-72.280327,-15.664452137337493,-14.075397899107601,-15.538402303097811,,0.16719081841224437,,1,1,0
104,13.038654,-72.99086,-0.10450153364363679,0.024851902799454706,-0.3444226611238488,-0.12540382481989454,0.12820530895538518,0.27035070809578343,1,1,1
105,13.048194,-73.329536,-0.09329901374051452,0.03836136059649675,-0.439444825867497,,0.12499692920984629,,1,1,0
106,13.050167,-72.627411,-15.450702992427313,-13.917991965534489,-15.440220480719045,,0.27137610501551457,,1,1,0
107,13.051069,-72.727928,-16.016648640331503,-14.560706236646652,-16.065440978844617,-14.539665527404132,0.31463179356024895,0.025283576492762805,1,1,1
108,13.068365,-73.705978,-0.16656826406369518,0.008902458711421701,-0.6614870989724118,,0.2118544381062062,,1,1,0
109,13.079881,-71.911369,0.00015389859065706446,0.06921924217298603,-0.6204568946216682,-0.20333153354456002,0.3039991504550681,0.23895038971076588,1,1,1
110,13.089044,-72.665497,-16.10374575170875,-14.640202451502304,-16.172428446346345,-14.839883178525259,0.3359975987865269,0.25242538418151383,1,1,1
111,13.104091,-72.684158,-12.852017128954259,-12.76225534130829,,,,,1,1,0
112,13.127266,-72.319092,-15.702398925361443,-14.264326517993075,-15.652883210752503,-14.463330460075058,0.21252972846214746,0.2501674629945114,1,1,1
113,13.1284,-73.220673,-0.1135818976203975,-0.022638828596472038,,,,,1,1,0
114,13.1457,-72.433815,-14.669913368475216,-13.2673039604493,-14.875179391426627,,0.4599342205135173,,1,1,0
115,13.14854,-72.851479,-14.692410518175816,-13.106191121622983,-14.735086152922122,,0.3352839520688917,,1,1,0
116,13.162501,-73.009697,-0.07499216552132104,0.0146049835976374,,,,,1,1,0
117,13.163567,-72.740128,-0.2791986877661632,0.016275146082394443,-0.7033708060718133,,0.1853731123096125,,1,1,0
118,13.1687,-72.745171,-0.5884645560296367,-0.4198752375427848,-0.9634743897602167,,0.10986352234532148,,1,1,0
119,13.169555,-72.756119,-0.11127838260576262,-0.06223391520210697,,,,,1,1,0
120,13.173921,-73.065315,-0.6446693531292311,-0.3379320702448272,-1.2003537077946973,-0.6227657695412852,0.2939361265181972,0.23434772518848135,1,1,1
121,13.189993,-73.073402,-0.08477383485758772,0.0060362964685367615,,,,,1,1,0
122,13.201415,-72.968979,-15.831397785241684,-14.32133408828177,-15.72986197636581,,0.17568568209940416,,1,1,0
123,13.211746,-72.775291,-0.05454679100385462,0.020832942213422356,,,,,1,1,0
124,13.233808,-72.232277,-15.93824404152911,-14.361149612803755,-15.730638921634826,,0.08247385611093705,,1,1,0
125,13.237359,-72.394661,-15.843522642726715,-14.32322500904608,-15.789795693200233,-14.54490613426389,0.2253915474368231,0.2741383030589102,1,1,1
126,13.241423,-72.580956,-14.075639136139886,-13.793977131601709,-14.100930594328668,-13.820679038553616,0.04789258988262546,0.018596775248054698,1,1,1
127,13.245275,-73.139763,-15.816897215181804,-14.27045439518191,-15.916732040919161,-14.605809559438976,0.3846443406647335,0.37214471929658366,1,1,1
128,13.249078,-73.441971,-0.07456440802588915,-0.06712823936183554,-0.5428333744762721,,0.12007211297312637,,1,1,0
129,13.256099,-72.399757,-15.229912228355456,-13.754416748168182,-15.119834076234389,,0.1597660933452314,,1,1,0
130,13.256905,-72.508492,-15.284745751708751,-13.821555853021474,-15.125625269129877,,0.1081944215700581,,1,1,0
131,13.259931,-72.498817,-15.457025493026114,-14.121454446289347,-15.437406131344186,-14.202018370260149,0.22155901552089752,0.10460856260291784,1,1,1
132,13.268429,-72.562134,-15.685827849912341,-14.1479508144673,-15.628684119366314,-14.454636531316154,0.2266118921657796,0.2989159776820376,1,1,1
133,13.279305,-72.171394,-16.12392496128959,-14.573634753317258,-15.959523001467655,,0.12082911199166979,,1,1,0
134,13.309965,-72.641273,-15.879868328954258,-14.261920533312528,-15.840838366615738,-14.555185387512907,0.2605340436068211,0.3368580864197881,1,1,1
135,13.315513,-72.367493,-13.134514278654859,-12.86169892189513,,,,,1,1,0
136,13.316536,-73.259033,-0.06847205330901751,0.008375312208110941,,,,,1,1,0
137,13.327935,-72.551033,-13.897110819972225,-13.580439510141696,-13.945482045942084,,0.0781388247295709,,1,1,0
138,13.329248,-71.703796,-0.1100295432957985,0.023959250868184512,-0.4370418515253789,,0.05568647499472057,,1,1,0
139,13.33919,-72.287971,0.28419444638636726,-0.6554065307698078,,,,,0,1,0
140,13.339863,-71.844383,-0.11352509026241009,-0.21114426431176625,,,,,1,1,0
141,13.345563,-72.413216,-15.33449831697821,-14.03571375582791,-15.178990413652466,,0.07766089303875745,,1,1,0
142,13.348422,-72.783722,-14.678387332547073,-13.387582170155879,-14.631819349303752,-13.500455817994974,0.18491458557627105,0.16077906982040702,1,1,1
143,13.350006,-73.11042,-18.364224467876415,-16.425503116537794,-18.17227952704451,-16.59515283149922,0.17380349625116054,0.2440511473686584,1,1,1
144,13.358685,-72.489899,-14.239848372068032,-14.015924497332897,-14.538602678989864,-14.081756940839586,0.30934106735819,0.058398096876910444,1,1,1
145,13.378453,-73.231285,-15.523334120571024,-14.382176134367898,-15.381228815996437,,0.05818205466416693,,1,1,0
146,13.378894,-72.532722,-15.282535375660844,-13.688382911852518,-15.094028928778378,,0.10599887642814387,,1,1,0
147,13.405291,-72.398819,-13.3547917397327,-13.06058608306881,,,,,1,1,0
148,13.407487,-72.422089,-15.753234728954258,-14.473871658634348,-15.664589688768368,,0.14051896575944944,,1,1,0
149,13.407679,-72.54425,-13.176317775660847,-12.770890609909797,,,,,1,1,0
150,13.412949,-72.393631,-15.711828990032103,-14.241803934895582,-15.800742469338013,-14.44667199022089,0.35749305411352594,0.262691513759,1,1,1
151,13.415298,-72.535828,-13.79491906907402,-12.75875140284164,,,,,1,1,0
152,13.417728,-72.409355,-15.127139897816535,-14.001721326116606,-15.075677876889449,-14.063563642076836,0.1458744401080736,0.09523003240980366,1,1,1
153,13.42474,-72.908089,-15.89087174931354,-14.491886696996866,-15.89634243293612,-14.63430273991468,0.25950654585534316,0.18644049411341435,1,1,1
154,13.427622,-72.287094,-12.6197860391339,-11.960984599675534,,,,,1,1,0
155,13.433085,-72.089363,-0.5701189047971233,-0.31554110622585263,,,,,1,1,0
156,13.440647,-72.894165,-14.66338163194827,-13.007142298052234,-14.771762553473526,,0.4157437298658042,,1,1,0
157,13.442446,-72.531502,-15.797827849912343,-14.255585929746509,-15.660012198575906,,0.14593997137536974,,1,1,0
158,13.446713,-73.248802,-0.0916227101135263,0.026516201081912882,,,,,1,1,0
159,13.470145,-71.632614,-0.16656767599516087,0.015241107121767072,,,,,1,1,0
160,13.477901,-72.437256,-16.16302321278659,-14.67883025202999,-16.158758722571214,-14.887113221032855,0.2672659827958288,0.2657710348995206,1,1,1
161,13.485679,-72.911011,-15.419604740930305,-13.820491939980771,-15.44030961315832,-13.892972892513583,0.31626408775419357,0.12153629178396663,1,1,1
162,13.495741,-72.362373,-15.846884482247672,-14.37359344892777,-15.704142419148091,,0.12668062548048908,,1,1,0
163,13.495896,-72.262009,-14.000763993624918,-13.708055980790059,-14.09740199185826,,0.12113613591520789,,1,1,0
164,13.507475,-72.317116,-15.54163590739737,-14.15545789923537,-15.598058585375545,-14.255355855490276,0.30687530667800544,0.20036418011186186,1,1,1
165,13.511337,-73.25885,-0.10029902206134444,-0.015242717358486146,,,,,1,1,0
166,13.525363,-73.061119,-15.563772357696772,-14.026292732784844,-15.55685183544399,,0.2759919866865701,,1,1,0
167,13.531955,-72.380341,-0.19249163751728027,-0.004561975650782202,-0.393825329830344,-0.050223434678668966,0.09032709356209168,0.05729602667712186,1,1,1
168,13.540397,-72.374336,-1.9349334866190766,-0.6872497251988019,-1.9265925446750956,,0.10007281858648298,,1,1,0
169,13.567612,-72.239929,-13.918930470271622,-13.615932016514156,-14.081125764056827,-13.705243744334775,0.18922277278443644,0.08178155475168758,1,1,1
170,13.59046,-72.508453,-13.552572051109948,-13.422262860489548,,,,,1,1,0
171,13.610954,-72.679138,-14.70154905709797,-13.98604470201817,-14.802031322730333,-13.934948605354416,0.2128750140926723,-0.03457383350517951,1,1,1
172,13.611973,-72.883247,-14.674907667876413,-12.908164906703444,-14.741419255773234,,0.39706002497988635,,1,1,0
173,13.620808,-72.742271,-0.5765016257670954,0.08168402185853729,-10.10006151381597,-2.207609464495116,0.10719183553049483,0.006344647715087248,1,1,1
174,13.627097,-72.570183,-15.179314546918333,-13.674281402905523,-14.938356791697954,,0.03499906509622086,,1,1,0
175,13.638384,-72.180771,-0.497379240590055,-0.32774110074862506,-12.087869655004322,-2.8991644535135617,0.27293079168643075,0.17962470498227745,1,1,1
176,13.648799,-72.665016,-13.806179045121924,-13.410909407862944,-13.864392929631482,-14.293844537994739,0.10421142338902811,0.8884373527877258,1,1,1
177,13.653195,-72.309631,-15.609410518175814,-14.01907812947436,-15.442570353161507,,0.12576815230827876,,1,1,0
178,13.65933,-72.601669,-15.850856736139887,-14.379409228986924,-15.88790114066193,-14.525729768932054,0.30604553621588515,0.1964299700269727,1,1,1
179,13.672227,-73.240891,-0.1247737124463324,0.16303275293621056,-0.2334509919888177,,0.031088914299683523,,1,1,0
180,13.672755,-72.237221,-13.142294590032103,-13.03210119809248,,,,,1,1,0
181,13.67278,-72.486137,-15.65356426188839,-14.130270124133634,-15.525729504965977,,0.15191607537023089,,1,1,0
182,13.673452,-73.128853,-14.476814925361445,-13.886837873426117,-14.963419791351013,,0.5726503090606574,,1,1,0
183,13.693553,-72.46489,-14.0003327888345,-13.667687643123239,-14.062070055270008,-13.7175836988509,0.0948773202850397,0.04548024193121414,1,1,1
184,13.699284,-71.76387,-15.222923629553062,-14.477405469396295,-15.179942265979008,-14.107939712332824,0.07510240285032843,-0.31930841376205343,1,1,1
185,13.699347,-71.414688,-0.13916702190681107,-0.004363482973962718,,,,,1,1,0
186,13.70945,-73.0466,-0.32704278546456145,0.003233648091923058,-0.6916725226825395,,0.12374857493897373,,1,1,0
187,13.712406,-73.099899,-15.55050059721773,-14.398149868340926,-15.535538423115739,-14.5247174876722,0.18785452645412626,0.1672381451565048,1,1,1
188,13.726891,-73.15094,-14.65074575170875,-13.187924292903158,-14.589887531533439,,0.20645668397362194,,1,1,0
189,13.761648,-72.768044,-0.6942850311132158,-0.047359648033800994,-0.9840858240149402,-0.3388498918986844,0.23076598654610692,0.27529355009724377,1,1,1
190,13.767206,-72.472443,-0.47783575322432625,-0.2683716526867652,,,,,1,1,0
191,13.784495,-72.567459,-13.53326570380456,-13.35190569937975,,,,,1,1,0
192,13.789353,-72.515457,-15.308798963684799,-13.69585662027183,-15.224947447253905,,0.21465859729887704,,1,1,0
193,13.79491,-72.45266,-13.127566350511147,-12.630890609909798,,,,,1,1,0
194,13.802364,-72.436417,-13.015762853505157,-12.651322962832184,,,,,1,1,0
195,13.803228,-72.51178,-15.326174676259647,-13.758544574249584,-15.204128830391062,,0.1669792379210655,,1,1,0
196,13.813378,-72.33728,-13.835446053505159,-13.64075531575457,,,,,1,1,0
197,13.841566,-71.789406,-0.13027855235063868,-0.06993458451577439,,,,,1,1,0
198,13.863108,-71.555687,-0.14372221957698272,-0.018534905542018976,,,,,1,1,0
199,13.865672,-72.729294,-12.884514278654859,-12.61148086563862,-12.906341608579298,,0.042531455630259174,,1,1,0
200,13.869121,-72.487114,-13.621739667876414,-13.553014778615438,,,,,1,1,0
201,13.875625,-72.480446,-15.554089157696774,-13.846537055068328,-15.568061270088135,,0.33208462133071137,,1,1,0
202,13.89679,-72.545395,-13.80520793134947,-13.481450788913584,,,,,1,1,0
203,13.924053,-72.303223,-15.73788334212791,-14.186675904384444,-15.603145662876987,,0.14986105723333765,,1,1,0
204,13.948352,-72.658638,-0.06324357266237612,0.03420594580618186,-0.20644287986508125,0.041565784769685976,0.047201214516524814,-0.016496899464044645,1,1,1
205,13.952626,-73.043114,-15.618037085840488,-14.133725034599799,-15.4829267666201,,0.13663093223393474,,1,1,0
206,13.972648,-72.196625,-0.5304782709402716,-0.39031771542390103,,,,,1,1,0
207,13.995879,-71.522568,-0.1451692930647468,-0.020698129175297453,-0.3545922381718487,,-0.010758693143039011,,1,1,0
208,13.998293,-72.175369,-15.797148070271623,-14.302416645953315,-15.847456742699565,-14.401673304224817,0.32373615142717327,0.17476009472899534,1,1,1
209,14.002332,-72.83284,-15.955299533744677,-14.37849945916203,-15.931003959417756,-14.56099958706767,0.26662651545075455,0.23145964071763991,1,1,1
210,14.004046,-72.460983,-15.309123744523122,-14.038292732784846,-15.220293558120247,,0.1386475919975556,,1,1,0
211,14.007276,-72.499931,-14.919071672666833,-13.87140928009436,-14.907645125756147,-13.93967133795928,0.16967997400471369,0.10562657153936073,1,1,1
212,14.018476,-71.629814,-0.20978211384304046,-0.007534682491113998,-0.7554397617544044,-0.3192106035819702,0.279781544497256,0.23024384997796332,1,1,1
213,14.029873,-72.470512,-13.521878398415339,-13.442146313180034,,,,,1,1,0
214,14.037303,-72.277908,-15.987534235541084,-14.315202195965133,-16.015076389489792,-14.411251349863171,0.33722352516350895,0.2125183930936121,1,1,1
215,14.045771,-72.44059,-15.663385052307554,-14.226717515418539,-15.543087481631709,,0.141537093952131,,1,1,0
216,14.057666,-72.04567,-0.531502815288798,-0.3357216909816554,,,,,1,1,0
217,14.061519,-72.42244,-16.013578134942282,-14.489717515418539,-15.85046621466265,,0.11684969045612448,,1,1,0
218,14.087205,-72.84552,-0.12026256276356406,-0.05025604321386545,-0.331131151978866,-0.04734250136565166,0.10082522528500881,0.013669952799423513,1,1,1
219,14.090327,-72.459961,-14.892821957696773,-13.863796517929194,-14.976610904778399,,0.26110145602097745,,1,1,0
220,14.094011,-72.476639,-12.553126973265638,-12.382510993471092,,,,,1,1,0
221,14.099992,-72.487503,-13.834930470271622,-13.531059791488124,-13.887686100943569,,0.07978310967117785,,1,1,0
222,14.10552,-72.471741,-14.729080985241684,-13.387416748168183,,,,,1,1,0
223,14.113846,-72.468483,-15.633202422367432,-14.064191223837849,-15.522319388178383,,0.17856360648682923,,1,1,0
224,14.115696,-73.507523,-0.12534024983507486,0.05599082484186191,-0.530359383483054,,0.1448281205990476,,1,1,0
225,14.127534,-72.231476,-0.803646188255021,-0.4614937847676668,-12.088623254028478,,0.1574506847507955,,1,1,0
226,14.128729,-71.77256,-0.16425516395522344,0.01527724195533331,-0.3155769604677161,0.027180209393609545,0.04804513540484123,-0.04750475891815675,1,1,1
227,14.129824,-72.152824,-0.5428390162724366,-0.3206004565832359,-12.025500389437882,-2.5983233386160673,0.3657330159462937,-0.12200583607992144,1,1,1
228,14.148048,-72.254349,-15.897274067876413,-14.468698717465394,-15.874494629494006,-14.676036311048659,0.23736899870065642,0.2537577057576996,1,1,1
229,14.159138,-72.310638,-0.5677120144388805,-0.3773592913871422,,,,,1,1,0
230,14.19015,-72.242996,-15.682758484642882,-14.142995571802818,-15.545585677535852,,0.14552892338920742,,1,1,0
231,14.200639,-71.179138,-0.16240411575088665,0.0030476368713650004,-0.4767669441491815,,0.04872801312750674,,1,1,0
232,14.242771,-72.521553,-0.13466602748474088,-0.05227740890202881,,,,,1,1,0
233,14.255295,-72.14254,-15.739078705002163,-14.247615802041809,-15.576230013185164,,0.10952489496666473,,1,1,0
234,14.264679,-72.334267,-15.812035945720726,-14.251251172858185,-15.69358189353833,,0.16846324717611694,,1,1,0
235,14.268831,-72.494507,-15.585520362487195,-13.919800226412386,-15.363336434220177,,0.0872866645046706,,1,1,0
236,14.270352,-72.241432,-15.936356166080007,-14.42645048226898,-15.792165483232424,,0.13239847279835537,,1,1,0
237,14.276385,-72.254517,-13.965196338535097,-13.788450788913584,,,,,1,1,0
238,14.299565,-72.369591,-0.22379167651818577,-0.02422660128904397,-0.5324165386425399,,0.09051753480570035,,1,1,0
239,14.311585,-71.504509,-0.12414149810181918,-0.03982298895775749,-0.4883898667583111,,0.0744134335261677,,1,1,0
240,14.338515,-72.110527,0.002899278374012937,0.04967998123738404,-0.4570417502863364,,0.13605360693992807,,1,1,0
241,14.347047,-72.02668,-0.04116938701877615,-0.005991406122458187,,,,,1,1,0
242,14.37155,-72.161362,-0.7765634424533268,-0.5004403856293234,,,,,1,1,0
243,14.385288,-72.100685,0.08696090686690638,0.10033217417019102,-0.45839471235294305,,0.18584472286061526,,1,1,0
244,14.391292,-72.070297,-1.1276885746682872,-0.620080264826175,-1.211326330845715,,0.01804911753601246,,1,1,0
245,14.408075,-72.058754,-0.23944159351793814,-0.006056673956909009,-0.588266545979355,,0.11747903037201013,,1,1,0
246,14.44261,-72.705765,-0.121076295385663,-0.053777129329313667,,,,,1,1,0
247,14.472133,-72.412888,-15.419608161289586,-14.039822783956163,,,,,1,1,0
248,14.472561,-72.083511,-0.12743884082183854,0.002352560758094313,-0.5051248232943024,,0.11383293369350689,,1,1,0
249,14.481763,-72.422295,-15.951216295421325,-14.380405469396296,-15.804504849030462,,0.14294597272812837,,1,1,0
250,14.487046,-73.562134,-0.4451331304401194,-0.22521960097453686,-0.6217420066857091,,-0.04842258394875287,,1,1,0
251,14.506239,-72.594238,-0.7248915549508972,-0.38567482530585373,-0.8607075117097693,-0.39911046034359643,0.12548648712435373,0.014080622953951405,1,1,1
252,14.507126,-72.326561,-13.807011428355457,-13.350759024237766,,,,,1,1,0
253,14.558781,-71.969238,-0.012451525661585805,0.01769572329025948,-0.46444816121518073,,0.15321939446446642,,1,1,0
254,14.596641,-72.359787,-0.41089627452417155,-0.44356718640146653,,,,,1,1,0
255,14.689378,-72.276627,-0.2807161321548062,-0.08968458752821817,-0.7342869022146861,,0.18891400860701602,,1,1,0
256,14.71651,-72.348312,-15.893715725361444,-14.28651825711518,-15.686284292811791,,0.0898140105214349,,1,1,0
257,14.722887,-72.360008,-0.08459923385017376,-0.26237391556195,,,,,1,1,0
258,14.727953,-72.849892,-0.09251564619471431,-0.03771569320938006,-0.515597704612988,,0.12638993741156312,,1,1,0
259,14.729435,-72.552078,-1.2551759987481699,-0.6087011269755429,-1.535723055894497,-0.9905254276409892,0.2775477609119097,0.34528794523424367,1,1,1
260,14.733524,-71.976097,-16.01188448224767,-14.538871658634347,-15.875428430299735,,0.13296663663213515,,1,1,0
261,14.739664,-72.288078,-15.982593148115935,-14.530916773721902,-15.923665858858147,-14.980554083380538,0.2060690520168933,0.4932784550976237,1,1,1
262,14.775518,-71.783722,-0.11873342480721583,-0.004796386303054234,-0.5368793929363491,,0.08925112007032432,,1,1,0
263,14.804474,-72.377014,-1.0550720353360354,-0.39453489881602444,-1.3704514510635981,-0.685385851218717,0.3038485612696391,0.24763772804413442,1,1,1
264,14.821316,-71.810242,-0.7236879162293466,-0.35901114279378454,-12.03019840373166,,-0.0016291345321199913,,1,1,0
265,14.872271,-72.330978,-15.571481023565038,-14.054886696996865,-15.486943637994198,,0.19394877606312377,,1,1,0
266,14.916991,-72.226891,-0.5043468215294169,-0.29646851752439574,,,,,1,1,0
267,14.925954,-72.163506,-0.192185663436657,-0.008582281719984763,-0.5674862109852494,,0.16138717079035736,,1,1,0
268,15.005334,-72.48336,-13.222988242726712,-13.062067361776814,,,,,1,1,0
269,15.007992,-72.017464,-0.5467839317060843,-0.2525336918440466,,,,,1,1,0
270,15.026778,-72.428185,-15.836020932547074,-14.206082144602163,-15.622907096235723,,0.08876873250824069,,1,1,0
271,15.054616,-72.334679,-0.09986460343457537,-0.021954623113986216,,,,,1,1,0
272,15.056647,-72.352814,-0.21505661646261487,-0.04998303175197272,-0.5695973409005806,-0.7636388428121919,0.12207588088626942,0.6666726607473432,1,1,1
273,15.098814,-72.631149,-0.30981574764937214,-0.02871631455759882,-0.5972517364980696,,0.10774943982457152,,1,1,0
274,15.138538,-72.563477,-0.24298712350411833,-0.03871408291710843,-0.597932176498789,,0.10820149540702673,,1,1,0
275,15.145673,-72.366623,-15.75206369182851,-14.192788947640498,-15.629609392066218,,0.16488455648244837,,1,1,0
276,15.154256,-72.690392,-0.20403094407141786,-0.046626899598296134,-0.5615175274444155,,0.13703018347989193,,1,1,0
277,15.201425,-73.687996,-0.06256384111603985,0.07641115532858755,,,,,1,1,0
278,15.210984,-72.48114,-13.373543164882404,-13.17189818019849,,,,,1,1,0
279,15.267479,-72.440582,-0.17996505633720794,-0.08778843933590252,-0.5627140289947175,-0.22173493213856688,0.3002209997813363,0.1441942873187685,1,1,1
280,15.302052,-72.268593,-0.09552137322997467,-0.03825855079747065,,,,,1,1,0
281,15.340866,-71.954842,-0.08025913712650024,-0.017767093520472343,,,,,1,1,0
282,15.444264,-72.437416,-0.19852673581299385,0.04674634896948149,-0.5404314751937989,,0.11923420695870846,,1,1,0
283,15.444664,-72.562927,-12.582017128954258,-12.493105008790545,,,,,1,1,0
284,15.456195,-72.095955,-0.893113043796534,-0.7772267461005757,-0.3268363586811649,,-0.7324509237726353,,1,1,0
285,15.554542,-72.939476,-16.003844003205753,-14.606337796764967,-16.034384507985553,-14.554423111378659,0.2841548101263367,-0.0008949041325081453,1,1,1
286,15.61304,-72.279282,-0.12078466382000919,-0.025288545180369937,,,,,1,1,0
287,15.645905,-72.505547,-15.482330700211746,-14.123221300562887,-15.323362858150409,,0.08684766088999218,,1,1,0
288,15.646989,-72.192581,-0.32839138885529984,-0.13455899308731212,-0.6987740283204698,,0.14787755678874603,,1,1,0
289,15.658785,-72.135178,-0.08148165804000662,-0.02684729871549152,,,,,1,1,0
290,15.664665,-71.832069,-15.672282240331505,-13.877540814658955,-15.499665748218135,,0.16362296293376666,,1,1,0
291,15.664685,-72.301323,-15.85368911937342,-14.322029561440784,-15.725443001213254,,0.15340172012050246,,1,1,0
292,15.666333,-72.190926,-14.628942254702762,-13.297619766062173,,,,,1,1,0
293,15.705051,-72.156441,-0.0740220702181329,-0.022818810092010366,,,,,1,1,0
294,15.727274,-72.545883,-0.16427872209552064,-0.0868955520454513,,,,,1,1,0
295,15.739019,-73.128609,-0.10736490979555313,0.08301983206549757,-0.5467806905186112,-0.1613920063662384,0.19561719374011233,0.22194224957118003,1,1,1
296,15.752757,-72.503365,-0.10737947091054423,-0.020385947080249878,,,,,1,1,0
297,15.771704,-72.154785,-15.735385052307553,-14.29884910109057,-15.570877437191188,,0.09732704951161075,,1,1,0
298,15.781884,-72.210083,-0.09259589836333149,-0.025582445832389666,,,,,1,1,0
299,15.787205,-71.930763,0.07176727294170604,0.16736414697439983,,,,,1,1,0
300,15.841267,-72.84407,-0.12726170495758637,0.022861357233496804,-0.5023160975675189,,0.10571517671111863,,1,1,0
301,15.856523,-72.042595,-0.354423420926155,-0.24129753874015947,,,,,1,1,0
302,15.898766,-72.283546,-0.13508695460321007,-0.019464767085279888,,,,,1,1,0
303,15.940762,-72.818794,-0.33429060250145604,0.0028537066540490486,-0.6439670569401521,,0.12369514406877435,,1,1,0
304,15.947997,-72.071434,-0.17461636807403202,-0.1301917222986546,,,,,1,1,0
305,15.954565,-73.712296,-0.12759102005245992,0.028813471499361754,-0.6437167489222251,-0.2211191279794189,0.24204303912460112,0.2045747211667983,1,1,1
306,15.977364,-72.827797,-12.678953655900367,-12.082462118792908,-13.419855280456135,,0.829054852057995,,1,1,0
307,15.993419,-71.90551,0.01725992059924053,0.041153875052158284,,,,,1,1,0
308,15.995159,-72.385849,-0.05883502990669598,0.07832893192813906,-0.6610348316647912,,0.3871162472412344,,1,1,0
309,16.024857,-73.818291,-0.09104711700198287,0.28380198134379064,-0.2534611638270565,,0.12520744906467485,,0,1,0
310,16.029622,-72.642746,-13.392710781648871,-13.252401965342836,,,,,1,1,0
311,16.050177,-72.978088,-16.018649780451263,-14.633627183028564,-15.858305700944653,,0.09031932763633321,,1,1,0
312,16.101214,-72.178276,-15.91856540200815,-14.46865360237784,-15.759373432453126,,0.10538281483342793,,1,1,0
313,16.113623,-72.547836,-0.12424459113163877,-0.021456780144706755,,,,,1,1,0
314,16.180614,-71.649818,-0.17763213601804573,-0.01790716721712471,-0.6859453680109038,-0.12308258945645001,0.2783215919101547,0.03825855196135919,1,1,1
315,16.197788,-72.044441,-15.831774637936295,-14.439886696996865,-15.744587517779372,,0.16537329297404568,,1,1,0
316,16.230061,-72.513527,-16.091896075062042,-14.47165736196847,-15.917850023683474,,0.12593951145299798,,1,1,0
317,16.24057,-72.385185,-0.11232892675815442,-0.015307109253861029,,,,,1,1,0
318,16.264754,-72.108932,-0.08398340951472427,-0.04684879337954939,,,,,1,1,0
319,16.297483,-72.724457,-0.11034309724596447,-0.045754195412337495,,,,,1,1,0
320,16.299472,-71.72628,-15.414908807996175,-13.72063480442469,-15.163734388033177,,0.06419796921587562,,1,1,0
321,16.382862,-72.763603,-0.06630463398390063,-0.004233345266575483,-0.5401995792340326,,0.19503129831265298,,1,1,0
322,16.445653,-71.772797,-0.06948114880537304,-0.039443973422677914,,,,,1,1,0
323,16.457567,-72.369637,-0.196867144329957,-0.029286233249129268,,,,,1,1,0
324,16.537387,-72.402466,-0.10378343958857172,-0.04067412366688217,,,,,1,1,0
325,16.553088,-72.631592,-0.10020961144337548,-0.062362616650727176,,,,,1,1,0
326,16.562863,-72.560211,-15.252271787636895,-13.677258845361745,-15.275198077719217,,0.31342682297377067,,1,1,0
327,16.563437,-72.591248,-0.1356362925328085,-0.06182728698261819,,,,,1,1,0
328,16.571746,-72.462975,-0.030762800132990265,0.01889078168086833,,,,,1,1,0
329,16.671322,-72.896004,-0.626130577681618,-0.07617528096345083,-0.6886672430455771,,0.1026001547246036,,1,1,0
330,16.791081,-73.498528,-0.13587757662665467,-0.019746442656675356,-0.5116456728699728,,0.1304063665631343,,1,1,0
331,16.823183,-73.22393,-0.25046727270843583,0.015103732596973174,0.14778389594497554,,-0.5641682541232562,,1,1,0
332,16.834747,-72.852707,-15.9860775648824,-14.42529644126804,-15.83538747001897,,0.13685953982442456,,1,1,0
333,16.846935,-72.442535,-0.08924408189700905,-0.019866025421871214,,,,,1,1,0
334,16.875432,-72.409515,-0.46109383961234407,-0.20094362290844714,-0.810365218198406,,0.1435665059114708,,1,1,0
335,16.897636,-72.276939,-0.10275347695503001,0.012002235011937756,-0.496201144090497,,0.11025913943841381,,1,1,0
336,16.956915,-72.214272,-0.09809659535148718,-0.020642109332424496,,,,,1,1,0
337,16.976536,-72.683044,-0.09458540889066391,-0.06163539632298942,,,,,1,1,0
338,16.982439,-72.673393,-3.0023140316451524,-1.5959246292642888,-2.9299691099897895,,0.13003749511101326,,1,1,0
339,17.022895,-72.14518,-0.09090749040505486,-0.0391170919494801,,,,,1,1,0
340,17.030683,-71.81395,-15.36881283673869,-13.7544956995714,,,,,1,1,0
341,17.048329,-72.521729,-0.012432307926339092,-0.7994070417665249,,,,,1,1,0
342,17.051814,-71.691063,-0.0931517052607056,-0.021652561793146674,,,,,1,1,0
343,17.061598,-72.624634,-0.11394944829572218,-0.006396032478351188,,,,,1,1,0
344,17.063286,-72.503166,-14.74647513134947,-13.744251479502791,-15.14979732021111,,0.5753652367231492,,1,1,0
345,17.121713,-72.45359,-15.648660233145877,-14.045548333840216,-15.476195424866882,,0.12393752101963784,,1,1,0
346,17.226705,-73.999603,-0.10930298462950816,-0.05324021186491379,-0.4900794364447858,,0.10203100817343902,,1,1,0
347,17.22848,-72.414505,-0.25522458707821016,-0.0851146953581221,,,,,1,1,0
348,17.314073,-72.275597,-0.238268392525379,-0.018131254983435596,-0.6456067218743424,-0.42893526923909775,0.17963177864086077,0.3554724010327206,1,1,1
349,17.321614,-71.556213,-15.689899495421324,-14.289037080622041,-15.539200336788104,,0.10375826048577252,,1,1,0
350,17.334506,-71.411934,-15.803411658295577,-14.288427873617767,-15.597291734794393,,0.07131234591721025,,1,1,0
351,17.354747,-72.260063,-0.10934536764313307,-0.032891322949383905,-0.4496381455805736,,0.08476643653776961,,1,1,0
352,17.629456,-73.466484,-0.15550059624300516,0.13376876401970783,-0.5145663024534741,,0.12514023255421947,,1,1,0
353,17.689535,-73.286728,-0.19401617947653804,-0.0408144297250157,-0.4832085292827202,,0.03271358273675595,,1,1,0
354,17.793628,-73.086525,-0.026019572139352576,-0.05471941947527803,-0.2613974037025866,,0.11537174295822084,,1,1,0
355,18.18153,-73.294205,-0.09311042634953992,-0.03264548198769468,,,,,1,1,0
356,18.234879,-73.533585,-0.09432840844193358,0.03803303556666826,-0.5720194873804871,-0.1927640056338067,0.2379248282755242,0.17643600327767217,1,1,1
357,18.263969,-73.205635,-0.20014298374987938,-0.0834896996015555,-0.5062471536981441,-0.645673087458583,0.06964830892778551,0.5768367348081647,1,1,1
358,18.325872,-73.363472,-0.4412903914615036,-0.20813931602197222,-0.775528426369041,,0.17036370462211536,,1,1,0
359,18.409569,-73.278755,-0.12428294836258402,-0.1262875675982862,-0.31436594759188097,-0.03122398754409872,0.07726795979145606,-0.047429904065849016,1,1,1
360,18.6571,-71.876244,-0.14592528321050935,0.03312692285093277,-0.45003694355028934,,0.02493088686133582,,1,1,0
361,18.69335,-73.35096,-0.6838896479361445,-0.059120578220232645,-0.8767761494574309,,0.09946342753220172,,1,1,0
362,18.752301,-73.799683,-0.19842679290575838,0.028272549164052307,-0.48477975553985253,,0.08570677259423043,,1,1,0
363,18.756336,-73.666168,-0.12762638884638378,0.08865069548605575,-0.41940309305531365,,0.1251957276626765,,1,1,0
364,18.861405,-73.337494,-15.655104170870427,-14.013205904448329,-15.607303562441631,-14.227926841605646,0.25534663104947875,0.3438871795407188,1,1,1
365,18.869048,-73.260292,-0.09986602608208628,0.9881000065976799,-0.21762805933167684,,0.25145334190960433,,0,1,0
366,19.104533,-73.146667,-15.712173536139888,-14.066175878830727,-15.429075337148092,,0.021102932702047994,,1,1,0
367,19.219859,-73.216873,-15.925592007996174,-14.395939075728506,-15.71242503234981,,0.06700541353250777,,1,1,0
368,19.275741,-73.647217,-0.15438496118260225,0.08474525986194337,-0.4980384832577176,,0.12664053411744014,,1,1,0
369,19.3377,-73.595901,-0.09749426252433935,0.15761115965236172,-0.30189976103249627,,0.11268120462635345,,1,1,0
370,19.345612,-73.35466,-0.10170474586336908,-0.2576480391992124,-0.6020522066126688,-0.22746011949845268,0.16234572869173824,0.006660406395655016,1,1,1
371,19.363246,-72.677254,-0.0762411999903474,-0.010455927806669152,-0.24249338042499247,,0.0017385411741184242,,1,1,0
372,19.417553,-73.202896,-0.08195875031501032,-0.12250261701057319,,,,,1,1,0
373,19.435629,-73.481575,-0.556998165028018,-0.25577444133012506,-0.8940515281512447,,0.11402037546272581,,1,1,0
374,19.470878,-73.62368,-0.9686132864437447,-0.5362893382054565,-1.2050340354229068,,0.16965304118077462,,1,1,0
375,19.917681,-73.335297,-16.122605881050067,-14.594130917065476,-15.948005477228902,,0.10578276380082308,,1,1,0
376,19.928189,-73.5327,-0.15577437706646968,0.0504009767209439,-0.5807964642954104,-0.2252327104167442,0.19371556623807962,0.20975474870552624,1,1,1
377,68.923506,-72.361092,-0.07284307243801003,-0.008589138702484789,,-0.23925177533141628,,0.22837670391770182,1,1,0
378,69.807742,-71.735428,-0.11286676654062333,0.3557524251659725,,,,,0,1,0
379,70.332642,-70.115997,-0.3026138120585191,-0.16793120160360964,,-0.4397331141240528,,0.2185997864859015,1,1,0
380,70.510723,-70.524918,-15.07399774691833,-13.738585929746508,-15.080529842576318,-13.9068729715516,0.24728891597458613,0.21614455056682935,1,1,1
381,70.779561,-70.458649,-0.08781456851682101,0.04641980594744233,,,,,1,1,0
382,70.956826,-69.304626,-0.10297588529963164,-0.018446111625681993,,,,,1,1,0
383,71.327625,-69.27739,-14.146083073864439,-13.828281454012957,-14.587338140818515,-13.864722285816029,0.47060110882756057,0.07543439494311777,1,1,1
384,71.40502,-70.251076,-1.1227819569360094,-0.7494358556557756,-0.9016224895975551,-0.5022977617591184,-0.35610101306892084,-0.24400646432294515,1,1,1
385,71.533928,-68.915482,-0.023475675626670522,0.056914381288851956,-0.5658532653200954,,0.2260142087252479,,1,1,0
386,71.888462,-69.242455,-0.1680862756236987,-0.13642972808524867,,,,,1,1,0
387,71.975142,-69.179344,-0.14776419410930508,-0.11455916445891923,,,,,1,1,0
388,72.030049,-69.468002,-0.08094170481494167,-0.07723363131594496,1.4153167494861094,-0.05780024024450725,0.009188027882878202,-0.08552873792212701,1,1,0
389,72.255617,-68.976868,-0.12259288952839675,-0.10429756780307109,-0.38094981066998734,,0.09624849230389287,,1,1,0
390,72.268664,-68.907272,-0.1622804555615911,-0.0970712618096119,,,,,1,1,0
391,72.30168,-69.456535,-0.0019431918894294853,-0.08269895081184764,,,,,1,1,0
392,72.306186,-69.787003,-15.232965440331505,-13.607191172730417,-15.100607124194894,-13.691910400407627,0.16868113891052516,0.1376076244944997,1,1,1
393,72.329389,-69.431839,-0.17413195734611087,-0.0703996423162323,,,,,1,1,0
394,72.47404,-69.754547,-13.8997860391339,-13.241796671251496,,,,,1,1,0
395,72.485769,-69.755859,-13.652283188834499,-12.81258618528368,-14.753590769376482,,1.240047634391514,,1,1,0
396,72.513294,-68.259689,0.6818933523758854,0.4433825419942625,,,,,0,1,0
397,72.569551,-69.969131,-13.735624122966236,-13.381127464119452,,,,,1,1,0
398,72.572915,-69.397163,-0.0668973404221429,-0.057638432083926716,,,,,1,1,0
399,72.593866,-69.332047,-0.13541694339980737,-0.17586991641068295,,,,,1,1,0
400,72.654389,-69.99234,-13.45326570380456,-13.27225158171766,,,,,1,1,0
401,72.662716,-69.983589,-14.451299533744676,-12.8765634744176,-14.736995497771948,-13.52811888773864,0.5766180538049479,0.6742105685854316,1,1,1
402,72.667214,-69.712425,-0.188541842940678,-0.0676453299169637,,,,,1,1,0
403,72.732719,-69.431274,-0.06250492174188338,0.1605994846345311,,,,,1,1,0
404,72.782142,-70.277702,-0.17994771482965,-0.08524271735848465,,,,,1,1,0
405,72.806542,-69.194733,-0.16194280958307594,-0.11218574216289845,,,,,1,1,0
406,72.810664,-68.962128,-0.14159116286162998,-0.10325382240213088,,,,,1,1,0
407,72.937831,-69.504936,-0.16636356695665988,-0.13366521697765243,,,,,1,1,0
408,72.937915,-69.77256,-0.15095664058112668,-0.0999673918753139,,,,,1,1,0
409,72.941734,-68.886284,-0.15579113278778145,-0.08192053072794714,,,,,1,1,0
410,72.976371,-69.024078,-0.14391290488626396,-0.12293817942214069,,,,,1,1,0
411,73.033181,-66.818192,-0.1644350479985519,-0.013782069680200237,,,,,1,1,0
412,73.039665,-70.505318,-0.1798086448009748,-0.09130967725548089,,,,,1,1,0
413,73.073257,-66.912819,-0.19894983060207672,-0.016619246662219922,,,,,1,1,0
414,73.080188,-69.078506,-0.06591844629575405,0.03442263001944035,,,,,1,1,0
415,73.222376,-67.095154,-0.18311550134099797,-0.1299884305129364,,,,,1,1,0
416,73.245894,-69.880737,-0.11201888407825322,0.04613551126699278,-0.6416208408685389,-0.29983511549053077,0.25531929775293705,0.2854860698718138,1,1,1
417,73.291444,-66.960022,-0.09592335230309246,-0.05248421762134825,,,,,1,1,0
418,73.297462,-68.648354,-1.1669006925030896,-0.792608854352908,-1.5522886103543883,-1.293841983087077,0.3913582991352911,0.5156694983474743,1,1,1
419,73.355576,-68.916763,-0.1769839464458247,-0.10707530874397087,,,,,1,1,0
420,73.394164,-67.078598,0.05622498220605188,-0.00976389512665321,,,,,1,1,0
421,73.404957,-69.718651,-0.21382894476679937,-0.11584719623402329,,,,,1,1,0
422,73.422152,-69.073898,-0.13833049047934765,-0.09986700999655618,,,,,1,1,0
423,73.512351,-69.834541,-0.16184345474436235,-0.0885946312061936,,,,,1,1,0
424,73.523972,-69.765968,-0.1591562717782864,-0.10367965618266517,,,,,1,1,0
425,73.566326,-66.301208,-0.1269224187062683,-0.11873436850306263,,,,,1,1,0
426,73.573663,-67.093658,-13.091739667876414,-13.022304215986471,,,,,1,1,0
427,73.59903,-70.901611,0.481383614571099,0.3206258285956203,,,,,0,1,0
428,73.645546,-66.646965,-0.9289800800664256,-0.4932986925146672,,-1.2136980843265608,,0.721045588366751,1,1,0
429,73.672778,-69.4366,-0.1814918080229191,-0.15396472139222084,,,,,1,1,0
430,73.678207,-69.285744,-0.14093248985528284,-0.08321357820346265,-0.31615316612643873,,0.10585057821606014,,1,1,0
431,73.691707,-68.962776,-0.021176026492184974,-0.02001166077897132,,,,,1,1,0
432,73.708893,-66.939491,-0.1442962754037893,0.02857319409885939,,,,,1,1,0
433,73.738997,-66.752464,-0.1395729786682285,0.030140607296814892,,,,,1,1,0
434,73.764138,-68.222588,-0.1495171829802011,-0.06810858382416995,,,,,1,1,0
435,73.770646,-69.798615,-0.1507297596729682,-0.06946701886510986,,,,,1,1,0
436,73.7762,-67.475845,0.2784902226274415,0.4700266857836972,,,,,0,1,0
437,73.790355,-69.486183,-0.14696277005914382,-0.04281194349366757,,,,,1,1,0
438,73.83998,-67.436485,0.15495809547331163,-0.045779156273466626,,,,,1,1,0
439,73.887955,-67.338417,-0.14424391215213106,-0.07168118413280311,,,,,1,1,0
440,73.919471,-69.87233,-0.1909020759238409,-0.10855456073577052,,,,,1,1,0
441,73.970039,-69.706245,-0.16508576638906547,-0.0742513989454352,,,,,1,1,0
442,73.974836,-66.416481,-0.11936665914251421,0.057339469087631656,,-0.32793276323146436,,0.39474155910558295,1,1,0
443,73.978905,-69.725128,-0.1836900444830043,-0.09170741892507905,,,,,1,1,0
444,74.058839,-67.413483,-0.14321959168140808,-0.055860441798651905,,,,,1,1,0
445,74.063274,-66.20369,-0.061015685362038496,0.05079033497607277,,,,,1,1,0
446,74.073144,-66.305267,-0.06823676344408725,-0.05402699495733643,,,,,1,1,0
447,74.108788,-69.673508,-13.264791739732702,-12.970853014003502,,,,,1,1,0
448,74.114236,-67.933502,-0.15454708767701142,-0.09094672755951905,,,,,1,1,0
449,74.114566,-69.379623,-0.050043460687813734,-0.024480820990579133,-0.5138431864696624,,0.24124129471535483,,1,1,0
450,74.118794,-69.711594,-0.16331809779572914,-0.09191004030652294,,,,,1,1,0
451,74.127341,-66.302498,-0.09594686610526715,-0.09543509796814575,,,,,1,1,0
452,74.145976,-66.875214,-0.1138300481085075,0.048014952704489744,-0.272978054147627,,0.06790332464450088,,1,1,0
453,74.147677,-68.25647,-0.12065129058632884,0.005424021896773823,-1.2673813903460687,-0.37541406051244586,0.8681166323639218,0.3278416444732386,1,1,1
454,74.163857,-67.330376,-0.14238247294617423,-0.06707634875679958,,,,,1,1,0
455,74.166683,-69.698967,-0.23753485641744376,-0.1105024099962506,,,,,1,1,0
456,74.182526,-67.488174,-0.13844616911710617,-0.10551607836689847,,,,,1,1,0
457,74.213229,-66.530151,-0.07548305277708067,-0.08011134569338019,,-0.002900762703529125,,-0.04552650419572579,1,1,0
458,74.227917,-67.086021,-0.15912738478997923,-0.0626954452402142,-0.2977299161501321,,0.014823177375227203,,1,1,0
459,74.231543,-67.486946,-0.03000340976435112,0.31784365948324655,-0.5451841611926564,-0.0462968177914167,0.29111653590095976,0.2683940577592612,0,1,1
460,74.257486,-67.995209,-0.8657627114567461,-0.4549934263792661,-1.0601121965806009,,0.047003566996744794,,1,1,0
461,74.284954,-67.046066,-0.13854708767700963,-0.023387588607215903,,,,,1,1,0
462,74.286438,-66.866669,-0.055879686360537306,0.08581409284758301,-0.5904278747601239,-0.2002133370061916,0.2348943600383553,0.22519164139754366,1,1,1
463,74.290445,-67.022011,-0.16287868904994873,0.035379610804824324,,,,,1,1,0
464,74.295525,-67.340118,-0.16015082051901786,-0.04751237892768323,,,,,1,1,0
465,74.320065,-68.410988,-0.12670502163935993,-0.19510872631772003,,,,,1,1,0
466,74.353067,-68.844727,-16.767645219972223,-15.090469280222125,-17.653829747688516,-16.027368943100583,1.1975521264760047,1.0117323142618773,1,1,1
467,74.420186,-66.786026,-0.13107015002675126,0.058662577784808434,-0.58839400895239,-0.26627847425527484,0.21503123074469066,0.27225818062572493,1,1,1
468,74.432613,-66.857719,-0.15219916402654654,-0.012484798957492771,,,,,1,1,0
469,74.434938,-69.521049,-0.1958089842907338,-0.09884178633904561,-0.12843689589832508,,-0.1570014990877322,,1,1,0
470,74.437683,-65.708374,-0.2132450499896077,-0.024729778231909805,,,,,1,1,0
471,74.445788,-69.215889,-0.13385308037251242,-0.04238404511353977,-0.6496178737380482,,0.20051336021388266,,1,1,0
472,74.447295,-69.391327,-13.292572051109948,-13.162909510077814,-13.691254277612027,-13.363003717781005,0.389877370171968,0.18010659754431657,1,1,1
473,74.467946,-69.392502,-1.1639662866071898,-0.9927861250866759,,,,,1,1,0
474,74.489212,-69.538612,-0.17668949923107213,-0.11722926914889875,,,,,1,1,0
475,74.512659,-68.906418,-0.14229902206134248,-0.08145389592129426,,,,,1,1,0
476,74.523225,-69.454338,-0.5010378283673429,-0.8523409190094462,-1.192227401461519,,0.4093127881646925,,1,1,0
477,74.527298,-67.241653,,,,,,,1,0,0
478,74.537554,-67.306412,-0.13949163827804156,-0.04479725258764233,,,,,1,1,0
479,74.565514,-70.532059,-13.246733967277612,-12.812067361776815,,,,,1,1,0
480,74.636575,-70.346024,-1.1306105871198096,-0.6880364724592134,,,,,1,1,0
481,74.668893,-70.527405,-0.1619612063379492,-0.09853382722458193,,,,,1,1,0
482,74.676973,-69.690598,-0.13494917251973249,-0.0690289197252767,-0.5908593187507751,,0.09309775162760303,,1,1,0
483,74.714423,-67.052444,-0.1130844144685863,0.0017609286553135206,,,,,1,1,0
484,74.717101,-69.425728,-0.14872519391614425,-0.07189256534057265,,,,,1,1,0
485,74.834295,-68.843079,-0.15803344443248335,-0.09642752536147015,-0.16446806141277293,,-0.13228141451809172,,1,1,0
486,74.921413,-69.4561,0.5410899890974772,0.5077227893349114,-0.757148587960188,,1.0058190344673257,,0,1,0
487,74.931386,-68.523003,-0.17899512321882938,-0.07989297967447229,,,,,1,1,0
488,74.952992,-67.818863,-0.14538771768250847,-0.0747730135048208,,,,,1,1,0
489,74.964046,-70.222679,-0.19473411966762022,-0.10308568114189143,,,,,1,1,0
490,74.998596,-67.085793,-0.18752767245286606,-0.06570645012036636,-0.21601680501080267,,-0.09089246606921719,,1,1,0
491,75.031533,-68.449997,0.41702101217292054,0.09496536320193982,,,,,0,1,0
492,75.04305,-67.152191,-0.14301192023521914,-0.010990907128443084,,,,,1,1,0
493,75.133394,-67.940735,-0.14176402436442892,-0.0508396370406885,,,,,1,1,0
494,75.136946,-70.496994,-0.19092656613944214,-0.11859014983725125,,,,,1,1,0
495,75.158007,-67.764633,-0.1599130746311399,-0.04574868303588531,,,,,1,1,0
496,75.206093,-68.119324,-0.6793674249677011,-0.36896435600684185,,,,,1,1,0
497,75.206554,-68.434021,-0.14131809779573246,-0.07384804268452605,,,,,1,1,0
498,75.209047,-69.642174,-0.17536271823227878,-0.10526305435712757,,,,,1,1,0
499,75.229871,-66.637321,-1.205917285992042,-0.6586802582300084,,,,,1,1,0
500,75.24744,-66.644096,-0.1042765635064935,-0.036078814276947924,,,,,1,1,0
501,75.255055,-66.10524,-0.12815805409950265,0.04789015128866403,,,,,1,1,0
502,75.343363,-70.258026,-0.17253993972972737,-0.1302934785386558,-0.15944321963677588,,-0.10251343459257889,,1,1,0
503,75.380222,-66.954361,-0.09732303601656334,0.11391945277131832,,,,,1,1,0
504,75.386393,-68.220688,-0.15925440162479632,-0.07414668981984285,,,,,1,1,0
505,75.461606,-69.414696,-0.14587301995142,-0.06536142506171672,0.5955559621504367,,-0.8314829134828585,,1,1,0
506,75.480705,-70.525101,-1.7924969522198868,-0.6276148125645502,-1.8695706311853826,,0.1926509427623806,,1,1,0
507,75.508911,-70.1511,-0.19197643131231956,-0.12767086307026787,,,,,1,1,0
508,75.57528,-66.10759,-13.837272736139889,-13.21518380687146,-13.880945497742804,,0.1366738932967575,,1,1,0
509,75.744805,-65.93792,-0.1751302502689498,1.0673639931575476,,,,,0,1,0
510,75.767477,-70.950439,-0.1936700840069321,-0.10781676327512102,,,,,1,1,0
511,75.783619,-66.230949,-0.5347906656089894,-0.6715677774223359,-1.0636106027641112,,0.37695492223400784,,1,1,0
512,75.792006,-70.16497,-15.744353885840486,-14.090416748168185,-15.661758236428822,-14.242694100666709,0.22434560204265708,0.20229095614121206,1,1,1
513,75.849929,-68.925583,-0.17294213060356256,-0.0968030700905178,,,,,1,1,0
514,75.936254,-69.100464,-0.12907037166981894,-0.09783642755150979,,,,,1,1,0
515,75.951584,-66.133018,-0.11173702018915499,0.013707736720592223,-0.5319337272212685,,0.09038883440209666,,1,1,0
516,75.956276,-68.934052,-1.1562380342483838,-0.7748154849746172,,,,,1,1,0
517,76.021395,-69.018661,-0.17702223996301214,-0.11971566140282341,,,,,1,1,0
518,76.04151,-67.330482,-0.19352112992898185,0.21524919684907218,,,,,0,1,0
519,76.051742,-67.416496,-0.03572443610273801,0.05753276739456936,,,,,1,1,0
520,76.059927,-66.431381,,,,,,,1,0,0
521,76.064453,-69.026779,-1.317301996352958,-0.6028016291571294,-1.1953811748265881,-0.8213886536339601,-0.13819915967695806,0.19288697016747136,1,1,1
522,76.149149,-68.748634,-0.10081981325315326,0.05600966489712178,,,,,1,1,0
523,76.167037,-68.949463,-0.9279082910350578,-0.9573660711149223,-0.9821858937681949,,-0.0667380954368646,,1,1,0
524,76.209054,-68.13121,-0.012727013776178353,0.016130753993593316,,,,,1,1,0
525,76.217287,-69.062897,-0.1199849732359155,-0.06593871611024582,-0.22405503361064483,,-0.042334415574703854,,1,1,0
526,76.229829,-68.551895,-0.1576265180569436,-0.07759811458710608,,,,,1,1,0
527,76.229918,-68.967377,-0.10686041318480477,-0.024381024817326846,-0.47507245399788367,,0.23815466223218706,,1,1,0
528,76.304923,-68.553238,-0.14486760547020872,-0.09970062357350962,,,,,1,1,0
529,76.336289,-70.741852,0.35869505873983165,0.07565107653388026,,,,,0,1,0
530,76.341489,-67.120789,-0.1853381912386194,0.006292296087829996,,,,,1,1,0
531,76.371157,-68.965065,-0.058096213805892916,-0.020064397262656186,-0.35130546607364366,,0.19386136884046934,,1,1,0
532,76.424819,-67.751686,-0.13145911385195674,-0.009910650559385559,,,,,1,1,0
533,76.474828,-68.180702,0.1989161121209122,0.03649821370860806,,,,,1,1,0
534,76.492217,-70.534889,-0.02123286306816219,-0.12274223749744628,,,,,1,1,0
535,76.536993,-71.25724,-0.4411577423062134,-0.14385381375458195,,,,,1,1,0
536,76.568824,-68.368561,0.011138971050201008,0.06273415481829936,-0.05548121802537764,,-0.2863870852473287,,1,1,0
537,76.580081,-71.470123,-0.2491495527102181,-0.024133036647310036,,,,,1,1,0
538,76.595263,-69.819595,-0.21222432718311346,-0.1651181209056034,,,,,1,1,0
539,76.614421,-68.511215,-0.230546917932136,-0.18515918005347487,,,,,1,1,0
540,76.614966,-68.364449,-15.743603600810545,-14.071721275009168,-15.643481146431771,,0.21061280905159663,,1,1,0
541,76.63928,-68.363991,-2.5514004042101934,-1.1961907114304964,-3.5421185653073834,,1.2287053979999687,,1,1,0
542,76.68745,-68.346352,-0.07208610587882092,-0.0005721960166251705,,,,,1,1,0
543,76.690052,-68.986404,-0.14227977658208069,-0.06547395671022471,,,,,1,1,0
544,76.693142,-69.049408,-0.12967655297470237,-0.06909683497498342,,,,,1,1,0
545,76.69987,-70.037064,0.5474468805552597,0.43698905864270543,,,,,0,1,0
546,76.782532,-68.888756,0.6974558063067313,0.5685975735851923,,,,,0,1,0
547,76.814063,-70.200775,-0.17148972674626783,-0.09964484669292872,,,,,1,1,0
548,76.816581,-68.883507,0.1655351029590868,0.13522978396844465,,,,,1,1,0
549,76.828802,-68.427116,0.015196642751959644,0.11173027291211035,,,,,1,1,0
550,76.833749,-70.454239,-0.8319335000037213,-0.5025227560388732,,,,,1,1,0
551,76.871172,-68.311821,-0.11629767014086667,-0.03828240241172409,,,,,1,1,0
552,76.878954,-65.3396,0.02021770656973132,0.045719849368104803,,,,,1,1,0
553,76.938948,-69.162407,-15.082271787636895,-13.507954369628195,-15.034827870216374,,0.24305661547092683,,1,1,0
554,76.976827,-69.458702,-0.16602663597495493,-0.08804769750042851,,,,,1,1,0
555,76.977897,-68.676727,-0.16484294550973289,-0.11013537076927626,,,,,1,1,0
556,76.998653,-66.655083,-0.13815399153876662,-0.012919922526464234,,,,,1,1,0
557,77.004271,-67.097099,-0.7670907197300263,-0.6200149301529603,,,,,1,1,0
558,77.02987,-66.98938,-0.19979549354319381,-0.10859790289816651,,,,,1,1,0
559,77.076109,-68.779739,-0.2794284070036177,-0.0012956322450285995,,,,,1,1,0
560,77.160077,-67.785843,-0.12856857661773802,-0.0033971055493111635,,,,,1,1,0
561,77.242485,-68.48764,-0.013250040869387192,0.0968344745329226,,,,,1,1,0
562,77.286327,-68.985405,-0.18319771967356324,-0.10156908463955361,,,,,1,1,0
563,77.333966,-70.457497,0.49650266944398247,0.27345014311221405,,,,,0,1,0
564,77.357488,-70.553963,-0.16400616626425268,-0.09258013390114606,,,,,1,1,0
565,77.366182,-68.85215,-15.379159663085995,-13.739138538461603,-15.259079438127728,,0.183910128292462,,1,1,0
566,77.418324,-71.04985,-0.11295341086388788,0.12040966735187197,,,,,1,1,0
567,77.472865,-68.612206,-0.129016655736919,-0.04852830375277328,,,,,1,1,0
568,77.504119,-68.902481,-0.1811860059694581,-0.12155376334132129,,,,,1,1,0
569,77.527956,-67.315636,-0.18353960551775472,0.0011310302033091801,,,,,1,1,0
570,77.544668,-68.243187,-0.05403581558298498,0.08042740747082888,,,,,1,1,0
571,77.579111,-65.274826,-0.05637629461301508,-0.07268621765457439,,,,,1,1,0
572,77.660807,-69.715027,-18.321557421169828,-16.35729628794574,-18.01304788722164,-16.327606863188315,0.0622975857696062,0.06009215113392585,1,1,1
573,77.770308,-70.243507,-0.1976639462080847,-0.10671578896485734,,,,,1,1,0
574,77.773078,-68.018791,,,,,,,1,0,0
575,77.904951,-69.304825,0.6628841384860475,0.16807834683978307,,,,,0,1,0
576,77.946825,-69.4328,-18.221381631948272,-16.563973065366472,-20.20817510441484,-18.86248298352801,2.2941562808071154,2.3669221981216815,1,1,1
577,77.960234,-69.351288,-0.1371951014658137,-0.043431583352534275,-0.08145580706062283,,-0.15942583154241774,,1,1,0
578,77.964982,-70.576408,-0.1668140592821885,-0.07527990565688114,,,,,1,1,0
579,77.966916,-67.166054,-0.20234796495372187,0.03831070862379171,,,,,1,1,0
580,78.028352,-67.198875,-0.18007557962809706,0.06794663653422006,-1.7027112432913896,-0.9479485629357516,1.4770470923809533,1.0121592736681109,1,1,1
581,78.141871,-65.826668,0.04046982342980954,0.3511041831067896,,,,,0,1,0
582,78.197533,-69.23555,-0.13448622379683073,-0.0913208135338266,-0.4252922559604606,0.30424182060670724,0.19473210107980243,-0.37392278251263456,1,1,0
583,78.22591,-69.236984,-0.18311567108587568,-0.0940037850972395,-0.32728210579528216,-0.0608666271676519,0.054036664930759315,-0.025823086325027944,1,1,1
584,78.285377,-70.139542,-0.1256141087316749,0.022140293087751672,,,,,1,1,0
585,78.316665,-67.296463,-0.15222809834846984,0.032307975937907685,,,,,1,1,0
586,78.319998,-69.556137,-14.589046206798571,-13.689582221263313,,,,,1,1,0
587,78.37822,-69.539902,-0.03058052910581388,-0.4829674832614277,,,,,1,1,0
588,78.42998,-68.964081,-0.04270102807016585,0.06002715791237634,-0.5163075708908469,,0.16288885111912776,,1,1,0
589,78.454106,-67.446625,-0.12802371957252667,-0.03208608848319017,,,,,1,1,0
590,78.471043,-67.376289,-0.44665220176446674,-0.06659930617611742,,,,,1,1,0
591,78.473614,-67.063515,-0.44311188708266513,-0.8288547606351813,,,,,1,1,0
592,78.507998,-67.451942,0.001130654264414943,-0.003458011745792078,,,,,1,1,0
593,78.518418,-67.264061,-0.1213091780827984,-0.04380982311202608,,,,,1,1,0
594,78.546107,-69.543488,-0.09473508400395936,-0.26246950452460105,,,,,1,1,0
595,78.56421,-68.978951,-0.10496750480008465,-0.06314839795761706,-0.4323283255636028,,0.1816585909421793,,1,1,0
596,78.578573,-67.263702,-0.1564479295188832,-0.05894869439091366,,,,,1,1,0
597,78.870786,-66.810394,-0.19974355764922436,0.3220458069512375,,,,,0,1,0
598,78.901303,-69.431702,-15.537565402008152,-14.08806715734708,-15.478686887831607,,0.20569627021190762,,1,1,0
599,78.933622,-68.991867,-0.14912040658757775,-0.08423038949113604,-0.07386826368428778,0.04779301019510385,-0.18147098515733084,-0.13476070206564827,1,1,1
600,79.075968,-67.240059,-0.10463002932720755,-0.06114056692392822,,,,,1,1,0
601,79.170383,-69.656197,-16.993330700211743,-15.632875367117542,,,,,1,1,0
602,79.386792,-69.752083,-0.1743927926739648,-0.07276068563747451,,,,,1,1,0
603,79.434664,-69.342567,-0.09807493742664342,-0.01874611708564622,,,,,1,1,0
604,79.554313,-69.874611,-0.17528870233355498,-0.08344440116991869,,,,,1,1,0
605,79.557173,-68.49041,-0.07147116780657647,0.0807797689385179,,,,,1,1,0
606,79.579719,-68.718452,-0.18925579560111316,-0.09361250036670477,,,,,1,1,0
607,79.593344,-69.545151,-12.912988242726714,-12.7523079755771,,,,,1,1,0
608,79.594847,-69.488861,-0.041328247778643856,0.004244134143982947,,,,,1,1,0
609,79.604903,-69.686317,-0.1639666208191617,-0.07442451384263471,,,,,1,1,0
610,79.712597,-72.120125,-0.15816784947252494,-0.031150297911594294,,,,,1,1,0
611,79.815808,-68.934425,-0.08499321168705265,-0.04059466247954724,,,,,1,1,0
612,79.846065,-65.858719,,,,,,,1,0,0
613,80.009071,-68.063393,0.013528549118875688,0.06169248982557818,,,,,1,1,0
614,80.035374,-68.918663,-0.13004676619590327,-0.07714454929885584,,,,,1,1,0
615,80.095831,-69.038193,0.7963428075697152,0.3228886901772885,,,,,0,1,0
616,80.105058,-69.498871,-0.1377733256229554,-0.032394651124521445,,,,,1,1,0
617,80.180023,-69.487755,-0.10581355004755366,0.06635168337815323,,,,,1,1,0
618,80.265148,-68.048332,-0.20041326842321006,-0.009252151958445864,,,,,1,1,0
619,80.313532,-69.444946,-0.06710872362298304,-0.3593891588874154,,,,,1,1,0
620,80.325135,-69.513069,-0.28354754277871486,-0.41783716946916094,,,,,1,1,0
621,80.325806,-66.908684,-0.1443829393642062,0.012216930546996352,,,,,1,1,0
622,80.54487,-69.096001,-0.14228887207842966,-0.06017392438492131,,,,,1,1,0
623,80.574008,-69.353386,-0.12362968983745581,-0.061362006397860824,,,,,1,1,0
624,80.590077,-69.404907,-0.08951142900923337,-0.03233340624892733,,,,,1,1,0
625,80.629679,-65.371346,-0.04587043547867786,0.03827038440097752,,,,,1,1,0
626,80.637892,-68.277718,-0.1393826426910536,-0.05499227244569482,,,,,1,1,0
627,80.648671,-68.899925,-0.1633010950171716,-0.04719028394985436,,,,,1,1,0
628,80.743821,-65.801697,0.010281572485538959,0.019340192917324472,-0.15650439057445809,,0.06449310902802452,,1,1,0
629,80.802722,-68.781891,-0.14472938416591852,-0.04496072818853847,,,,,1,1,0
630,80.84795,-69.656616,-0.18897618197278732,0.06886537319975616,,,,,1,1,0
631,80.906945,-68.777267,-0.06045736450499284,0.01673775150943868,-0.377142408807865,,0.03444406072353878,,1,1,0
632,80.984144,-65.937645,-0.09411629212865336,-0.06662144558849015,-0.5637800259397849,,0.19617990589565615,,1,1,0
633,80.987903,-69.777115,-2.9484467145116895,-2.5753975798925683,-14.692435396058753,-5.052983918349337,0.13820461837009645,0.006467013002104949,1,1,1
634,80.988021,-69.776245,-2.024984343254207,-1.3971458917501298,-13.760695983301575,-4.041752340552389,0.1836760798644157,0.12571764342962233,1,1,1
635,81.00443,-71.160744,-17.68666707386444,-16.520845290392508,-18.053770400605373,-16.7648798287113,0.5724493686144179,0.30133095133713894,1,1,1
636,81.007614,-69.85527,-15.64280124392432,-14.17497311647391,-15.750937220759727,,0.3762939947567965,,1,1,0
637,81.067416,-69.658638,0.015154529475779555,0.10775792409041784,,,,,1,1,0
638,81.086366,-67.662697,-0.2129990925862959,0.01641250020124474,-0.6018781762755765,,0.13493558553611606,,1,1,0
639,81.107683,-69.514938,-15.658617473864439,-13.98551449752455,-15.617731829377814,,0.2700603973868585,,1,1,0
640,81.121322,-72.285049,-0.9011612341532871,-0.1464523124943593,-1.049321900460784,,0.10913900289676093,,1,1,0
641,81.135044,-68.498512,-0.13489068506783575,-0.02225005353957421,,,,,1,1,0
642,81.156232,-69.532639,-0.05148779355656785,0.1735002140540267,,,,,1,1,0
643,81.184848,-69.630096,-0.0644088348724452,0.5035765063361151,,,,,0,1,0
644,81.271244,-72.03624,-0.04442163608491079,-0.022878484687405276,-0.3043388302755936,,0.13849475813169576,,1,1,0
645,81.279504,-66.04464,-0.0481947995148726,-0.30342562335611056,,,,,1,1,0
646,81.284448,-67.644135,-0.19378992210740797,0.8227505961921615,,,,,0,1,0
647,81.294778,-66.265808,0.011775418199574617,0.05623421137876328,,,,,1,1,0
648,81.320819,-69.582993,-13.654843811588988,-13.139259100898917,,,,,1,1,0
649,81.351781,-66.568855,-0.09882615453188848,-0.02760434642388354,,,,,1,1,0
650,81.353718,-69.862534,-15.58617809661893,-14.237807745593646,-15.499564890834563,-14.038720102804934,0.15688373429270897,-0.15405701398200122,1,1,1
651,81.401093,-69.037949,-1.2538635632598396,-0.42547983957233804,-1.4226881470815886,-0.4207313897548861,0.19189486753413476,0.02025065731250919,1,1,1
652,81.40648,-65.975014,0.10531752782647352,-0.05024175964913624,,,,,1,1,0
653,81.421781,-69.241486,-0.08334067647955123,-0.025208480160918256,,,,,1,1,0
654,81.460458,-66.405823,-15.663618613984196,-14.061288819871912,-15.515311784914415,,0.14746316489950928,,1,1,0
655,81.495743,-66.038406,-0.11557707196847744,-0.20706867598663514,,,,,1,1,0
656,81.505768,-66.761322,0.005115514162485013,0.08232388062366702,,,,,1,1,0
657,81.574316,-66.050484,-13.768025301409349,-13.30963490663956,-13.81827173707488,-13.306396922830265,0.10910145957494422,0.01850682028313777,1,1,1
658,81.600296,-68.04702,-0.16586912485327687,-0.06091884481954146,-0.6634986367632525,,0.333482337734166,,1,1,0
659,81.662074,-69.423714,-0.06662893050252272,0.027474553605300045,,,,,1,1,0
660,81.681947,-65.962448,-0.027097528948313965,0.13652386275671802,,,,,1,1,0
661,81.721598,-69.044411,-0.07959014439236434,-0.02876293741729974,,,,,1,1,0
662,81.732915,-69.980225,-0.41590744606692986,-0.1884188946153582,-1.5127219153519444,,0.9524567583663153,,1,1,0
663,81.74923,-69.082756,-0.10334415173252509,-0.0509745215366344,,,,,1,1,0
664,81.76531,-66.011261,-0.31678487638148667,-0.2558041904327535,,,,,1,1,0
665,81.775145,-66.746681,-15.074394364882403,-13.338657055323864,,,,,1,1,0
666,81.879173,-66.582611,-0.1844726534546357,0.021872983767128318,,,,,1,1,0
667,81.953638,-66.03801,-0.12347458816586077,-0.24974270084875094,-0.25505721565497375,0.03151379869686011,-0.005769358898497501,-0.25577518442542413,1,1,1
668,81.97569,-68.328835,-18.20569729182851,-16.30296539286291,-18.93606038150525,-17.21745131238185,1.0881019459214798,1.0212287751404467,1,1,1
669,81.978051,-68.328995,-18.37319900200815,-16.580108257306833,-18.543852661512332,-16.862482114976164,0.5056284438926362,0.387296010946919,1,1,1
670,82.070179,-69.104988,-0.14988980864698043,-0.06869684000738552,,,,,1,1,0
671,82.091548,-67.296677,-0.6532532033068055,-0.36211961515687463,,,,,1,1,0
672,82.110799,-66.517159,0.07287506971143642,-0.04247838902310974,,,,,1,1,0
673,82.133568,-69.200859,-0.5769283498870923,-0.3292619876380307,,,,,1,1,0
674,82.140347,-69.147591,-0.6296888461650099,-0.3676725491377333,,,,,1,1,0
675,82.148558,-69.028488,-0.5665300214224338,-0.33323888200552787,,,,,1,1,0
676,82.166598,-69.050812,-0.5961970922831927,-0.33635720896619503,,,,,1,1,0
677,82.185051,-69.228806,-0.5847470545125795,-0.34496537128302407,,,,,1,1,0
678,82.187213,-71.970413,0.0797315555764353,0.1708310580294139,,,,,1,1,0
679,82.194611,-69.431656,-0.2154699360150758,-0.044273219512778184,,,,,1,1,0
680,82.256902,-66.649391,-15.755867188834497,-14.061578257242948,-15.56717457157255,,0.12604743658758366,,1,1,0
681,82.258115,-66.221855,-0.13378778674537273,-0.3307862348273485,,,,,1,1,0
682,82.267326,-69.355209,-15.555826709792582,-13.93980769448621,-15.366222527621204,,0.10932748844462203,,1,1,0
683,82.282834,-66.600044,-15.47299432655905,-13.917247515482423,-15.298763462956986,,0.11205410042710895,,1,1,0
684,82.339233,-66.535522,-0.18020600018053834,-0.08461696421954912,-0.6087802239188242,-0.2279629565282839,0.14265743147854515,0.11881122432997238,1,1,1
685,82.349941,-69.471077,-0.2451543678065793,-0.14227803256823002,,,,,1,1,0
686,82.49221,-69.386147,-0.18387809494287488,-0.10169468344982135,-0.37027657047385887,,0.09029403474695386,,1,1,0
687,82.510236,-65.933891,-0.5778531000096656,-0.3354343904416357,,,,,1,1,0
688,82.555391,-69.353394,-2.168273519319939,-1.2234888413762999,-11.321660345805952,,0.07884596821437562,,1,1,0
689,82.580741,-65.90361,-15.2421839888345,-13.376450328946675,-14.939336178557998,,0.04709224357303121,,1,1,0
690,82.606141,-66.959465,-0.03845263884564076,-0.04901021365279057,,,,,1,1,0
691,82.612863,-67.102829,-0.15089035161662423,0.0608827962198113,-0.6438111888705098,-0.1610949085671134,0.2547403936368138,0.20921856989897414,1,1,1
692,82.623667,-66.622704,0.8177918689269017,0.9533351103394967,,,,,0,1,0
693,82.656436,-69.722893,0.09326415366561491,0.15567828423361796,,,,,1,1,0
694,82.657663,-68.410896,-0.06275285591224922,-0.06566892751222575,,,,,1,1,0
695,82.66349,-69.119286,-0.5837134261029018,-0.20025910413711756,,,,,1,1,0
696,82.67394,-69.192993,-0.2673191162649964,-0.1975335696360343,,,,,1,1,0
697,82.684413,-68.60955,-0.1630476149202913,-0.1053252931179891,,,,,1,1,0
698,82.71537,-67.028183,0.0321041459866791,0.04208648919269642,,,,,1,1,0
699,82.717271,-68.693733,-0.1640460511990991,-0.10443971331986113,,,,,1,1,0
700,82.751967,-69.18647,-13.47395935649917,-13.240567285115667,,,,,1,1,0
701,82.791314,-67.030815,-0.6676658907141135,-0.32477931070083343,-1.064773620437899,,0.18909318557328803,,1,1,0
702,82.840846,-70.957069,-0.9475017965342296,-0.23027023048991602,-1.3821580216939129,,0.35289884014005146,,1,1,0
703,82.869474,-71.389946,-0.07943119723853087,0.030684712255963476,,,,,1,1,0
704,82.910079,-67.469894,-0.4106466120466443,-0.3000198820593898,,,,,1,1,0
705,82.956683,-71.060585,0.056562331511411656,0.006803273096284812,,,,,1,1,0
706,82.982888,-69.023308,-0.15869491371228328,-0.08878677793619971,,,,,1,1,0
707,83.015543,-66.657982,0.7043364705940416,0.7448339422528303,,,,,0,1,0
708,83.069673,-66.395912,-15.579535375660845,-13.983713653613043,-15.635063160152098,-14.117886015089281,0.35003310780186325,0.20589065358717384,1,1,1
709,83.086202,-68.846603,-0.1483002462927825,-0.08633633774361726,,,,,1,1,0
710,83.117512,-69.606491,-0.1275639184284092,0.030890064271916984,-0.4430481093334162,,0.16562061231717884,,1,1,0
711,83.150667,-69.017799,-0.7067238258532722,-0.5002348260658493,,,,,1,1,0
712,83.15235,-70.806839,0.04087092303902473,0.0697762855576034,,,,,1,1,0
713,83.187091,-66.874779,-0.03689133183385884,-0.03807044917838809,,,,,1,1,0
714,83.242337,-67.555969,-0.12976368487467305,-0.08469667969248285,,,,,1,1,0
715,83.25456,-69.374802,-0.16981080338999988,-0.10297626527846937,,,,,1,1,0
716,83.291798,-67.733246,-0.08129325976955037,-0.027336750292743517,,,,,1,1,0
717,83.371852,-67.338905,-0.14333055419310803,-0.0580341979554575,-0.6149995202050729,,0.11088851744201733,,1,1,0
718,83.400133,-67.500008,-0.17026577583914637,-0.10096506501255575,,,,,1,1,0
719,83.401523,-69.386848,-0.256722656777022,-0.009406531410544261,,,,,1,1,0
720,83.437062,-67.000183,-0.331144619458124,-0.24342926721099367,,,,,1,1,0
721,83.475324,-68.799622,-0.17274968413174463,-0.1276721860574579,,,,,1,1,0
722,83.492801,-68.694839,-0.1733823032012971,-0.1300524150670146,,,,,1,1,0
723,83.504781,-70.712234,0.0025629684350843007,0.008899249527496877,,,,,1,1,0
724,83.535131,-68.717476,-0.1736053693667312,-0.14609987305390604,,,,,1,1,0
725,83.546271,-69.42907,-0.15983884617094013,-0.05151969314600002,,,,,1,1,0
726,83.578245,-69.438858,-0.20823951614018554,-0.09022440935537013,,,,,1,1,0
727,83.579468,-67.108109,-0.17827698862944885,-0.1406035892694586,,,,,1,1,0
728,83.666828,-67.502647,-0.33589515109360235,-0.1371201370209949,,,,,1,1,0
729,83.724042,-69.133911,0.16172286430587235,0.1432722166390814,-0.48826577490428136,,0.30079507741256784,,1,1,0
730,83.728128,-67.71991,-0.16518634545920996,-0.08064628557493414,,,,,1,1,0
731,83.805197,-69.24292,-0.19288333967920757,-0.09521592136940349,,,,,1,1,0
732,83.863142,-69.231224,-0.10096911889794669,0.02381375679170894,,,,,1,1,0
733,83.899876,-69.118477,-0.15980847505609752,-0.11397982043936317,,,,,1,1,0
734,83.900594,-68.534393,-1.082934439639093,-0.5045378770101259,,,,,1,1,0
735,83.935222,-66.882256,-0.0516072740992044,-0.08412914619170131,,,,,1,1,0
736,83.955935,-66.700485,0.02299485448729932,0.14409927835996683,-0.6409652851894467,,0.4801288042948144,,1,1,0
737,84.059698,-69.191147,-13.676317775660845,-13.268033321031414,-13.659060417486126,-13.246946715354131,0.03084796513589083,0.02106922995482563,1,1,1
738,84.073025,-68.963707,-0.6486541512867738,-0.9116526595311232,,,,,1,1,0
739,84.080953,-68.224899,-0.23665438201141953,0.032119374752955565,-0.5525057231455044,,0.060862842163697195,,1,1,0
740,84.223679,-70.35643,-0.040905415927705135,0.09285046855340973,-0.3005782586410284,,0.13252103363857692,,1,1,0
741,84.236771,-69.271767,-0.21557191738236625,-0.11514991918175888,,,,,1,1,0
742,84.26094,-69.643074,-0.00815488307975265,0.22533873389598114,,,,,0,1,0
743,84.266308,-69.167656,-0.0649571858330571,-0.04234863669425337,,,,,1,1,0
744,84.289308,-69.324539,-0.23408695460320672,-0.12579563120001325,,,,,1,1,0
745,84.311686,-70.506462,-0.03885058757151505,0.07146962925234135,-0.5078187658124627,,0.16833437830920772,,1,1,0
746,84.382455,-70.299202,-0.41556709320441776,0.047016897001253,-0.6922047059759269,,0.11506720070423881,,1,1,0
747,84.392608,-69.45929,-13.642887710990188,-13.269548538269952,,,,,1,1,0
748,84.43914,-69.309685,-13.214098087038092,-0.40715162280398154,,,,,1,1,0
749,84.521252,-69.296501,-0.1722540621350408,-0.12826151531163177,,,,,1,1,0
750,84.576233,-69.067322,-12.585901584044079,-12.211507182773026,-13.64625764347424,,1.1021380294473584,,1,1,0
751,84.611746,-69.764206,-0.24896172085036739,0.043972730617724665,,,,,1,1,0
752,84.661939,-69.13736,-0.1259540500698435,-0.04255215153087555,,,,,1,1,0
753,84.677308,-69.017288,-13.352988242726711,-13.189822886171031,-13.374424666491338,,0.018954920727930258,,1,1,0
754,84.679486,-69.025673,-13.362155859493182,-13.259792809445997,-13.462657428581416,,0.08537335946471103,,1,1,0
755,84.690958,-66.614372,-0.0957536963158141,-0.11715632995460012,-0.2847815956593962,,-0.000988885486844282,,1,1,0
756,84.721164,-70.717834,0.1364383295500744,0.00837322511254257,,,,,1,1,0
757,84.738261,-68.948074,-0.16869389524302036,-0.15428838281408908,,,,,1,1,0
758,84.76943,-67.879074,-0.132312853059398,-0.1074792664417128,,,,,1,1,0
759,84.77477,-69.274086,-0.06214362295582987,-0.0907869694857979,,,,,1,1,0
760,84.783639,-70.337944,-15.515255442726712,-14.67675531575457,-15.945979588869427,-15.212170183950795,0.5690426431060196,0.5301366164473986,1,1,1
761,84.834334,-69.107307,-0.12918025199849303,-0.09822422301359524,,,,,1,1,0
762,84.916091,-69.20118,-13.296179045121924,-12.897943090856305,,,,,1,1,0
763,84.916984,-69.742706,-0.1638211170792463,-0.1439477165035754,,,,,1,1,0
764,84.949506,-69.267471,-0.13473361043299015,-0.1193195907101181,,,,,1,1,0
765,84.979328,-67.15332,-0.15497994106106106,-0.022149560896510323,,,,,1,1,0
766,85.004564,-69.581306,-0.02010838865025022,0.012356739090639834,,,,,1,1,0
767,85.03308,-67.099304,-0.13384743243265795,-0.021349983656941518,,,,,1,1,0
768,85.053551,-69.581863,-0.5006093470550272,-0.30019999886229165,,,,,1,1,0
769,85.067588,-66.67672,-0.15199352348034267,0.002785067574643918,,,,,1,1,0
770,85.072987,-69.515961,-0.16314989747775677,0.27468208205154987,,,,,0,1,0
771,85.074858,-69.468552,-0.30993464240576607,-0.21576071687216825,,,,,1,1,0
772,85.080661,-69.689636,-0.1463826779475852,-0.05351124543870789,,,,,1,1,0
773,85.088533,-69.3116,-0.12695857980937042,-0.10032025001903477,,,,,1,1,0
774,85.137987,-67.211502,-0.12246837305464453,-0.04515568762857747,,,,,1,1,0
775,85.145193,-69.66127,-0.08610200455491501,-0.08292292937068524,,,,,1,1,0
776,85.241643,-69.23159,-0.14204553364363726,-0.08813196099176857,,,,,1,1,0
777,85.244159,-69.25267,-0.1458495842223808,-0.10374343345581849,,,,,1,1,0
778,85.249355,-69.644539,0.03702178636646636,0.3574243985752297,,,,,0,1,0
779,85.279678,-71.507668,-0.3911363679551769,-0.3818456126609,,,,,1,1,0
780,85.284794,-67.3564,-0.038510755307507694,0.0195097035975742,,,,,1,1,0
781,85.288253,-69.180138,-3.637662446414625,-2.696523591394019,-3.880764597534995,-2.8741533172745815,0.26437096779165614,0.1926350148706799,1,1,1
782,85.289906,-69.179497,-0.144509651205043,-0.09252740209207921,-0.5163399896720406,-0.2425973432297841,0.20845723897061674,0.15228240050084274,1,1,1
783,85.313089,-69.241997,-0.11359504963894373,-0.10714159588005145,,,,,1,1,0
784,85.320522,-69.169754,-0.1746420825210695,-0.10925704997927,-0.3205663434909667,-0.07211400526505685,0.022296583780265777,-0.020695996128274885,1,1,1
785,85.375419,-69.325356,-0.08092791202137306,-0.19265475342156613,,,,,1,1,0
786,85.417021,-68.606743,-0.20160655758087387,-0.045505247214984834,-0.3170224302815736,-0.054716137001204146,0.034141761332278975,0.015122277686433705,1,1,1
787,85.419263,-69.368065,-0.09100582677449687,-0.07923829614095546,,,,,1,1,0
788,85.436136,-69.587502,-0.0720616952578812,-0.10738514527778875,,,,,1,1,0
789,85.453935,-69.297897,-0.165798155328309,-0.1085491707135322,,,,,1,1,0
790,85.465791,-70.423386,-0.09706872155466328,0.1039488792700709,,,,,1,1,0
791,85.500693,-69.212509,-0.2359741931286372,-0.022823436005879216,,,,,1,1,0
792,85.507777,-68.714325,,,,,,,1,0,0
793,85.532318,-69.280785,-0.1257624951390106,-0.05912986511883034,-0.37031328863260704,,0.0797160178457954,,1,1,0
794,85.537535,-69.216705,-12.692294590032104,-12.584210328435603,,,,,1,1,0
795,85.549741,-69.207756,-12.353278436738691,-12.097815469204644,,,,,1,1,0
796,85.564934,-68.176895,-0.6544627960795726,-0.3308136269765569,,,,,1,1,0
797,85.576602,-68.461136,-13.281462206798572,-13.232578666102421,,,,,1,1,0
798,85.58733,-69.487892,-12.429658709792582,-12.515199100771149,-13.921788470673487,-13.53236219441601,1.4390614314969028,0.9679963327637751,1,1,1
799,85.603976,-68.371994,-0.1836504990379133,-0.1174722150197649,,,,,1,1,0
800,85.605136,-69.479073,-0.16068953524837148,-0.1739523111827399,,,,,1,1,0
801,85.629423,-68.268906,-13.48659523673869,-13.060751505056505,,,,,1,1,0
802,85.649797,-69.069824,-0.08234681427839874,-0.10500867737703778,,,,,1,1,0
803,85.68147,-68.231514,-0.10736001363056147,0.027895806425261682,,,,,1,1,0
804,85.692075,-67.812019,-0.07922327193579015,0.04929676841279296,-0.3008805364464209,0.0033139088920517423,0.1309404881000873,0.03647451954952885,1,1,1
805,85.763473,-67.468979,-0.15633823329445917,0.04959238183855241,,,,,1,1,0
806,85.824277,-69.69725,-0.05357889030698715,-0.03522896197108594,,,,,1,1,0
807,85.885111,-68.3144,-0.19961061410306513,-0.146661009767044,,,,,1,1,0
808,85.92611,-68.58667,-0.20003188071129152,-0.13028342027249096,,,,,1,1,0
809,86.007315,-67.633423,-0.1108511547428801,0.06178971362784935,,,,,1,1,0
810,86.014336,-69.902939,-0.10099309231884313,-0.05205050610770279,,,,,1,1,0
811,86.050507,-69.228134,-0.023189544936190742,-0.06451244143572943,-0.2732546029566105,,-0.0446296364993124,,1,1,0
812,86.116863,-69.801651,-0.12903078340812968,-0.06732654869456844,,,,,1,1,0
813,86.136478,-67.576225,-0.11782941194559982,-0.01727622840837917,,,,,1,1,0
814,86.164983,-66.87178,-0.06538630782529964,0.027752482694143765,,,,,1,1,0
815,86.201296,-71.041496,0.12065887750032722,0.07829301083489248,-0.5751385725010429,,0.2769476275241498,,1,1,0
816,86.20323,-69.539848,-0.08240501637346398,0.00326058893118919,,,,,1,1,0
817,86.210766,-67.494606,0.2562855156780657,0.24217175090001497,,,,,0,1,0
818,86.31922,-68.99778,-0.05095200730673177,0.10973828436138433,,,,,1,1,0
819,86.332,-67.509865,-0.11566302017132912,-0.010365429627366751,,,,,1,1,0
820,86.368152,-67.688766,-0.04906428348688152,0.07783594905763991,,,,,1,1,0
821,86.476941,-67.333168,-0.08495803379668132,0.0700853270536097,-0.2369471080320249,,0.0384649893647957,,1,1,0
822,86.499385,-71.228409,-0.03704813019346531,0.25719655353627857,,,,,0,1,0
823,86.507263,-66.990051,-0.2583167879310917,-0.14155120848643854,,,,,1,1,0
824,86.528952,-67.713066,-13.49545764631953,-13.154010967917372,,,,,1,1,0
825,86.529825,-67.78405,-0.16154920872721767,0.23181701970630542,-0.2855402449605453,,0.06585338940481122,,0,1,0
826,86.542931,-68.006226,-15.63669957206803,-13.884819024365534,-15.662364615110842,-14.228483385615991,0.3530518034791701,0.3885512503984394,1,1,1
827,86.560745,-67.568611,0.06185002820536667,0.11480488338855288,,,,,1,1,0
828,86.660324,-68.772453,-0.10141174071931403,-0.03768498373550777,,,,,1,1,0
829,86.675929,-68.008675,-0.3718351988908122,-0.042121831478832306,-0.7325368946977697,,0.13171670148979864,,1,1,0
830,86.717654,-66.478897,-0.1318514942326292,-0.016519203195963783,-0.18482450881941936,0.07303730318129631,-0.019133193382474545,-0.09932199574790879,1,1,1
831,86.875798,-69.451698,-0.07425558380039732,-0.02317214036440518,-0.5991441361423018,-0.22094458045178378,0.4134849788060091,0.1936597481795026,1,1,1
832,87.000617,-66.89904,0.05559762979227045,-0.17742970825116977,-0.3585357689705777,,0.04799474947275151,,1,1,0
833,87.108805,-67.466377,-0.10251040069761963,0.02464871318994355,,,,,1,1,0
834,87.212245,-68.168159,-0.15304857545282324,0.12852617464930738,,,,,1,1,0
835,87.261889,-70.041725,-0.18315018963388852,0.08225811231567803,,,,,1,1,0
836,87.564943,-67.729652,-0.17305083479518224,0.020126150270440846,-0.316529846330571,,0.07898837341897469,,1,1,0
837,87.747479,-67.471336,-0.08190336990758595,-0.006929408539113169,,,,,1,1,0
838,87.893788,-67.519714,-0.27740974279357644,-0.08201922232894177,,,,,1,1,0
839,88.22397,-69.48793,-13.319362815181803,-13.130939535695413,,,,,1,1,0
840,88.257561,-69.996269,-0.11941587227159367,-0.0048126764059972515,-0.5918833081133581,,0.18389821741698675,,1,1,0
841,89.12085,-69.366364,-0.0601723034212025,0.025125945307500785,,,,,1,1,0
842,89.406794,-68.133484,-0.13912066120489364,-0.046287190958473445,-0.3315312283636871,,0.09372064720902706,,1,1,0
843,89.45843,-68.462112,-13.903695768475218,-13.691454599611651,-14.25336685990831,-13.987868747202175,0.35793928899519756,0.2822240370004305,1,1,1
844,90.085395,-70.364693,0.006994273978833121,0.10680596341346238,-0.5039514241494096,,0.1898072875666461,,1,1,0
845,90.110404,-69.621155,-0.09527496148571934,0.2533540087227415,,,,,0,1,0
846,90.603388,-68.215889,-0.1193772702656819,-0.06477585539817454,,,,,1,1,0
847,91.330144,-69.310341,-0.09461510102599391,-0.010343411089678511,,-1.043121746007703,,1.0284885098168957,1,1,0
