ra,dec,2MASS,ra_gaia,dec_gaia,parallax,pmra,pmdec,pm,ra_error,dec_error,parallax_error,parallax_over_error,pmra_error,pmdec_error,astrometric_gof_al,astrometric_chi2_al,astrometric_excess_noise,astrometric_excess_noise_sig,ruwe,astrometric_params_solved,astrometric_sigma5d_max,duplicated_source,phot_g_mean_mag,phot_bp_mean_mag,phot_rp_mean_mag,phot_g_mean_flux,phot_bp_mean_flux,phot_rp_mean_flux,phot_g_mean_flux_error,phot_g_mean_flux_over_error,phot_bp_mean_flux_error,phot_bp_mean_flux_over_error,phot_rp_mean_flux_error,phot_rp_mean_flux_over_error,phot_bp_rp_excess_factor,Separation_1,covariance,Jmag,Hmag,Kmag,e_Jmag,e_Hmag,e_Kmag,Qfl,Umag,e_Umag,Bmag,e_Bmag,Vmag,e_Vmag,Imag,e_Imag,uvw1_mag,uvw1_mag_err,uvw2_mag,uvw2_mag_err,uvm2_mag,uvm2_mag_err,flag,logL,logT
70.510723,-70.524918,04420257-7031297,70.51073667277171,-70.52491374066604,0.04983085375888251,2.174862267527567,0.6034278280161013,2.2570226192474365,0.010348903946578503,0.012457151897251606,0.01155631709843874,4.3120012283325195,0.012508591637015343,0.015431965701282024,1.2335041761398315,303.3613586425781,0.0,2.3893071494831414E-15,1.051095724105835,31,0.022056737914681435,false,13.344250679016113,14.05924129486084,12.52307415008545,86545.86891805877,32487.79564823074,77611.90992719487,38.41889953613281,2252.68994140625,56.385536193847656,576.1724853515625,103.47736358642578,750.0375366210938,1.2721543312072754,0.02245934995202481,3.148061981563682,11.388,10.691,10.595,0.024,0.024,0.021,AAA,15.907,0.044,14.979,0.043,13.727,0.072,12.318,0.076,,,,,,,1.0,4.154447227668512,3.630166362251471
71.40502,-70.251076,04453720-7015038,71.40507937835866,-70.25108924776802,0.0048700530290687665,2.0121222955985933,-0.19874703066864957,2.021914005279541,0.015417984686791897,0.01425876747816801,0.015194396488368511,0.3205163776874542,0.01941794529557228,0.018615171313285828,13.548384666442871,821.3176879882812,0.12901905179023743,14.449054718017578,1.5692157745361328,31,0.027596117928624153,false,13.427241325378418,13.951288223266602,12.756789207458496,80177.11130859374,35884.055266083604,62581.02750156927,1257.413818359375,63.76350402832031,2201.40673828125,16.30051040649414,2218.2890625,28.211395263671875,1.2280946969985962,0.08655457195151414,2.1870121760946506,11.798,11.434,11.331,0.023,0.025,0.023,AAA,16.243,0.08,15.464,0.02,14.216,0.02,12.353,0.089,,,,,,,1.0,4.143879124455849,3.7359703043961425
72.30168,-69.456535,04491240-6927235,72.30168501533682,-69.45653214375068,0.005113666359709425,2.0330860146084886,-0.1978173916237366,2.042687177658081,0.014740772545337677,0.012475824914872646,0.012799804098904133,0.39951130747795105,0.018543647602200508,0.015754902735352516,-2.1357436180114746,887.595458984375,0.11002557724714279,13.23676586151123,0.9156332612037659,31,0.026872629299759865,false,10.424478530883789,10.518935203552246,10.215801239013672,1273958.3217572349,846920.452766819,649886.9460040256,1541.1097412109375,826.6499633789062,2947.23583984375,287.3609313964844,2312.091796875,281.0818176269531,1.174926519393921,0.01207780374268421,2.2789720358916434,9.981,9.896,9.822,0.023,0.024,0.021,AAA,9.916,0.119,10.571,0.061,10.539,0.095,10.166,0.059,,,,,,,2.0,5.129539734185707,3.8556271143340446
73.033181,-66.818192,04520796-6649054,73.03324265372338,-66.8182079970507,0.02418394983776788,1.825849534220571,0.012963139379751808,1.8258955478668213,0.013431104831397533,0.013244995847344398,0.013856702484190464,1.7452888488769531,0.015486102551221848,0.01680208183825016,1.6500680446624756,699.4712524414062,0.11469163745641708,11.647929191589355,1.0648647546768188,31,0.0235335323959589,false,12.959122657775879,13.222655296325684,12.47772216796875,123394.99393082998,70202.82490843376,80922.49746324764,27.937623977661133,4416.80322265625,35.6436882019043,1969.5723876953125,31.13795280456543,2598.838134765625,1.2247281074523926,0.10464412596335353,0.6657191434790058,11.598,10.971,10.769,0.023,0.026,0.023,AAA,13.316,0.161,13.451,0.036,13.124,0.038,12.19,0.159,,,,,,,1.0,4.058660195344072,3.6206747921140927
73.691707,-68.962776,04544600-6857459,73.69169821270536,-68.9627322501024,-0.05647059870963489,1.966115192617954,-0.09240524200810088,1.9682854413986206,0.015294216573238373,0.018229547888040543,0.016414053738117218,-3.4403810501098633,0.0202268585562706,0.02276013046503067,0.932027280330658,1326.4874267578125,0.17022544145584106,28.712827682495117,1.0345182418823242,31,0.032949142158031464,false,12.252942085266113,12.293926239013672,12.143782615661621,236466.59718856442,165137.81336507844,110064.01156639968,135.99630737304688,1738.772216796875,316.5533752441406,521.6744384765625,213.3929901123047,515.7808227539062,1.1638084650039673,0.15790848732438842,1.3271713775218168,12.054,11.969,11.96,0.03,0.03,0.026,AAA,11.925,0.135,12.276,0.065,12.265,0.059,11.638,0.238,,,,,,,1.0,4.4738657756147395,3.9226532586314438
73.974836,-66.416481,04555396-6624593,73.974753242193,-66.41648685753916,-5.824633628610451E-4,1.706365399941968,-0.028705847945991545,1.7066068649291992,0.016583504155278206,0.01826762966811657,0.017442381009459496,-0.03339356929063797,0.022301804274320602,0.023349223658442497,0.08857381343841553,834.9830322265625,0.13801968097686768,15.039361000061035,1.0025906562805176,31,0.03615232929587364,false,13.025681495666504,12.995713233947754,12.765228271484375,116057.73676176675,86523.00705478253,62096.48764501615,69.41571044921875,1671.9232177734375,363.3262023925781,238.14138793945312,182.09463500976562,341.0121765136719,1.2805651426315308,0.12104757661041063,1.298294021167654,12.461,12.399,12.365,0.028,0.034,0.034,AAA,12.526,0.024,12.947,0.048,12.716,0.208,12.254,0.174,,,,,,,1.0,4.304453163487784,3.919902839369273
74.166683,-69.698967,04564000-6941562,74.16672976254526,-69.69898825767932,0.01631745196070309,2.0377599075796624,-0.05741598957603738,2.0385687351226807,0.011000406928360462,0.01072701532393694,0.010757901705801487,1.5167875289916992,0.014585798606276512,0.014812109991908073,-8.997831344604492,268.77325439453125,0.0,0.0,0.6247988939285278,31,0.021031342446804047,false,11.635650634765625,12.043328285217285,11.061500549316406,417528.8350504293,208010.59960300525,298234.565943452,110.05653381347656,3793.766845703125,231.79385375976562,897.394775390625,191.63848876953125,1556.2352294921875,1.2124794721603394,0.09627017451921863,1.4595098773072048,10.4,10.049,9.967,0.021,0.023,0.023,AAA,13.393,0.01,12.714,,11.896,,10.707,0.163,,,,,,,1.0,4.717060074655006,3.747826574471194
74.213229,-66.530151,04565117-6631485,74.21317365123268,-66.53018238244671,-0.06723639499567584,1.7563040502220335,0.06626094467415954,1.7575535774230957,0.020785516127943993,0.020337462425231934,0.021404363214969635,-3.141247034072876,0.02609586901962757,0.027638781815767288,2.3280763626098633,1133.731689453125,0.19301119446754456,31.956438064575195,1.1003779172897339,31,0.04111776128411293,false,12.817337036132812,12.837141990661621,12.716243743896484,140608.5822981492,100129.02740866697,64962.207622397764,83.43524932861328,1685.241943359375,151.1609649658203,662.4000244140625,105.33470916748047,616.7217407226562,1.174119234085083,0.13806249681716154,0.6057360324042784,12.585,12.547,12.415,0.023,0.028,0.029,AAA,12.151,0.02,12.885,0.047,12.884,0.123,12.088,0.149,,,,,,,1.0,4.065921028266934,3.847840595360871
74.320065,-68.410988,04571681-6824395,74.32003819979315,-68.41096740110297,0.05833651009531258,1.7720108460245956,-0.10283573799101667,1.7749923467636108,0.017944898456335068,0.015561752021312714,0.01635122112929821,3.567715883255005,0.023881714791059494,0.025537336245179176,-7.64700984954834,820.9883422851562,0.14827248454093933,20.51618766784668,0.6964266896247864,31,0.03606529161334038,false,11.178644180297852,11.199395179748535,11.064395904541016,636046.8352040504,452541.99759773933,297440.2510077836,1675.7906494140625,379.55029296875,3176.119873046875,142.48265075683594,3023.227294921875,98.385009765625,1.1791305541992188,0.08221525673390517,1.4472101199012144,10.945,10.86,10.785,0.026,0.032,0.032,AAA,10.492,0.074,11.303,0.042,11.286,0.191,10.699,0.165,,,,,,,1.0,4.741861354156317,3.854886316803101
74.523225,-69.454338,04580557-6927156,74.5233427424231,-69.45430012262344,0.0011012000476231163,2.0464846338608322,-0.019275111753507504,2.0465753078460693,0.02128901332616806,0.019108271226286888,0.02031639963388443,0.05420251935720444,0.0255129411816597,0.024092916399240494,17.705371856689453,964.92138671875,0.16998296976089478,18.990198135375977,1.823824405670166,31,0.037476517260074615,false,13.168200492858887,13.755843162536621,12.472029685974121,101780.96424764399,42961.521787329955,81347.87492529994,1464.191650390625,69.51342010498047,2342.01806640625,18.34380531311035,2617.901123046875,31.073699951171875,1.2213423252105713,0.20179977679326852,1.33085240821747,11.724,11.165,11.06,0.024,0.027,0.026,AAA,13.837,0.037,14.41,0.029,13.904,0.032,12.708,0.067,,,,,,,1.0,4.0791353448546985,3.667616869673838
74.636575,-70.346024,04583277-7020456,74.63670197372006,-70.3460323360965,0.041657849196145354,2.1601460235012215,-0.01882304169702816,2.1602280139923096,0.015452397055923939,0.01805153116583824,0.016551125794649124,2.5169191360473633,0.018795223906636238,0.021588267758488655,20.278717041015625,1300.7091064453125,0.17578579485416412,27.538578033447266,1.836671233177185,31,0.030678879469633102,false,12.987265586853027,13.509121894836426,12.338971138000488,120237.62793105644,53922.24582082085,91953.79939376998,1778.8475341796875,67.5929946899414,3025.742431640625,17.8211612701416,3086.552734375,29.791748046875,1.2132312059402466,0.15664382836814483,2.2554038222160306,11.939,11.507,11.31,0.026,0.03,0.028,AAA,15.663,0.03,14.764,0.01,13.566,0.01,11.955,0.069,,,,,,,1.0,4.01123875041181,3.678974030300909
74.964046,-70.222679,04595137-7013216,74.96407702426325,-70.22271795075272,-0.02873745340961556,2.232671753135027,-0.07110602772697343,2.2338037490844727,0.014595500193536282,0.015872273594141006,0.015253978781402111,-1.8839316368103027,0.01795274019241333,0.020011847838759422,2.4448275566101074,1157.9827880859375,0.1604958176612854,25.109586715698242,1.0902793407440186,31,0.028640665113925934,false,12.645986557006836,12.691179275512695,12.491125106811523,164646.4083213771,114536.8448057721,79929.67561597844,51.02578353881836,3226.729736328125,87.22393798828125,1313.135498046875,164.3710174560547,486.2759704589844,1.1811161041259766,0.14522594831306357,3.2865094198602978,12.286,12.14,12.107,0.029,0.031,0.032,AAA,12.853,0.01,12.824,0.01,12.716,0.01,11.956,0.269,,,,,,,1.0,4.168831636879867,3.8420201994354786
75.206093,-68.119324,05004946-6807095,75.20615502411472,-68.11937039061372,6.894717553138988E-4,1.9059818491418952,0.01922977106504601,1.906078815460205,0.01571841351687908,0.017721110954880714,0.0159106757491827,0.043333906680345535,0.02007031999528408,0.022825561463832855,3.59889817237854,899.0942993164062,0.14621755480766296,17.82457160949707,1.1449509859085083,31,0.033844370394945145,false,12.733885765075684,12.831948280334473,12.493213653564453,151842.11973912164,100609.18853940119,79776.10470508311,165.62501525878906,916.7825317382812,314.22979736328125,320.1771240234375,229.05259704589844,348.2872619628906,1.1879793405532837,0.18658919019694334,0.639132147700929,12.188,12.082,11.974,0.022,0.026,0.025,AAA,12.353,,13.044,,12.886,,12.392,0.117,,,,,,,1.0,4.153186202111131,3.8231487918617684
75.229871,-66.637321,05005516-6638143,75.22982011356484,-66.63731393610934,0.024306996980279827,1.7200410911798112,-0.0281258490176743,1.7202709913253784,0.02239544317126274,0.024502988904714584,0.023558152839541435,1.0317870378494263,0.029825283214449883,0.036227140575647354,24.263500213623047,1410.291259765625,0.22927305102348328,43.473793029785156,2.222621440887451,31,0.05084679275751114,false,13.042552947998047,13.565306663513184,12.417747497558594,114268.25416018722,51202.85410003446,85518.3276653788,1005.97509765625,113.58954620361328,1702.2476806640625,30.07955551147461,1555.3201904296875,54.9843864440918,1.196493148803711,0.07696690200049305,1.2121991786512434,11.611,11.376,11.364,0.024,0.024,0.026,AAA,15.627,0.035,14.794,0.03,13.644,0.028,11.246,0.126,,,,,,,1.0,4.344502397697145,3.8092300421967007
75.386393,-68.220688,05013273-6813144,75.38636670528948,-68.22062471489967,-0.05226516656290513,1.7683213261828519,0.07515468722909091,1.769917607307434,0.036831244826316833,0.03388344123959541,0.03268272429704666,-1.599168062210083,0.050621528178453445,0.044779058545827866,20.881471633911133,3009.4755859375,0.35738706588745117,94.18860626220703,1.9771614074707031,31,0.07400016486644745,false,12.723654747009277,12.603621482849121,12.32171630859375,153279.7766359143,124156.15976880427,93426.80290310073,221.09036254882812,693.2901611328125,809.1618041992188,153.43798828125,490.03643798828125,190.65277099609375,1.4195151329040527,0.23051774342394732,0.5221214857766847,12.119,12.0,11.981,0.024,0.025,0.027,AAA,11.993,,12.754,,12.606,,11.884,0.259,,,,,,,1.0,4.321770940064607,3.872903384280811
75.744805,-65.93792,05025875-6556165,75.74489754959824,-65.93785855578507,-0.04187307286391502,1.5216612716927262,0.17749748505915727,1.5319786071777344,0.01341941300779581,0.013086657971143723,0.013439460657536983,-3.1156809329986572,0.01610494591295719,0.018280427902936935,5.152022838592529,1058.560791015625,0.13213011622428894,20.452484130859375,1.1993224620819092,31,0.02548602782189846,false,12.489592552185059,12.582123756408691,12.249102592468262,190155.87512315376,126639.01489777718,99888.90233208654,39.19330596923828,4851.74365234375,69.72360229492188,1816.300537109375,86.30671691894531,1157.37109375,1.191274881362915,0.2595826565658413,1.9582119402470206,11.884,11.693,11.61,0.024,0.025,0.027,AAA,12.492,0.108,12.743,0.09,11.421,0.223,10.663,0.212,,,,,,,1.0,4.209867070032499,3.799504295953913
75.783619,-66.230949,05030806-6613514,75.7836700432069,-66.2309764512758,0.021325711716197446,1.7170709784837448,0.2295552335551656,1.7323476076126099,0.019955996423959732,0.019473211839795113,0.0200598556548357,1.0631039142608643,0.023724965751171112,0.026104869320988655,18.9821720123291,1040.864990234375,0.17356570065021515,24.16020965576172,1.8963556289672852,31,0.038262706249952316,false,13.21607780456543,13.716680526733398,12.597070693969727,97390.28316749072,44539.4322968829,72498.62556271208,855.5179443359375,113.83780670166016,1560.32568359375,28.544958114624023,1354.1737060546875,53.537166595458984,1.2017426490783691,0.12349737300698015,0.3064903383316205,11.729,11.391,11.281,0.023,0.025,0.025,AAA,13.471,0.031,14.472,0.029,13.843,0.037,12.469,0.208,,,,,,,1.0,4.179316832848541,3.7426378964359537
76.149149,-68.748634,05043579-6844550,76.1491618016389,-68.74862336752072,0.005183470025379257,1.9538247781181617,0.11094286436406012,1.9569720029830933,0.013501905836164951,0.013010150752961636,0.01325287390500307,0.39112043380737305,0.016922593116760254,0.016974084079265594,-3.002267599105835,645.6893920898438,0.1030864492058754,9.245255470275879,0.8827047348022461,31,0.02603106200695038,false,12.062281608581543,12.170879364013672,11.821335792541504,281860.34991739877,184954.52938206992,148123.49201057278,296.27044677734375,951.3616943359375,580.313232421875,318.7149963378906,438.19940185546875,338.027587890625,1.1817129850387573,0.04176310606777302,0.4478298748740173,11.546,11.433,11.311,0.022,0.027,0.026,AAA,11.86,0.049,12.327,0.255,12.059,0.149,10.922,0.343,,,,,11.977676866191073,0.04344106739904122,1.0,4.383673520553425,3.8139699530732316
76.304923,-68.553238,05051318-6833116,76.3049467002478,-68.55324439777529,-0.060152896940373915,1.8074826017213133,0.024604201436089112,1.807650089263916,0.016788732260465622,0.018080515787005424,0.01850782334804535,-3.250133514404297,0.019666850566864014,0.022635526955127716,0.015575441531836987,846.1497192382812,0.1456148326396942,15.87389850616455,0.9994944930076599,31,0.033169135451316833,false,12.689558982849121,12.729329109191895,12.557905197143555,158169.70533246145,110582.16221653258,75161.63270669905,102.2114028930664,1547.47607421875,203.49493408203125,543.414794921875,124.6068344116211,603.1903076171875,1.1743322610855103,0.038777441452585416,0.6423805394171483,12.394,12.385,12.318,0.027,0.031,0.034,AAA,12.443,0.01,12.754,0.01,12.676,0.01,12.244,0.227,12.870266914367676,0.04265066236257553,,,13.03148078918457,0.043024353682994836,1.0,4.401585324572776,3.949942787349709
76.614421,-68.511215,05062746-6830403,76.61447959782234,-68.51124117038098,-0.08740203173480493,1.7096500261821106,0.05227274835847807,1.710448980331421,0.01202439796179533,0.012836506590247154,0.01274882908910513,-6.855690956115723,0.015001206658780575,0.01644287072122097,-4.369865894317627,587.4541625976562,0.0832989439368248,5.931346416473389,0.8295314908027649,31,0.024149905890226364,false,11.770098686218262,11.927998542785645,11.45396900177002,368898.8212474602,231322.34674398985,207764.11599735662,992.3800048828125,371.7314147949219,1956.5931396484375,118.22710418701172,1685.728759765625,123.24884033203125,1.1902625560760498,0.12185114937582019,0.8746689021336046,11.02,10.868,10.674,0.021,0.025,0.02,AAA,11.903,0.01,12.254,,12.006,,11.544,0.05,,,,,,,1.0,4.507870192872772,3.776368819875124
76.833749,-70.454239,05072009-7027152,76.83382118023526,-70.45424690090556,0.04776884661893363,2.1379360993797674,-0.021727854134802112,2.1380465030670166,0.01583264395594597,0.015559324994683266,0.01565379463136196,3.0515825748443604,0.020361585542559624,0.021688934415578842,10.415518760681152,666.0599365234375,0.12975245714187622,11.938021659851074,1.4520001411437988,31,0.031161414459347725,false,13.172334671020508,13.627314567565918,12.55854606628418,101394.1721803916,48360.51567906036,75117.23753286696,1649.9814453125,61.45170593261719,2989.14501953125,16.1787109375,2804.438720703125,26.785123825073242,1.2177993059158325,0.09146965889048136,2.0498607371957704,11.66,11.498,11.408,0.023,0.026,0.025,AAA,15.553,0.04,14.754,0.01,13.706,0.01,12.149,0.093,15.3849801782994,0.05286505070314384,16.21351927110318,0.059685149192931365,16.665043835640173,0.08946609267529483,1.0,4.31977499448306,3.8073417032218693
76.938948,-69.162407,05074534-6909446,76.93902204057468,-69.16243259865672,-0.020952712815700186,1.9321780981092835,0.30684295157214303,1.9563907384872437,0.015385490842163563,0.016254721209406853,0.016220854595303535,-1.2917144298553467,0.020051294937729836,0.024493107572197914,-1.0491912364959717,385.4880065917969,0.0908174142241478,4.673857688903809,0.9528043866157532,31,0.034023649990558624,false,12.960963249206543,13.774678230285645,12.086324691772461,123186.07730763126,42222.65360338576,116045.48156638374,143.473388671875,858.5988159179688,192.4224090576172,219.42691040039062,342.9835205078125,338.3412780761719,1.2847892045974731,0.13222180577826542,0.17027504444099634,10.883,10.207,10.024,0.021,0.021,0.021,AAA,15.853,0.07,14.984,0.02,13.496,0.01,12.185,0.041,17.673,0.146,,,,,1.0,4.336970731103723,3.6130033833111264
77.773078,-68.018791,05110553-6801076,77.77314609866268,-68.0187780077935,-0.02704359651223802,1.8841557138621394,0.14853489325041544,1.8900014162063599,0.02687004767358303,0.02809976600110531,0.027633577585220337,-0.9786498546600342,0.03525034710764885,0.040630292147397995,0.9032488465309143,350.4171447753906,0.07456415146589279,0.6174415349960327,1.0350223779678345,31,0.05708328261971474,false,15.77669620513916,16.68031883239746,14.782559394836426,9210.18644592455,2905.9557395153324,9685.780196736368,47.31664276123047,194.65003967285156,63.91115188598633,45.46868133544922,132.6713409423828,73.00582122802734,1.3671531677246094,0.10299475759585432,0.1958586102249552,12.462,12.618,12.344,,0.037,0.03,UAA,19.08,0.094,18.412,0.03,16.258,0.032,14.522,0.04,,,,,,,1.0,4.237050212285916,3.8929165826488004
77.946825,-69.4328,05114723-6925580,77.94685674325831,-69.43278909430082,0.014751750088426299,1.744908712110391,0.769106790645633,1.906890630722046,0.047093555331230164,0.0442562960088253,0.046666476875543594,0.316110223531723,0.05981984734535217,0.056348852813243866,13.211980819702148,823.0706787109375,0.42541825771331787,17.98079490661621,1.557660698890686,31,0.08563616871833801,false,15.971084594726562,16.943416595458984,14.920748710632324,7700.393441453383,2280.605939105976,8528.229969198,9.521479606628418,808.7391357421875,20.48773956298828,111.31564331054688,24.116043090820312,353.633056640625,1.4036731719970703,0.05615218354803966,1.6832811820409341,12.442,11.373,12.364,,,0.037,UUA,19.242,0.099,18.122,0.044,16.554,0.035,14.716,0.038,,,,,,,1.0,4.374919963982601,3.9466727570338485
77.966916,-67.166054,05115205-6709577,77.96701532742203,-67.16603860286999,-0.006827318131403699,1.7077952020690976,0.18533036046031728,1.7178218364715576,0.010891797952353954,0.01269101444631815,0.01149795763194561,-0.593785285949707,0.012990778312087059,0.01656103879213333,0.12304994463920593,614.9427490234375,0.08703836053609848,8.457850456237793,1.0038645267486572,31,0.02352232113480568,false,12.075100898742676,12.346659660339355,11.59969425201416,278552.09858086536,157308.79662984723,181668.92480313074,170.30291748046875,1635.6273193359375,252.26138305664062,623.5944213867188,273.3148498535156,664.6873779296875,1.2169275283813477,0.14942396243689177,0.4369188585485475,10.748,10.225,10.056,0.021,0.028,0.023,AAA,11.933,0.022,12.732,0.037,12.22,0.049,11.518,0.08,,,,,,,1.0,4.4552756072759205,3.6589218015955725
78.319998,-69.556137,05131679-6933220,78.32009812182774,-69.55616205830272,-0.02707513910944284,1.972139591653014,0.33373180659822,2.0001778602600098,0.011989273130893707,0.01173068955540657,0.012237711809575558,-2.212434768676758,0.015157799236476421,0.015182796865701675,-3.9190988540649414,247.97409057617188,0.0,0.0,0.8523967266082764,31,0.022211726754903793,false,13.479876518249512,13.928675651550293,12.862276077270508,76382.91589670189,36639.26392014966,56786.85940089993,14.204080581665039,5377.533203125,26.086774826049805,1404.514892578125,29.32439613342285,1936.505615234375,1.2231285572052002,0.15488047788034454,0.3587938278816526,12.068,11.641,11.559,0.022,0.022,0.021,AAA,14.929,0.031,14.5,0.03,13.677,0.06,12.533,0.197,16.767133455796117,0.08544092170958219,18.235292448373322,0.19324120085458585,,,1.0,4.017914066176531,3.7209828053337626
78.37822,-69.539902,05133077-6932236,78.37827849478052,-69.53990136096023,-0.011721091646660768,2.0541906910368297,0.1610945896398755,2.060497760772705,0.013103918172419071,0.012425093911588192,0.0124587407335639,-0.9407926201820374,0.017005465924739838,0.016283294185996056,-6.887896537780762,481.11517333984375,0.06877432763576508,3.506692409515381,0.7314238548278809,31,0.024050923064351082,false,9.841526985168457,9.969161987304688,9.578402519226074,2179394.7437478965,1405245.5285477482,1168953.8503557297,15905.9228515625,137.01780700683594,29441.80078125,47.72960662841797,25641.12890625,45.58901596069336,1.1811532974243164,0.07364565223214076,0.8792177134098024,10.45,10.38,10.264,0.022,0.025,0.024,AAA,10.227,0.099,10.735,0.143,11.123,0.055,10.715,0.054,,,12.687825202941895,0.041753340512514114,,,1.0,4.891028999584012,3.837800052497645
79.170383,-69.656197,05164089-6939223,79.17042184490033,-69.65616953851375,-0.13381706758595122,2.597774155244426,0.3567055691516665,2.622149705886841,0.1011115089058876,0.10199368000030518,0.09936312586069107,-1.3467477560043335,0.12510919570922852,0.13674721121788025,54.867671966552734,5186.1630859375,0.994148313999176,88.12596130371094,4.100183486938477,95,0.19474731385707855,false,16.031455993652344,16.124614715576172,14.730234146118164,7283.906388239003,4848.097873503113,10163.995772073373,16.621551513671875,438.2205810546875,131.26785278320312,36.932865142822266,90.7594985961914,111.98823547363281,2.060994863510132,0.11016857498765624,8.10891295724341,12.723,12.812,12.632,,0.136,0.099,UBA,17.132,0.235,16.898,0.105,15.622,0.117,14.024,0.146,18.42361640930176,0.3599287867546081,,,,,1.0,4.216355474388952,3.926879774308565
79.815808,-68.934425,05191579-6856039,79.81580638722824,-68.93441502851462,-0.09288682140836456,1.6864507126089265,0.23123924272983598,1.7022302150726318,0.033867381513118744,0.03861413523554802,0.03817642480134964,-2.433093786239624,0.044460538774728775,0.052225466817617416,32.51909255981445,2934.765380859375,0.4119492173194885,109.37844848632812,2.5716497898101807,31,0.07255790382623672,false,12.860636711120605,13.641773223876953,11.985325813293457,135111.40517959438,47720.80622953631,127358.4685232341,112.04193878173828,1205.9002685546875,161.5677947998047,295.3608703613281,279.4626770019531,455.7262268066406,1.2958141565322876,0.03595795616690178,0.4403165531580089,10.795,10.074,9.892,0.023,0.026,0.022,AAA,15.393,0.02,14.714,0.01,13.376,0.01,11.842,0.052,15.146694798687625,0.048908076723650856,15.12520754717071,0.0471402350851873,15.116065079361427,0.052497775637431285,1.0,4.3644050906106076,3.60223613907027
80.313532,-69.444946,05211524-6926418,80.31358994154256,-69.44494228978317,-0.03811562798592612,1.7033588055984197,0.16542732107016314,1.711372971534729,0.029482441022992134,0.03059660829603672,0.030411336570978165,-1.2533361911773682,0.03546636551618576,0.04331374540925026,4.250640392303467,2587.58154296875,0.3240121901035309,81.23104858398438,1.177586555480957,31,0.06107839196920395,false,11.33452320098877,11.326358795166016,11.235919952392578,550982.0871396897,402599.7287683151,253974.46414788923,360.7743835449219,1527.220703125,747.804931640625,538.3753051757812,583.5260620117188,435.2409973144531,1.191643476486206,0.07444532932774107,0.49856512135383074,11.173,11.146,11.093,0.025,0.027,0.025,AAA,10.899,0.062,11.35,0.045,11.64,0.146,11.121,0.233,,,,,,,1.0,4.875153222652552,3.943464674841481
80.648671,-68.899925,05223568-6853597,80.648718015745,-68.89992024995702,-0.0070097924609099135,1.6010421029852782,0.33699399977742295,1.6361236572265625,0.013063192367553711,0.0122597711160779,0.012744974344968796,-0.5500044226646423,0.01818293146789074,0.01599886268377304,-5.7570481300354,178.5826873779297,0.0,0.0,0.7637462019920349,31,0.026203496381640434,false,13.079639434814453,13.410665512084961,12.56234359741211,110431.03482936982,59040.578067105474,74854.97848806762,27.721166610717773,3983.635986328125,45.26570510864258,1304.3115234375,51.69363021850586,1448.05029296875,1.2124812602996826,0.06328612396101806,0.9173758807405348,11.786,11.269,11.145,0.024,0.027,0.026,AAA,14.163,0.01,13.744,0.01,13.266,0.01,11.786,0.206,15.796794891357422,0.0661238580942154,16.76217775875864,0.06884174163817709,16.95730972290039,0.09978245198726654,1.0,4.0662282977892055,3.6750202277718675
80.906945,-68.777267,05233766-6846381,80.90702470056328,-68.7772994507075,-0.011922937508586312,1.6149786920568219,0.2887627252054929,1.6405913829803467,0.013986861333251,0.014216190204024315,0.013330330140888691,-0.8944217562675476,0.01982230134308338,0.018671201542019844,-2.7060859203338623,208.75462341308594,0.0,0.0,0.8865101933479309,31,0.0281198862940073,false,13.718094825744629,14.526095390319824,12.847387313842773,61335.08279342898,21133.856129057378,57570.91588314869,25.107257843017578,2442.92236328125,29.634607315063477,713.1478271484375,55.94196701049805,1029.1185302734375,1.2831933498382568,0.15631781834779215,0.8401594199395139,11.615,10.883,10.716,0.023,0.026,0.022,AAA,16.509,0.041,15.734,0.025,14.249,0.041,12.134,0.119,16.526934020227785,0.05946033293474665,16.450795349736108,0.056793205024745816,16.512101797981092,0.06764671748776832,1.0,4.036948902189321,3.6031834774403024
80.987903,-69.777115,05235709-6946376,80.98786925782346,-69.77711681160315,-0.04690593703324279,2.343039698261208,0.13087817639145455,2.3466920852661133,0.02743648551404476,0.028545411303639412,0.02827504463493824,-1.6589164733886719,0.04242175444960594,0.04083027318120003,6.506659984588623,526.1966552734375,0.18297605216503143,5.161365509033203,1.2689825296401978,31,0.0634348914027214,false,15.35154914855957,17.055591583251953,13.990531921386719,13624.701587081101,2056.74371074976,20088.405298523718,84.37127685546875,161.48507690429688,55.689571380615234,36.93229675292969,309.4789733886719,64.91040802001953,1.6253676414489746,0.04249299393516972,4.289929782676723,11.547,10.721,10.79,,,0.065,UUA,19.897,0.213,18.617,0.092,17.17,0.144,13.952,0.383,,,,,,,1.0,4.10514703516678,3.640005471760203
81.086366,-67.662697,05242072-6739457,81.08638880364893,-67.66270502620908,0.003994206126391385,1.6479636469614927,0.2220766931405185,1.6628596782684326,0.012309994548559189,0.013435817323625088,0.013183566741645336,0.3029685318470001,0.016184719279408455,0.01687237247824669,-1.2687326669692993,280.28302001953125,0.0,0.0,0.9496429562568665,31,0.025476044043898582,false,13.763825416564941,14.543012619018555,12.913801193237305,58805.339015315054,20807.112773663677,54154.89914999568,15.714698791503906,3742.0595703125,23.65228271484375,879.7084350585938,37.68411636352539,1437.074951171875,1.27474844455719,0.0425245238503279,0.7040454445100218,11.708,11.039,10.826,0.021,0.024,0.023,AAA,17.295,0.064,15.751,0.23,14.187,0.126,12.344,0.227,,,,,,,1.0,4.002409890129952,3.6072877860659793
81.121322,-72.285049,05242911-7217061,81.12144111615592,-72.2850453436998,-0.023494194102163496,2.149873073647792,0.38544177607608365,2.1841518878936768,0.0156728345900774,0.016204368323087692,0.015975425019860268,-1.4706459045410156,0.020621370524168015,0.020597606897354126,6.871753215789795,503.7120056152344,0.10420692712068558,6.059038162231445,1.2905579805374146,31,0.029902387410402298,false,13.71267318725586,14.204983711242676,13.066962242126465,61642.10009313082,28406.86921748178,47029.81880622208,667.965576171875,92.2833480834961,1221.384521484375,23.257925033569336,1180.385009765625,39.842777252197266,1.223785161972046,0.1311437375855817,1.8888100480016579,12.117,11.793,11.701,0.022,0.024,0.025,AAA,15.307,0.057,15.222,0.029,13.809,0.033,12.73,0.107,,,,,,,1.0,4.037257884895931,3.7536136824154562
81.284448,-67.644135,05250826-6738388,81.28446938683435,-67.64415381063858,0.04056822313585461,1.656604045669255,0.2438136004348984,1.6744498014450073,0.01507349032908678,0.015129171311855316,0.015125480480492115,2.6821115016937256,0.019236143678426743,0.01912030577659607,10.617263793945312,1072.5103759765625,0.13578402996063232,19.2735595703125,1.4429734945297241,31,0.0290602408349514,false,12.167468070983887,12.597848892211914,11.489823341369629,255834.69122064396,124818.02502509294,201015.15917790498,3336.68896484375,76.6732177734375,6556.3134765625,19.0378360748291,5965.85107421875,33.694297790527344,1.2736083269119263,0.07377915994660154,0.6078146271628778,10.6,10.271,10.165,0.023,0.026,0.023,AAA,14.619,0.036,13.863,0.041,11.83,0.173,10.305,0.124,,,,,,,1.0,4.636240905959788,3.7471390220624095
81.294778,-66.265808,05251074-6615569,81.29483779924234,-66.26579759144649,0.008772203823324142,1.5373214083718423,0.6448436465457864,1.667087435722351,0.01174397487193346,0.01310689840465784,0.012622744776308537,0.694952130317688,0.015353851020336151,0.01634662039577961,-1.350386142730713,593.6033935546875,0.09343181550502777,7.769132614135742,0.9467442631721497,31,0.023352982476353645,false,12.976033210754395,13.10865592956543,12.731916427612305,121488.0212988397,77974.82553283894,64031.19027791402,23.722400665283203,5121.236328125,31.763002395629883,2454.894775390625,19.31707191467285,3314.74609375,1.168889045715332,0.09440292176856925,2.0763725325040365,12.414,12.285,12.248,0.024,0.024,0.03,AAA,13.512,0.118,13.06,0.093,12.897,0.19,11.759,0.188,,,,,,,1.0,4.142115824280845,3.850581980950889
81.401093,-69.037949,05253626-6902166,81.40113343532892,-69.03794024775024,-0.0022602701359277846,1.671602686110169,0.4596220679536962,1.7336400747299194,0.014087510295212269,0.013233926147222519,0.01332219410687685,-0.1696619987487793,0.01903831958770752,0.017245545983314514,-2.0497336387634277,254.0696563720703,0.0,0.0,0.9185585975646973,31,0.028156477957963943,false,13.831867218017578,14.64247989654541,12.930061340332031,55233.14060461309,18985.633700175946,53349.91209022291,22.81467628479004,2420.94775390625,55.10947799682617,344.5075988769531,114.64221954345703,465.3600769042969,1.3096402883529663,0.06086651595405508,0.5581539684039808,11.675,10.944,10.799,0.024,0.024,0.021,AAA,17.322,0.057,15.919,0.028,14.353,0.023,11.911,0.13,18.66044807434082,0.2947506904602051,,,,,1.0,4.016690404596402,3.6087626588699306
81.600296,-68.04702,05262407-6802492,81.60025554503716,-68.04699262551112,0.005155202883039167,1.28302063793366,0.5525527520810452,1.3969454765319824,0.15723048150539398,0.12709082663059235,0.13996511697769165,0.0368320532143116,0.18469080328941345,0.1609044224023819,115.50177001953125,24225.109375,1.3920841217041016,811.25634765625,9.27833080291748,31,0.27099162340164185,false,13.669318199157715,13.672143936157227,12.281819343566895,64153.38831654113,46404.428469393104,96923.76588858299,107.90042114257812,594.56103515625,132.64682006835938,349.83447265625,144.5977020263672,670.2994995117188,2.2341485023498535,0.11258826765915761,3.444292973775196,11.206,10.549,10.35,0.023,0.023,0.019,AAA,15.253,0.03,14.504,0.01,13.436,0.01,12.011,0.104,,,,,,,1.0,4.20845034472243,3.613760328411615
81.662074,-69.423714,05263889-6925253,81.66210654969484,-69.42371615940843,0.3836953874260043,2.5697237336285967,-0.3911376502125413,2.599320888519287,0.19613686203956604,0.20621941983699799,0.203141450881958,1.8888089656829834,0.22991804778575897,0.27559715509414673,185.12863159179688,121238.6953125,2.493748903274536,3726.57568359375,13.850764274597168,31,0.3890175521373749,false,12.99156665802002,13.431812286376953,12.275251388549805,119762.25244619527,57901.80217677842,97511.86367754747,167.1195526123047,716.626220703125,105.4429702758789,549.1290893554688,147.56231689453125,660.8181762695312,1.297684907913208,0.0419103058267986,6.600930573602431,11.168,10.445,10.301,0.024,0.026,0.025,AAA,14.013,0.01,13.914,0.01,13.296,0.01,12.119,0.159,13.885733964332244,0.04474506168966467,13.968266072098745,0.04488980274492214,13.902288673248858,0.04576520629628546,1.0,4.2212548798727365,3.610997038180849
81.97569,-68.328835,05275416-6819438,81.97572214922089,-68.32883540727936,-0.027666592040108025,1.8646150672400827,0.028988591444243875,1.8648403882980347,0.02425469271838665,0.028327181935310364,0.02509465254843235,-1.1024894714355469,0.028852954506874084,0.036500439047813416,1.473917007446289,327.0594787597656,0.07934717833995819,0.9326264262199402,1.0611733198165894,31,0.05472033843398094,false,15.401904106140137,16.747085571289062,14.13144302368164,13007.242953846038,2732.643192943144,17643.34319050219,251.26258850097656,51.76752853393555,222.61856079101562,12.275001525878906,939.5905151367188,18.777694702148438,1.566510796546936,0.04276447030988805,0.564641731689966,11.802,11.46,11.091,,0.061,0.062,UAA,18.628,0.054,18.103,0.034,16.296,0.023,13.658,0.04,,,,,,,1.0,4.024282457738858,3.6532172938084857
82.070179,-69.104988,05281684-6906179,82.0701868167761,-69.10498657262991,-0.0022903423607328575,1.681652484496556,0.5042590603496331,1.7556287050247192,0.012741690501570702,0.012482653371989727,0.013131772167980671,-0.17441228032112122,0.017718013375997543,0.01760062202811241,-2.968318223953247,219.99496459960938,0.0,0.0,0.8752033710479736,31,0.025086689740419388,false,13.195344924926758,13.527399063110352,12.666025161743164,99267.92751972699,53022.140588642134,68037.44972554613,29.930599212646484,3316.603515625,54.34491729736328,975.6596069335938,53.790340423583984,1264.86376953125,1.2195236682891846,0.011275417251002227,0.6123154110802892,11.934,11.601,11.424,0.022,0.024,0.023,AAA,14.253,0.01,13.864,0.01,13.396,0.01,11.554,0.177,16.07340651544667,0.07278353302807045,17.29925120843323,0.16198996574009514,17.832338859363013,0.2387494291704297,1.0,4.071071655826435,3.720623819499706
82.133568,-69.200859,05283205-6912030,82.13352559423039,-69.20086270457116,-0.016668031060278997,1.7573160606857736,0.506474998698136,1.828845739364624,0.017301959916949272,0.018103772774338722,0.018516216427087784,-0.9001855850219727,0.021980958059430122,0.02252444252371788,1.3374130725860596,998.2550659179688,0.15630772709846497,18.46495819091797,1.0539625883102417,31,0.03313811123371124,false,12.25460147857666,12.316014289855957,12.1044340133667,236105.50765843937,161812.205804889,114125.97688432135,158.4409942626953,1490.179443359375,356.24713134765625,454.2133483886719,206.466064453125,552.759033203125,1.1687071323394775,0.055825178378170505,0.37726434325945596,11.957,11.877,11.814,0.027,0.028,0.025,AAA,12.203,0.01,12.404,0.01,12.326,0.01,10.543,0.092,13.052815653750427,0.04381382710066424,13.403292130221493,0.04298371500478272,13.332999791642413,0.044159918176279615,1.0,4.374599551353572,3.8684730869330557
82.148558,-69.028488,05283565-6901425,82.14856145807668,-69.02847149086313,-0.007635436074772224,1.6234716003971135,0.4533044157306946,1.6855696439743042,0.012490231543779373,0.012695045210421085,0.012766160070896149,-0.5980997085571289,0.017884191125631332,0.017354851588606834,-4.8337297439575195,250.59315490722656,0.0,0.0,0.7978687286376953,31,0.026987621560692787,false,13.109110832214355,13.209108352661133,12.90360164642334,107473.75416564662,71084.27222465075,54666.04202161065,106.01089477539062,1013.7991333007812,182.66493225097656,389.15118408203125,126.56031799316406,431.9366760253906,1.1700559854507446,0.05959967167179291,0.8294833404489175,12.631,12.502,12.451,0.021,0.021,0.023,AAA,12.823,0.01,13.314,0.01,13.196,0.01,12.824,0.244,13.20766240745213,0.0440686105405065,13.571760893311765,0.045665650910276495,13.455352052119089,0.044997540735251966,1.0,4.029047640896281,3.841401562277712
82.166598,-69.050812,05283998-6903029,82.16660162047553,-69.05081060665516,-0.07355542791875763,1.72356650967982,0.5653158737541373,1.813908338546753,0.020752813667058945,0.021440086886286736,0.02116646245121956,-3.475092887878418,0.029836205765604973,0.028526777401566505,0.8029356598854065,993.2693481445312,0.196597620844841,24.917709350585938,1.032692313194275,31,0.04508347436785698,false,12.880660057067871,12.920190811157227,12.762354850769043,132642.5063618335,92755.7139418976,62261.04645891488,103.25205993652344,1284.6475830078125,176.93545532226562,524.2347412109375,124.55843353271484,499.8541259765625,1.1686809062957764,0.006846673748183579,0.6525830380843789,12.58,12.567,12.458,0.026,0.032,0.026,AAA,12.343,0.01,13.024,0.01,12.966,0.01,12.173,0.264,12.385571291565585,0.044888630976617536,12.604240029951436,0.04509764787966047,12.468805139653998,0.04401855602654317,1.0,4.178742468026959,3.8885987920756073
82.258115,-66.221855,05290194-6613186,82.25811843726348,-66.22186026166109,0.017082070922323743,1.5139171530998985,0.5454746803384387,1.6091885566711426,0.009867938235402107,0.011479105800390244,0.01088735181838274,1.5689830780029297,0.012497163377702236,0.015332541428506374,-1.329243540763855,277.3876953125,0.0,0.0,0.9453209042549133,31,0.021636946126818657,false,13.248181343078613,13.49134635925293,12.85113525390625,94552.71994580115,54812.35048446682,57372.52002326063,11.831120491027832,7991.865234375,16.6898250579834,3284.177734375,11.597084999084473,4947.14990234375,1.1864795684814453,0.01958802742976103,1.955166788875122,12.341,12.161,12.094,0.027,0.023,0.024,AAA,14.141,0.029,13.777,0.025,13.624,0.181,12.107,0.264,,,,,,,1.0,4.052502397697145,3.8092300421967007
82.282834,-66.600044,05290788-6636001,82.28286820304201,-66.60006198422785,0.016597371126114917,1.59069602938069,0.5271685950180001,1.6757745742797852,0.011778379790484905,0.01170498039573431,0.012105842120945454,1.3710216283798218,0.016103968024253845,0.01739557832479477,0.46222853660583496,276.7024841308594,0.0,0.0,1.0185227394104004,31,0.02436906099319458,false,13.429956436157227,14.169744491577148,12.603493690490723,79976.861463623,29343.979728455484,72071.0432669378,21.32206153869629,3750.897216796875,27.71604347229004,1058.7362060546875,48.54140853881836,1484.7332763671875,1.2680546045303345,0.08113569789987007,1.2226025832461676,11.472,10.847,10.655,0.026,0.024,0.026,AAA,16.711,0.037,15.375,0.016,13.907,0.044,12.142,0.128,,,,,,,1.0,4.112687295438651,3.6238037555874847
82.339233,-66.535522,05292141-6632078,82.33927314275535,-66.5355360412465,0.013288984743737554,1.5112492173010805,0.48796971335513356,1.5880770683288574,0.011038444004952908,0.012244121171534061,0.011662468314170837,1.1394659280776978,0.013764823786914349,0.01702117919921875,-2.2561144828796387,200.4001007080078,0.0,0.0,0.9009032845497131,31,0.024159874767065048,false,13.285004615783691,14.072979927062988,12.425017356872559,91399.75094105484,32079.293730055168,84947.6473994267,14.36355209350586,6363.31103515625,17.29794692993164,1854.5145263671875,28.79673957824707,2949.905029296875,1.2803857326507568,0.07659177707761727,1.8552750110058418,11.263,10.52,10.402,0.027,0.026,0.023,AAA,16.857,0.04,15.338,0.017,13.829,0.07,11.513,0.145,,,,,,,1.0,4.184528643387944,3.612500109558242
82.510236,-65.933891,05300245-6556020,82.51028881905751,-65.93382613541746,-0.017111348878042963,1.5444131485627486,0.6096302502314178,1.6603797674179077,0.014782379381358624,0.016505684703588486,0.01567094959318638,-1.091915249824524,0.01801593229174614,0.021219342947006226,10.7637357711792,647.995849609375,0.11885502934455872,10.546804428100586,1.4920300245285034,31,0.030207902193069458,true,13.123458862304688,13.611318588256836,12.49698543548584,106062.81882117469,49078.28517782898,79499.45385324638,741.4571533203125,143.0464630126953,1341.279541015625,36.59064483642578,1207.9871826171875,65.81150817871094,1.2122790813446045,0.24605014674954398,1.8676007008947053,11.756,11.406,11.363,0.026,0.024,0.025,AAA,14.395,0.031,14.001,0.045,13.228,0.074,10.863,0.179,,,,,,,1.0,4.191372943960338,3.76127280837658
82.580741,-65.90361,05301937-6554129,82.5807303162786,-65.90356749497366,0.018786987754793934,1.7075251346370686,0.6536211731748592,1.8283497095108032,0.01740093156695366,0.018645022064447403,0.01875908114016056,1.0014876127243042,0.020703855901956558,0.02535502053797245,8.954277992248535,949.4073486328125,0.1702321320772171,24.470306396484375,1.3919798135757446,31,0.036003757268190384,false,12.932113647460938,13.688800811767578,12.08795166015625,126503.12769566594,45697.91651421339,115871.69817106714,30.554697036743164,4140.21875,60.97401428222656,749.4654541015625,69.74459075927734,1661.371826171875,1.2771985530853271,0.15382169559880202,1.0928642383203804,11.012,10.302,10.145,0.024,0.025,0.026,AAA,16.598,0.042,15.14,0.29,13.37,0.081,10.595,0.234,,,,,,,1.0,4.283654879872735,3.6109970381808516
82.606141,-66.959465,05302547-6657340,82.60617203530767,-66.95946446615422,-0.012796032696989083,1.664719641867725,0.46339801234261085,1.728013038635254,0.01660062000155449,0.015495200641453266,0.016087466850876808,-0.7954038381576538,0.021032338961958885,0.019768422469496727,4.2222466468811035,1000.220458984375,0.1422223448753357,20.908340454101562,1.1810530424118042,31,0.032074496150016785,false,12.262136459350586,12.34576416015625,12.085470199584961,234472.6692341013,157438.59570873986,116136.85508371468,59.460174560546875,3943.3564453125,132.84088134765625,1185.166748046875,57.911136627197266,2005.43212890625,1.166769027709961,0.04377022043282215,0.6000506448585217,11.822,11.771,11.724,0.024,0.028,0.029,AAA,12.634,0.034,12.309,0.088,12.328,0.053,10.437,0.114,,,,,,,1.0,4.553530537129079,3.9172050797019695
82.612863,-67.102829,05302708-6706101,82.61284725345071,-67.10282696135229,0.006200181294137552,1.6144772758233634,0.5394084843739908,1.7022039890289307,0.010468672029674053,0.011368637904524803,0.01093217357993126,0.5671499371528625,0.012998880818486214,0.015145343728363514,0.9025974273681641,327.4288024902344,0.0,0.0,1.0348358154296875,31,0.021195372566580772,false,13.330238342285156,14.144978523254395,12.454209327697754,87670.1074322605,30021.01505661951,82694.10192995194,24.261030197143555,3613.618408203125,36.96870803833008,812.0655517578125,60.34687805175781,1370.3128662109375,1.2856732606887817,0.0232449201398837,1.0884603929378505,11.236,10.472,10.337,0.022,0.024,0.025,AAA,16.575,0.062,15.359,0.018,13.81,0.065,11.226,0.175,,,,,,,1.0,4.188548902189321,3.6031834774403024
82.656436,-69.722893,05303754-6943224,82.65644352696673,-69.72288497989304,-0.003293305007172842,1.8620493413721646,0.5123172600585073,1.9312422275543213,0.015444265678524971,0.018126828595995903,0.016106875613331795,-0.20446579158306122,0.01821434311568737,0.024220995604991913,-0.7906335592269897,449.6273193359375,0.10251759737730026,6.039644718170166,0.9638305902481079,31,0.03487769886851311,false,12.95559310913086,13.320555686950684,12.418081283569336,123796.85203917212,64149.673792806476,85492.0579451719,40.124671936035156,3085.304931640625,43.25627899169922,1483.01416015625,42.723880767822266,2001.036865234375,1.2087684869766235,0.0303611849708281,0.39192373384305895,11.78,11.484,11.403,0.021,0.026,0.021,AAA,14.31,0.03,13.648,0.055,12.974,0.114,11.815,0.414,15.937853205513234,0.05867241323915296,17.41423602022575,0.10964109198446734,17.994557724332505,0.18219413359034534,1.0,4.188853644587415,3.7664864156115154
82.66349,-69.119286,05303923-6907094,82.66342955878031,-69.11927355574566,-0.009104738912197801,1.6818642068457335,0.5081153826237617,1.7569429874420166,0.012820410542190075,0.015098080970346928,0.014247660525143147,-0.6390339732170105,0.017943641170859337,0.020014990121126175,-3.436863660812378,194.73794555664062,0.0,0.0,0.8535682559013367,31,0.028459817171096802,false,13.511072158813477,14.007427215576172,12.811239242553711,74219.45258920368,34075.79269936762,59519.96549379394,114.55995178222656,647.8656005859375,158.7316436767578,214.6754913330078,265.8861389160156,223.85508728027344,1.2610677480697632,0.08956308488661574,0.6215015936223754,11.62,11.183,10.885,0.021,0.022,0.023,AAA,14.204,0.034,14.481,0.018,13.742,0.037,11.989,0.222,15.81671080544096,0.06331937607483368,16.950199655368596,0.12052538861396338,17.09929424002482,0.13701790415963588,1.0,4.085719114578561,3.646224649576515
82.67394,-69.192993,05304174-6911347,82.67393363336889,-69.19297354197639,0.024342622561895184,1.7007214512737332,0.4874616102093705,1.7692010402679443,0.018628273159265518,0.020039629191160202,0.01939438283443451,1.2551378011703491,0.025697525590658188,0.028225690126419067,0.39076927304267883,550.9431762695312,0.14339850842952728,11.979349136352539,1.0167838335037231,31,0.04097801819443703,false,12.720504760742188,12.813730239868164,12.491659164428711,153725.1256488707,102311.57571735817,79890.41111380921,712.4041137695312,215.78359985351562,1242.1170654296875,82.36870574951172,1123.7344970703125,71.09367370605469,1.1852452754974365,0.07052043980082394,0.48729186298288335,12.264,12.191,12.042,0.023,0.026,0.029,AAA,12.163,,13.054,,12.906,,10.967,0.121,,,12.22031219720312,0.04466255522445337,12.024799683369947,0.0440905374712102,1.0,4.112239669006054,3.81950055165012
82.684413,-68.60955,05304425-6836343,82.68438502919041,-68.60955825057795,-0.005066469484782038,1.76663977084515,0.5474157287734688,1.8495080471038818,0.01435816939920187,0.015376372262835503,0.015359709039330482,-0.3298545181751251,0.017675699666142464,0.019947802647948265,-0.06453213840723038,541.7800903320312,0.1132802814245224,9.09062385559082,0.9962157011032104,31,0.027761632576584816,false,12.915291786193848,13.191391944885254,12.448236465454102,128478.41385726108,72253.70612610968,83150.2305389425,88.15935516357422,1457.3428955078125,153.6869354248047,470.1356506347656,147.8957977294922,562.2217407226562,1.2095723152160645,0.04723328798294636,0.49826452928252535,11.748,11.481,11.315,0.021,0.025,0.022,AAA,13.613,0.01,13.524,0.01,13.156,0.01,11.258,0.141,14.788443942648945,0.049177774830307296,15.61741101557342,0.05300429753077652,15.679321870188243,0.061284316946522435,1.0,4.1778600746550065,3.747826574471194
82.71537,-67.028183,05305168-6701414,82.7153553711622,-67.02820930947541,0.021884727752726214,1.718638186639534,0.4941546679766592,1.78826904296875,0.011799747124314308,0.011391275562345982,0.011555434204638004,1.8938905000686646,0.015057994984090328,0.015798227861523628,1.1859326362609863,531.43798828125,0.07830943912267685,6.110217094421387,1.048071265220642,31,0.02256932482123375,false,12.347403526306152,12.606812477111816,11.926810264587402,216763.09781873698,123791.79644213097,134410.7877525702,25.66851806640625,8444.7060546875,47.638458251953125,2598.568603515625,36.1590690612793,3717.208251953125,1.191174030303955,0.0969185774597719,0.44261711255086533,11.445,11.217,11.074,0.026,0.03,0.023,AAA,13.256,0.186,12.794,0.066,12.378,0.168,10.842,0.535,,,,,,,1.0,4.325607236457942,3.7684192586611873
82.717271,-68.693733,05305214-6841374,82.71721002777413,-68.69375004487304,-0.012359473754464556,1.7775350836547859,0.5737840783785865,1.8678487539291382,0.01602679304778576,0.01751197874546051,0.017165306955575943,-0.720026433467865,0.02034115046262741,0.023959366604685783,1.9881072044372559,813.1146850585938,0.1475650519132614,17.49163246154785,1.0835096836090088,31,0.033375367522239685,false,12.474869728088379,12.558085441589355,12.29271125793457,192751.93347448064,129474.04432791434,95956.353837608,84.28564453125,2286.88916015625,168.43118286132812,768.7058715820312,100.38958740234375,955.8397216796875,1.1695363521575928,0.10062930262133982,0.5875409016373558,12.048,11.973,11.914,0.021,0.024,0.023,AAA,12.573,,12.704,,12.586,,11.097,0.14,13.383654136263145,0.043544095705516664,13.83689215702264,0.044396609993478886,13.72343390970028,0.045459506823454836,1.0,4.360068647289316,3.8766035081338885
82.751967,-69.18647,05310047-6911112,82.75196538017889,-69.18646086577992,0.004632782815591237,1.6375235491824585,0.4826059711773484,1.7071590423583984,0.012209489941596985,0.013737643137574196,0.013296564109623432,0.34841954708099365,0.0161591786891222,0.017537083476781845,-3.490619421005249,245.19436645507812,0.0,0.0,0.85655277967453,31,0.024990493431687355,false,13.29235553741455,13.424738883972168,13.01624584197998,90782.98973136865,58280.2198554658,49278.76381036243,114.02433776855469,796.1720581054688,196.9867706298828,295.8585510253906,170.1362762451172,289.64288330078125,1.1847922801971436,0.032948409568815944,0.7950279085604767,12.672,12.555,12.486,0.026,0.027,0.038,AAA,12.693,0.01,13.394,0.01,13.226,0.01,12.61,0.123,13.403876081669596,0.04480553152679469,13.836756564691072,0.04583705709612496,13.543354359952133,0.04626834329036862,1.0,4.002228999584012,3.837800052497645
82.791314,-67.030815,05310991-6701509,82.79132049025536,-67.03082865303563,0.009016571024184307,1.6441533756950857,0.5391477079474877,1.730294942855835,0.011826476082205772,0.011453256942331791,0.011430744081735611,0.7888000011444092,0.015069439075887203,0.015514419414103031,1.047866702079773,302.82318115234375,0.0,0.0,1.0425866842269897,31,0.022917330265045166,false,13.358969688415527,14.140776634216309,12.494123458862305,85380.55827766881,30137.428770678845,79709.25238996273,29.15115737915039,2928.890869140625,41.38197326660156,728.2743530273438,62.1046028137207,1283.4676513671875,1.2865537405014038,0.04998948463267903,0.9033660448629567,11.323,10.612,10.422,0.027,0.028,0.026,AAA,16.913,0.066,15.334,0.019,13.818,0.022,10.989,0.111,,,,,,,1.0,4.153473223523376,3.6027088418485076
83.069673,-66.395912,05321672-6623452,83.06968430179805,-66.39589328148958,0.01365809300166649,1.564187403771269,0.5572951586942548,1.660499930381775,0.010657656006515026,0.013289397582411766,0.011337119154632092,1.2047233581542969,0.013224574737250805,0.016546405851840973,0.8117077946662903,313.5583801269531,0.0,0.0,1.0317884683609009,31,0.024135462939739227,false,13.502878189086914,14.280430793762207,12.650601387023926,74781.72993669109,26499.92690960645,69010.87320647067,24.453161239624023,3058.162109375,34.57280731201172,766.4962158203125,60.06464767456055,1148.9432373046875,1.2771942615509033,0.06932799189692115,1.5215324379088755,11.511,10.792,10.639,0.022,0.024,0.021,AAA,16.857,0.056,15.481,0.018,13.974,0.035,12.067,0.132,,,,,,,1.0,4.083053130730445,3.6097525873078
83.086202,-68.846603,05322068-6850477,83.0862369832315,-68.84657652535915,0.0020289024687576013,1.565663696722063,0.43560097494828837,1.6251311302185059,0.011433400213718414,0.012193129397928715,0.012026491574943066,0.16870278120040894,0.015632331371307373,0.017437931150197983,-0.04426221922039986,302.3514404296875,0.0,0.0,0.9969632029533386,31,0.02461928315460682,false,13.105807304382324,13.347321510314941,12.70555305480957,107801.27198529114,62587.613457963176,65604.99377136955,34.121116638183594,3159.37109375,40.153099060058594,1558.724365234375,33.84966278076172,1938.12841796875,1.1891567707061768,0.1055898359656421,1.2544868114369505,12.203,12.032,11.913,0.024,0.028,0.027,AAA,14.123,0.01,13.694,0.01,13.266,0.01,11.991,0.142,15.502006188516352,0.05381896008902173,16.703203671059114,0.07337993279327279,16.822821492989803,0.09328816220683038,1.0,4.069520026269038,3.7941565760488163
83.187091,-66.874779,05324490-6652292,83.18715873195138,-66.87477737367631,-0.022278405800640045,1.6660381576726342,0.563828129502513,1.7588590383529663,0.01634880341589451,0.016010090708732605,0.017243066802620888,-1.2920210361480713,0.02098483219742775,0.020328357815742493,1.8617397546768188,973.9970703125,0.154907688498497,23.40232276916504,1.0749543905258179,31,0.030947118997573853,false,12.44559383392334,12.502676963806152,12.315360069274902,198020.07364000476,136253.0665747005,93975.36057179858,30.035478591918945,6592.8720703125,66.45655822753906,2050.257568359375,32.60017395019531,2882.664306640625,1.1626520156860352,0.09594305758248323,0.8682375758720576,12.114,12.038,12.016,0.024,0.021,0.024,AAA,12.603,0.11,12.428,0.073,12.455,0.027,11.331,0.316,,,,,,,1.0,4.4367305371290735,3.917205079701967
83.242337,-67.555969,05325816-6733214,83.24238521461074,-67.55597308609907,-0.00498545177880634,1.6775676057118962,0.47297291275109876,1.7429677248001099,0.01622880809009075,0.017277956008911133,0.016669154167175293,-0.2990824580192566,0.01950119622051716,0.023360872641205788,-0.35132867097854614,815.3036499023438,0.15392686426639557,21.399858474731445,0.9843614101409912,31,0.03366120159626007,false,12.42536449432373,12.486825942993164,12.269821166992188,201744.17791407896,138256.85013245296,98000.84330098894,186.5784912109375,1081.283203125,349.79071044921875,395.25592041015625,256.3536071777344,382.2877502441406,1.171075701713562,0.06787970877616999,0.555640125798072,12.11,12.007,11.982,0.024,0.029,0.023,AAA,12.113,0.01,12.584,0.01,12.506,0.01,10.79,0.119,,,,,,,1.0,4.3506652810012465,3.8824275331024816
83.291798,-67.733246,05331003-6743596,83.29184434711941,-67.73324023974527,0.005496850589695279,1.6124778713561125,0.5445037679846302,1.7019309997558594,0.009856748394668102,0.010423436760902405,0.010295763611793518,0.5338943600654602,0.013285999186336994,0.014233182184398174,-4.037148475646973,349.7733154296875,0.0336935892701149,1.0246096849441528,0.8332257270812988,31,0.020025715231895447,false,11.915580749511719,12.517035484313965,11.163349151611328,322637.1237362271,134463.00790623482,271530.5524878801,584.2085571289062,552.2636108398438,964.20654296875,139.45457458496094,1276.44140625,212.7246551513672,1.258359670639038,0.06653652867535512,1.1171276961791152,10.18,9.774,9.497,0.023,0.024,0.019,AAA,14.033,0.01,13.344,0.01,12.316,0.01,9.533,0.094,,,,,,,1.0,4.687016281093459,3.661678631879852
83.400133,-67.500008,05333603-6730000,83.40012598284662,-67.50000848905987,0.01607329449629738,1.6336811501382378,0.5818597215138528,1.734207272529602,0.013056515716016293,0.015974076464772224,0.014477524906396866,1.1102238893508911,0.016096798703074455,0.020030468702316284,-0.5945287942886353,558.5303344726562,0.10681150108575821,8.756765365600586,0.9749837517738342,31,0.029373308643698692,false,12.944319725036621,13.217392921447754,12.500588417053223,125088.91167450341,70543.91129571172,79236.06572642796,37.08539962768555,3372.99609375,35.84572219848633,1967.9869384765625,37.578887939453125,2108.526123046875,1.1973881721496582,0.009826265939690295,1.1074036590413698,11.962,11.734,11.636,0.023,0.025,0.024,AAA,13.943,0.01,13.544,0.01,13.106,0.01,11.259,0.182,,,,,,,1.0,4.142099473618925,3.7826626300754738
83.401523,-69.386848,05333636-6923126,83.40155296419424,-69.38683538307829,-0.011996023708145193,1.666850251802447,0.5663088672420767,1.7604248523712158,0.011673823930323124,0.013352502137422562,0.011510198935866356,-1.042208194732666,0.014660056680440903,0.01763976737856865,0.02860783040523529,322.9227600097656,0.0,0.0,1.000084638595581,31,0.025950638577342033,false,13.164637565612793,13.747394561767578,12.451668739318848,102115.51213854505,43297.13727425345,82887.81436717532,425.70672607421875,239.87290954589844,624.025146484375,69.3836441040039,864.7554321289062,95.85116577148438,1.2357079982757568,0.05920550734195307,0.874785723397676,11.694,11.405,11.023,0.028,0.035,0.027,AAA,15.643,0.04,14.894,0.01,13.596,0.01,12.299,0.127,16.163333702911967,0.062262123047033525,16.893223492496446,0.08732433190299063,16.954761474400538,0.10836475403188436,1.0,4.08753775975765,3.665410331422831
83.437062,-67.000183,05334489-6700006,83.43712170277203,-67.00019992899624,-0.02688003594734563,1.679077261303764,0.5551955163214901,1.7684859037399292,0.014132649637758732,0.014740237034857273,0.014272266067564487,-1.8833755254745483,0.01944989711046219,0.019446130841970444,1.2245309352874756,805.5780639648438,0.12130439281463623,14.478047370910645,1.0484098196029663,31,0.02898569405078888,false,12.4525785446167,12.537065505981445,12.273167610168457,196750.27117927241,132005.05465460956,97699.25311048176,36.23720169067383,5429.5107421875,57.29937744140625,2303.778076171875,36.817508697509766,2653.6083984375,1.1674916744232178,0.1037628045446554,0.778621920611192,11.983,11.93,11.85,0.028,0.028,0.027,AAA,12.826,0.022,12.556,0.126,12.482,0.077,10.883,0.129,,,,,,,1.0,4.388588472900606,3.877550962474086
83.492801,-68.694839,05335827-6841414,83.49280421179115,-68.69485275489455,-0.05075689076195512,1.6869648278595986,0.5183327137993772,1.7648000717163086,0.014773830771446228,0.016172930598258972,0.015586291439831257,-3.2565085887908936,0.017961084842681885,0.021044708788394928,-2.1861073970794678,775.1781005859375,0.13179057836532593,14.021102905273438,0.9138322472572327,31,0.03058451972901821,false,12.853232383728027,12.898322105407715,12.737582206726074,136036.01448276686,94642.86224431335,63697.92302253798,89.66239929199219,1517.2025146484375,161.0453338623047,587.6784057617188,103.54121398925781,615.1939086914062,1.1639622449874878,0.04969550772154354,0.6277632532156253,12.583,12.534,12.506,0.026,0.021,0.026,AAA,12.693,0.01,13.034,0.01,12.976,0.01,12.041,0.122,13.044489402828875,0.04445823532752957,13.363223743221473,0.044023946138494516,13.219815033863167,0.0445619970582333,1.0,4.322240255516469,3.9482999604278866
83.579468,-67.108109,05341907-6706291,83.57948278325381,-67.10811460313782,0.06404480437003933,1.6528016834693164,0.2135644666347797,1.6665422916412354,0.048873402178287506,0.04933922737836838,0.04924017935991287,1.3006614446640015,0.06620130687952042,0.06391759216785431,-16.199520111083984,6810.04638671875,0.5369066596031189,269.40216064453125,0.40791717171669006,31,0.09903672337532043,false,12.530976295471191,12.443821907043457,12.674729347229004,183044.3475237764,143842.77857390893,67494.17520798117,114.70960998535156,1595.7193603515625,271.5321960449219,529.7448120117188,138.8419647216797,486.122314453125,1.154567003250122,0.02890430990091017,0.6429839170324879,13.004,12.965,12.925,0.028,0.043,0.032,AAA,11.413,0.01,12.474,0.01,12.656,0.01,12.127,0.188,,,,,,,1.0,4.14642432718842,3.9450610404637265
83.666828,-67.502647,05344003-6730095,83.66681891589232,-67.50265264063472,-0.024960660768474772,1.5932018903923042,0.618047495223214,1.7088812589645386,0.011947783641517162,0.01298652682453394,0.012854687869548798,-1.9417555332183838,0.014479991048574448,0.01664959266781807,1.967253565788269,764.7774047851562,0.10937950015068054,12.069092750549316,1.073769211769104,31,0.023864902555942535,false,12.517489433288574,12.654906272888184,12.235189437866211,185332.20590020609,118428.03317909276,101177.17694994813,62.95637130737305,2943.819580078125,115.0286636352539,1029.5523681640625,101.70198822021484,994.8397216796875,1.1849274635314941,0.023852271024446436,1.5131580208856112,11.858,11.72,11.635,0.023,0.026,0.021,AAA,12.923,0.01,12.764,0.01,12.566,0.01,10.83,0.139,,,,,,,1.0,4.273367983244556,3.819058465250743
83.899876,-69.118477,05353597-6907065,83.89989799828933,-69.11848346085175,-0.03700120837711122,1.235456225386139,0.7374775928035414,1.4388277530670166,0.01711028441786766,0.017440687865018845,0.016576634719967842,-2.232130289077759,0.024089299142360687,0.02171522006392479,-1.0785236358642578,654.5062255859375,0.13372942805290222,12.320000648498535,0.954015851020813,31,0.03447164595127106,false,12.783920288085938,12.85643482208252,12.600409507751465,145003.57782525197,98365.54663027778,72276.04185924797,110.83869171142578,1308.23974609375,228.8399200439453,429.8443603515625,192.9830780029297,374.5201110839844,1.176809549331665,0.03657568753288317,6.698485245687698,12.399,12.328,12.302,0.027,0.039,0.042,AAA,12.203,0.01,13.064,0.01,12.926,0.01,11.438,0.17,,,12.22220453177852,0.05198532286887452,12.051107773479854,0.04485308065208463,1.0,4.3259806606381845,3.918547437934947
83.900594,-68.534393,05353614-6832038,83.90066637351464,-68.53439042721192,-0.02751908335215071,1.6517144788391092,0.5663612987525758,1.746117353439331,0.01387863326817751,0.01611970365047455,0.014551319181919098,-1.891174554824829,0.01650267466902733,0.020387763157486916,13.708197593688965,881.8660888671875,0.12246321141719818,12.618290901184082,1.5840482711791992,31,0.029492411762475967,false,13.070841789245605,13.470775604248047,12.488202095031738,111329.4862785049,55860.71203772108,80145.19585081522,1707.48828125,65.20072937011719,3033.118896484375,18.416921615600586,2348.8115234375,34.1215934753418,1.2216521501541138,0.09579322262062445,0.9505997061350507,11.961,11.689,11.615,0.023,0.025,0.029,AAA,15.12,0.183,14.601,0.018,13.507,0.113,11.621,0.12,16.38865841367414,0.06490641801768282,17.836383347097627,0.12211825543518574,,,1.0,4.131470192872771,3.776368819875124
83.935222,-66.882256,05354445-6652561,83.93527654515628,-66.88223724691193,-0.05746438203602511,1.6593987939158426,0.4578832531396759,1.7214126586914062,0.020344167947769165,0.021363677456974983,0.020923016592860222,-2.746467351913452,0.025460852310061455,0.0303318053483963,-1.651391863822937,1780.970703125,0.22507265210151672,51.57882308959961,0.9341089725494385,31,0.0424724705517292,false,12.2910737991333,12.260830879211426,12.304338455200195,228306.03726322303,170249.03490557132,94934.21255567901,166.34580993652344,1372.4783935546875,352.05731201171875,483.5832824707031,217.65301513671875,436.1722717285156,1.1615253686904907,0.1024772552771822,0.6160750832405436,12.366,12.344,12.273,0.024,0.027,0.026,AAA,11.574,0.022,12.213,0.081,12.389,0.118,10.94,0.14,,,,,,,1.0,4.352406119856421,3.9240485217880896
83.955935,-66.700485,05354942-6642017,83.95595475433484,-66.70046807940837,0.01315860587344464,1.451436700917713,0.44135506472823494,1.5170572996139526,0.017403464764356613,0.019014742225408554,0.01870562508702278,0.7034571766853333,0.023297643288969994,0.025830909609794617,11.752431869506836,1104.7659912109375,0.17499303817749023,28.228797912597656,1.5196791887283325,31,0.03650112450122833,false,12.989498138427734,13.539400100708008,12.371442794799805,119990.66395349978,52439.28446917347,89244.45914992248,921.8014526367188,130.1697540283203,1152.63671875,45.49506759643555,1573.0107421875,56.734806060791016,1.1807897090911865,0.06709520893116203,2.4776217250668457,11.388,11.104,11.004,0.023,0.026,0.023,AAA,13.861,0.146,13.568,0.03,12.659,0.059,11.596,0.445,,,,,,,1.0,4.342513342103172,3.764216495913198
84.059698,-69.191147,05361432-6911281,84.05976628323344,-69.19114063741205,-0.005583629232980097,1.663064282602972,0.5832138389942833,1.7623623609542847,0.011891646310687065,0.011876040138304234,0.011533443816006184,-0.4841250479221344,0.015999479219317436,0.014340559020638466,-1.9765037298202515,268.0764465332031,0.0,0.0,0.9187811613082886,31,0.02224455215036869,false,13.148685455322266,13.356612205505371,12.758622169494629,103626.93034921207,62054.332579213435,62475.43674288479,112.82439422607422,918.4798583984375,203.2557373046875,305.3017578125,154.12452697753906,405.35687255859375,1.2017123699188232,0.09028175615540955,0.9557942496574254,12.306,12.122,12.004,0.026,0.027,0.028,AAA,13.123,0.01,13.594,0.01,13.256,0.01,11.966,0.15,13.818749982165745,0.04571001958355938,14.660461159078402,0.05200089757255981,14.462019171569588,0.05012703775786013,1.0,4.01970671496329,3.790269281288652
84.073025,-68.963707,05361752-6857493,84.07305557443254,-68.96372707691513,-0.08870508496135875,1.695349517727405,0.5993579821148678,1.798176884651184,0.02830919250845909,0.026848413050174713,0.027925502508878708,-3.176490068435669,0.03645974025130272,0.03358125686645508,7.334151268005371,2319.119140625,0.2978052496910095,65.13214111328125,1.3079057931900024,31,0.05097928270697594,false,12.82689380645752,12.822915077209473,12.777563095092773,139376.42585526238,101449.68814386892,61394.97368839843,72.73973083496094,1916.09765625,131.42507934570312,771.9202880859375,80.19384765625,765.5820922851562,1.1683802604675293,0.08237099637861048,0.8758606085819776,12.758,12.748,12.593,0.025,0.03,0.028,AAA,12.033,0.01,12.934,0.01,12.906,0.01,12.019,0.132,,,,,,,1.0,4.006501901954468,3.851283034833622
84.26094,-69.643074,05370262-6938350,84.26086982923493,-69.64295365377286,-0.05269529774390472,1.9011385266972447,0.5440494141110171,1.977452278137207,0.019840314984321594,0.02073628269135952,0.02142074890434742,-2.4600119590759277,0.022725773975253105,0.025401225313544273,-2.130338191986084,1521.8140869140625,0.2080816924571991,37.47477722167969,0.9176245331764221,31,0.03658471256494522,false,12.214278221130371,12.208669662475586,12.16543197631836,245039.11914554605,178627.72931267944,107891.0656917057,271.54351806640625,902.3935546875,536.2423706054688,333.1100769042969,378.8896484375,284.75592041015625,1.1692777872085571,0.4420687353082266,0.610106578190151,12.056,11.892,11.886,0.032,0.036,0.042,AAA,11.428,0.041,12.172,0.117,12.043,0.067,11.291,0.278,,,,,,,1.0,4.277521028266938,3.8478405953608714
84.266308,-69.167656,05370391-6910035,84.26633131861706,-69.16767771993047,-0.05709066285865569,1.512917496979704,0.7297803052091669,1.6797317266464233,0.014401501975953579,0.013903552666306496,0.014380746521055698,-3.969937324523926,0.019043801352381706,0.018196212127804756,-3.079197883605957,517.2030029296875,0.10232638567686081,7.269869327545166,0.8773044347763062,31,0.02652362920343876,false,12.924691200256348,13.073410034179688,12.650398254394531,127370.91039334716,80547.63038569831,69023.78133316404,255.4058380126953,498.7000732421875,518.8535766601562,155.24154663085938,448.9991760253906,153.7280731201172,1.1742980480194092,0.08369730019143239,2.7194936510378036,12.274,12.171,12.058,0.023,0.027,0.032,AAA,12.493,0.01,13.204,0.01,13.006,0.01,11.632,0.149,12.796741609747931,0.04557144326992808,13.355631660685573,0.04554197508243003,13.127141996616912,0.04599241008723683,1.0,4.11608628414004,3.82221746608736
84.43914,-69.309685,05374539-6918348,84.43913265988243,-69.30967611820745,0.047472689091590636,1.9005347263364487,0.6026392572703695,1.993791937828064,0.017633339390158653,0.016649357974529266,0.017100118100643158,2.7761614322662354,0.024251744151115417,0.02075071632862091,2.5861499309539795,799.8853149414062,0.1542966067790985,17.59678840637207,1.1066244840621948,31,0.03442247584462166,false,12.843300819396973,12.939300537109375,12.599592208862305,137286.09163849667,91137.43881627102,72330.44916123341,107.66984558105469,1275.0654296875,219.76861572265625,414.6972351074219,215.2840576171875,335.976806640625,1.1907097101211548,0.03330961040973031,0.8771263036808876,12.36,12.242,12.187,0.024,0.025,0.026,AAA,12.743,0.01,13.134,0.01,12.956,0.01,12.584,0.199,13.10466048627458,0.043811628858240775,13.574892810193115,0.044051761563953726,13.388007092808753,0.04456908343903078,1.0,4.150229266471198,3.8458484697893516
84.611746,-69.764206,05382681-6945511,84.61176821222664,-69.7642099862059,0.001089991152142429,1.7693300775179122,0.590059137608777,1.8651269674301147,0.014757147058844566,0.013626194559037685,0.013891104608774185,0.07846684008836746,0.018422957509756088,0.01763112097978592,-4.821591377258301,683.1473388671875,0.1066616103053093,9.201148986816406,0.8117477893829346,31,0.026728589087724686,false,10.908990859985352,11.012678146362305,10.682861328125,815361.6250538282,537459.5578922601,422681.91397073254,648.8096923828125,1256.703857421875,1262.4417724609375,425.73016357421875,884.6036376953125,477.8206787109375,1.1775652170181274,0.03115949540494733,0.6659303986220725,10.389,10.314,10.281,0.021,0.024,0.023,AAA,10.675,0.118,11.271,0.095,10.945,0.078,10.156,0.152,,,12.379467964172365,0.052650626748800285,12.019431296893034,0.045484455009306216,1.0,5.095434638220906,3.9044726887439354
84.661939,-69.13736,05383886-6908144,84.66195550825508,-69.13738162254838,0.02736258294477251,1.8085384651580023,0.6440261606850632,1.9197866916656494,0.014260377734899521,0.012493514455854893,0.013456153683364391,2.0334625244140625,0.01795218326151371,0.016553357243537903,1.058584451675415,450.73883056640625,0.07758486270904541,4.59065055847168,1.0447266101837158,31,0.025255315005779266,false,12.477442741394043,12.797542572021484,11.917064666748047,192295.65394434807,103848.44796316618,135622.66283928024,209.99293518066406,915.7244262695312,376.66314697265625,275.7064208984375,495.908203125,273.4833984375,1.2453277111053467,0.08066715326801507,0.9144648784364823,11.184,10.898,10.697,0.027,0.032,0.027,AAA,12.623,0.01,13.114,0.01,12.516,0.01,10.44,0.126,13.365612981856911,0.045712280774032096,14.226518882131215,0.049056176524095836,14.04445319234886,0.05016070942068434,1.0,4.381062788787544,3.7288633644749063
84.677308,-69.017288,05384255-6901022,84.67735318493712,-69.01731208185845,-0.039514207653541945,1.6148134040198672,0.507802947594618,1.6927746534347534,0.012424624525010586,0.016013437882065773,0.014359084889292717,-2.751861095428467,0.016220981255173683,0.020337220281362534,-4.0995941162109375,374.51513671875,0.060321055352687836,2.391873598098755,0.8321987986564636,31,0.0302434004843235,false,13.089290618896484,13.14385986328125,12.954302787780762,109453.74193861545,75487.15236531246,52171.96849256055,104.84791564941406,1043.9285888671875,225.01768493652344,335.4720764160156,126.51622772216797,412.37371826171875,1.1663293838500977,0.10444538706979484,0.9994312064401902,12.785,12.708,12.698,0.026,0.037,0.033,AAA,12.363,0.03,13.274,0.03,13.176,0.03,12.362,0.171,12.29246425628662,0.04286517575383186,12.466668682530887,0.04837367663894966,12.277858937791324,0.04659453128085273,1.0,4.2053321690778604,3.9327087008420003
84.679486,-69.025673,05384307-6901324,84.67953095800385,-69.02570793145348,-0.0012972938502732907,1.6332428579665625,0.5763787603818178,1.7319626808166504,0.015013977885246277,0.015396752394735813,0.016900744289159775,-0.07675957679748535,0.019512590020895004,0.022072486579418182,-1.7839685678482056,579.3529663085938,0.11160345375537872,8.41436767578125,0.9259818196296692,31,0.03240900859236717,false,13.036505699157715,13.08138656616211,12.91981315612793,114906.47350992558,79958.0420595729,53855.838836182294,128.5712890625,893.7179565429688,292.8011169433594,273.0797119140625,212.31886291503906,253.65545654296875,1.164546012878418,0.13845644005769528,1.0886338983457404,12.756,12.652,12.602,0.027,0.028,0.029,AAA,12.393,0.01,13.284,0.01,13.246,0.01,12.424,0.18,,,12.285569821328702,0.04943709313116645,12.107850436270715,0.046286860440236735,1.0,4.03016945132009,3.859436136756305
84.690958,-66.614372,05384582-6636517,84.69104679490754,-66.61438331343645,0.014087902538660277,1.4259349369272862,0.6717469543416499,1.5762405395507812,0.00945181306451559,0.011916718445718288,0.010904058814048767,1.2919870615005493,0.01221260242164135,0.015495339408516884,-1.4697152376174927,299.8851013183594,0.0,2.3091060466306048E-15,0.9398171901702881,31,0.022145001217722893,false,13.058560371398926,13.700626373291016,12.276886940002441,112595.93661556288,45202.890905370004,97365.12970813026,27.661293029785156,4070.523193359375,36.87279510498047,1225.9144287109375,36.947566986083984,2635.224365234375,1.2661914825439453,0.13325601631949807,3.4062090520186095,11.129,10.438,10.226,0.024,0.024,0.023,AAA,14.407,0.206,14.507,0.014,13.579,0.049,10.852,0.106,,,,,,,1.0,4.230805090610605,3.602236139070274
84.738261,-68.948074,05385718-6856530,84.73823652193607,-68.94809392177822,-0.027080934122400313,1.8105951234748487,0.8435812477260243,1.997469425201416,0.01857849396765232,0.020307790488004684,0.019312886521220207,-1.4022209644317627,0.02257676050066948,0.02785452827811241,1.9085612297058105,1211.2496337890625,0.18866421282291412,30.781970977783203,1.0772682428359985,31,0.03970930725336075,false,12.703518867492676,12.731047630310059,12.595980644226074,156149.00324919142,110407.32906628595,72571.46915032787,127.34027099609375,1226.2342529296875,265.4667663574219,415.89886474609375,181.37753295898438,400.11279296875,1.1718217134475708,0.07839338484253074,2.292579012987408,12.491,12.426,12.38,0.026,0.024,0.031,AAA,11.993,0.01,12.894,0.01,12.846,0.01,12.009,0.277,,,,,,,1.0,4.245662760120899,3.9008874566970144
84.77477,-69.274086,05390594-6916267,84.7747325277097,-69.27410001464652,0.016609415629896308,1.934122965430253,0.7456995356660538,2.0728964805603027,0.011407124809920788,0.010645421221852303,0.011665042489767075,1.4238624572753906,0.01539336796849966,0.015703286975622177,-3.3560094833374023,496.66448974609375,0.06881329417228699,4.6861138343811035,0.8701218366622925,31,0.02353154867887497,false,12.057783126831055,12.294981002807617,11.639102935791016,283030.59844424156,164977.4454152737,175193.1855881074,262.2923889160156,1079.065185546875,494.178466796875,333.8418273925781,464.3798522949219,377.2626647949219,1.2018864154815674,0.06945985158424636,1.919369897446884,11.091,10.922,10.777,0.021,0.022,0.021,AAA,12.316,0.03,12.565,0.03,12.255,0.178,11.532,0.063,13.23188214440595,0.042791241472126006,14.101160929113213,0.04433164595348658,13.964568112340482,0.04518130825386544,1.0,4.49779683561795,3.7864479220887217
84.834334,-69.107307,05392024-6906263,84.83437454897914,-69.10732749152542,-0.049420250985037426,1.9510311666363451,0.789650500149816,2.1047732830047607,0.015728719532489777,0.014925125055015087,0.016425399109721184,-3.008770227432251,0.021874701604247093,0.021703438833355904,3.13802433013916,608.174072265625,0.11827056854963303,9.997780799865723,1.1354820728302002,31,0.03183898329734802,false,12.763511657714844,12.93978214263916,12.42109203338623,147754.9687545289,91096.99867594651,85255.26696963409,137.07525634765625,1077.9112548828125,242.07534790039062,376.31671142578125,212.39857482910156,401.3928527832031,1.1935454607009888,0.09028821262498106,2.3519113003841654,11.982,11.854,11.759,0.023,0.022,0.027,AAA,12.803,0.01,13.174,0.01,12.886,0.01,10.863,0.18,13.31987302989543,0.04547641401380265,13.883057931188366,0.047258553489921536,13.73149978536324,0.048034624783921634,1.0,4.223767983244558,3.8190584652507433
84.916091,-69.20118,05393986-6912042,84.91612708343041,-69.20120198289405,0.02134362557898878,1.6767674075529586,0.5874962206252796,1.7767106294631958,0.012394968420267105,0.012738022953271866,0.013236934319138527,1.6124296188354492,0.016164176166057587,0.01807476580142975,-0.18984660506248474,608.1640014648438,0.07981489598751068,4.550395965576172,0.9916260838508606,31,0.026584461331367493,false,12.982963562011719,13.164881706237793,12.642579078674316,120714.98801875961,74039.62679385321,69522.70831520624,127.94911193847656,943.4609375,224.16351318359375,330.2929382324219,246.97193908691406,281.50042724609375,1.1892669200897217,0.09159965420481975,0.9089676597092967,12.229,12.152,12.027,0.029,0.038,0.035,EAA,12.823,0.01,13.214,0.01,12.886,0.01,11.572,0.088,13.643598819181815,0.043272629690951483,14.528509375717391,0.04528948928146384,14.291427743400414,0.04647555173698085,1.0,4.153917007288337,3.829034761253038
84.916984,-69.742706,05394007-6944337,84.91698785994203,-69.74268831698087,-0.0064501903605110635,1.9978248324475458,0.6232869109207496,2.092794895172119,0.01104877982288599,0.010359696112573147,0.011327909305691719,-0.5694069266319275,0.013405709527432919,0.015291737392544746,-5.300465106964111,459.2583923339844,0.046076636761426926,1.841855764389038,0.7982261180877686,31,0.021431006491184235,false,12.040140151977539,12.210492134094238,11.684642791748047,287667.33430400473,178328.23769539339,167996.88810267358,308.11224365234375,933.6445922851562,514.8101806640625,346.3960876464844,524.0791625976562,320.55633544921875,1.2039084434509277,0.06384042242359028,1.4980959909058196,11.196,11.002,10.857,0.026,0.032,0.023,AAA,11.745,0.033,12.295,0.035,12.08,0.054,11.493,0.18,,,12.62034773421858,0.04469916843292554,12.28270374450533,0.04434372548957199,1.0,4.44118678666941,3.778573989387327
84.979328,-67.15332,05395503-6709119,84.97944638786525,-67.15332159134756,0.07961128893092176,1.5764948805723602,0.7587945050360818,1.7496014833450317,0.014350959099829197,0.013961244374513626,0.01617117039859295,4.923038005828857,0.02270524390041828,0.02058037556707859,0.6539111137390137,561.7128295898438,0.11198899149894714,9.52548885345459,1.0264230966567993,31,0.035203542560338974,false,12.925580978393555,13.159361839294434,12.53859806060791,127266.5771564053,74416.99175375512,76510.1570291041,25.542678833007812,4982.5068359375,36.7475471496582,2025.0872802734375,23.219728469848633,3295.049560546875,1.1859134435653687,0.16557689056551433,2.3597090304268775,12.091,11.821,11.807,0.026,0.022,0.027,AAA,13.843,0.216,13.464,0.072,12.992,0.111,11.763,0.372,,,,,,,1.0,4.1189205214853475,3.796135790592709
85.088533,-69.3116,05402124-6918417,85.08855417480962,-69.31158019186468,0.04305448035379439,1.9017806997876237,0.6305505998828846,2.0035877227783203,0.011508611962199211,0.012533188797533512,0.012654717080295086,3.402247428894043,0.01487314235419035,0.017109550535678864,0.45572203397750854,487.6689147949219,0.06995374709367752,4.410756587982178,1.0178838968276978,31,0.0244500320404768,false,12.364616394042969,12.624124526977539,11.922904014587402,213353.6931674533,121833.62362720568,134895.2722799649,186.8274383544922,1141.982666015625,369.81231689453125,329.4471740722656,336.5618591308594,400.8038024902344,1.2033019065856934,0.07622518032036087,1.0307526192683085,11.447,11.298,11.219,0.021,0.022,0.024,AAA,12.873,0.01,12.984,0.01,12.546,0.01,11.969,0.072,13.759714013148036,0.04348630048302028,14.94431162016479,0.048533364512626284,14.832968587842258,0.050464744472327405,1.0,4.431559504173089,3.816891233063703
85.284794,-67.3564,05410835-6721230,85.28477469126216,-67.35638210809662,0.03685689259368668,1.535635887130919,0.680161921644619,1.6795231103897095,0.012589703314006329,0.011590165086090565,0.012060192413628101,3.0560784339904785,0.015920842066407204,0.01565701887011528,3.3212766647338867,431.4037170410156,0.061585020273923874,2.7830352783203125,1.1388635635375977,31,0.022552570328116417,false,13.052181243896484,13.337115287780762,12.573446273803711,113259.3552818565,63178.7273688718,74093.44474580846,274.52972412109375,412.5577087402344,533.6211547851562,118.3962173461914,452.9273376464844,163.58792114257812,1.212016224861145,0.0697491925877464,2.2539175354253254,11.976,11.764,11.628,0.022,0.026,0.024,AAA,13.319,0.02,13.65,0.063,13.204,0.106,11.229,0.121,,,,,,,1.0,4.124433844514464,3.7757376491694967
85.288253,-69.180138,05410918-6910484,85.28826577081333,-69.18014486650655,-0.06828760033445573,1.7850836789411522,0.5477396169112583,1.8672285079956055,0.025069162249565125,0.026569800451397896,0.027134735137224197,-2.5166120529174805,0.03507363796234131,0.035342633724212646,1.5650914907455444,320.2007141113281,0.06773702800273895,0.6674419641494751,1.066114902496338,31,0.05265934020280838,false,15.400379180908203,16.229949951171875,14.380552291870117,13025.524641055099,4399.837045650477,14026.108695403882,6.642628192901611,1960.8992919921875,42.328365325927734,103.94535827636719,39.488643646240234,355.1934814453125,1.4146029949188232,0.02963233569670669,0.476745714860329,11.728,12.031,10.99,,0.034,,UAU,18.645,0.115,17.625,0.07,16.071,0.044,14.213,0.056,,,,,,,1.0,4.04114680595387,3.6453663152664233
85.289906,-69.179497,05410957-6910461,85.28990420839219,-69.17949277542473,-0.014179344666251132,1.7651292778662473,0.6549677221379827,1.882727861404419,0.011386813595890999,0.012609945610165596,0.012840798124670982,-1.1042416095733643,0.015132179483771324,0.016454115509986877,0.1726973056793213,287.75897216796875,0.0,0.0,1.0061135292053223,31,0.023418616503477097,false,13.303525924682617,13.723892211914062,12.68435287475586,89853.76530174178,44244.57095537527,66898.62371630513,26.89219093322754,3341.258544921875,49.35942077636719,896.3754272460938,61.32374572753906,1090.908935546875,1.2369341850280762,0.01538028758794189,0.9858879891349683,11.515,11.476,10.887,,0.068,,UAU,14.673,0.02,14.144,0.01,13.466,0.01,11.875,0.203,16.51193901708803,0.0765338704530268,17.734239005369613,0.16046509031479578,18.293340195644,0.2807980131618243,1.0,4.1813554801794846,3.6793062443491626
85.320522,-69.169754,05411692-6910111,85.32055215439533,-69.16975549010857,-0.02064487236763247,1.7799572025345871,0.7854018859514985,1.945534348487854,0.011506585404276848,0.01280746515840292,0.013643589802086353,-1.513155460357666,0.017181657254695892,0.016728101298213005,-2.43066668510437,231.23988342285156,0.0,0.0,0.8984546661376953,31,0.02466556616127491,false,13.374625205993652,13.637267112731934,12.937249183654785,84158.26016650996,47919.24371062611,52997.896982061335,52.74696350097656,1595.5091552734375,80.99020385742188,591.6671752929688,76.0143814086914,697.2088012695312,1.1991353034973145,0.03897344150329855,1.8163126790487083,12.407,12.281,12.135,0.023,0.028,0.027,AAA,14.033,0.01,14.024,0.01,13.596,0.01,12.388,0.143,14.998061199541848,0.04893659506735081,15.956825212938373,0.06095981762819076,16.04948915290517,0.0715352668212694,1.0,4.002372615082014,3.8001902832613896
86.050507,-69.228134,05441212-6913412,86.05052413714763,-69.2280959300772,0.004690394610158164,1.745910991238701,0.8505602376012805,1.9420757293701172,0.011172903701663017,0.012355145998299122,0.01201634295284748,0.3903346061706543,0.013632760383188725,0.015404184348881245,0.6325619220733643,350.6669616699219,0.0,0.0,1.0232362747192383,31,0.022392844781279564,false,13.638940811157227,14.325695991516113,12.827884674072266,65973.6239733556,25417.834581493655,58614.3895722513,51.434566497802734,1282.6708984375,76.69718170166016,331.4050598144531,122.00279235839844,480.434814453125,1.2737245559692383,0.13878721172076697,2.350803556734942,11.672,11.041,10.841,0.023,0.027,0.023,AAA,14.912,0.033,15.315,0.03,14.117,0.135,12.729,0.093,15.67845885469286,0.05680729242200616,15.84331485735461,0.058282845446018076,15.893305271111455,0.06704670254861912,1.0,4.028485974244637,3.6201565936756746
86.116863,-69.801651,05442804-6948059,86.11691650011976,-69.80164111454835,-0.0034570878624303365,1.8491504679820638,0.6783120870631791,1.9696357250213623,0.013683886267244816,0.014494284056127071,0.013292030431330204,-0.2600872814655304,0.015820221975445747,0.018793955445289612,-3.571422815322876,205.95138549804688,0.0,0.0,0.8405141234397888,31,0.02790677174925804,false,13.177471160888672,13.311721801757812,12.922211647033691,100915.62854172003,64673.78732655302,53737.037095246764,83.04542541503906,1215.1859130859375,114.64514923095703,564.1214599609375,87.30830383300781,615.4859619140625,1.1733646392822266,0.07542312556106415,1.1584939151917657,12.638,12.584,12.505,0.026,0.03,0.031,AAA,13.115,0.021,13.443,0.029,13.269,0.069,12.818,0.25,13.843839406960075,0.04531254813550694,14.441005588569453,0.047039903755596746,14.35786504888217,0.049053024004475226,1.0,4.126588472900611,3.877550962474088
86.20323,-69.539848,05444877-6932234,86.20333197858518,-69.53980497879114,0.024972920702530516,1.898048644675738,0.7200199230800584,2.030028820037842,0.016782501712441444,0.016222938895225525,0.01676022633910179,1.4900108575820923,0.02233109064400196,0.02295636013150215,2.913325786590576,876.8681640625,0.15856167674064636,19.575122833251953,1.1164450645446777,31,0.03251592069864273,false,12.872817993164062,12.986000061035156,12.64520263671875,133603.98341358636,87300.5101041047,69354.89987238431,56.78989791870117,2352.601318359375,97.82087707519531,892.4527587890625,80.14886474609375,865.3260498046875,1.1725354194641113,0.20113502211398573,1.5678337858267604,12.396,12.32,12.291,0.024,0.025,0.033,AAA,12.724,0.043,13.097,0.053,12.916,0.202,12.428,0.157,13.341647311283527,0.042289394996017464,13.861677214931692,0.043173416428018106,,,1.0,4.301796527987194,3.908163736162349
87.000617,-66.89904,05480014-6653565,87.00070732284483,-66.89902255859029,-0.00668943566150563,1.5059538010076168,0.7646000019166119,1.6889375448226929,0.012683323584496975,0.013733536005020142,0.013439416885375977,-0.4977474808692932,0.016132568940520287,0.018747076392173767,0.6463589072227478,266.622802734375,0.0,0.0,1.0269864797592163,31,0.02643253281712532,false,13.782078742980957,14.569476127624512,12.922478675842285,57824.96382588209,20306.09142158159,53723.81484908372,12.129173278808594,4767.42822265625,19.585601806640625,1036.7867431640625,25.20220947265625,2131.71044921875,1.2802412509918213,0.14219241781333605,2.9916217526084217,11.704,10.971,10.83,0.022,0.024,0.023,AAA,17.04,0.042,15.715,0.04,14.483,0.24,12.749,0.091,,,,,,,1.0,4.005467495793393,3.6092569787123114
87.893788,-67.519714,05513450-6731109,87.8937878772848,-67.51970201354824,-0.003015351494798535,1.4893868283611675,0.7500968681206172,1.667608618736267,0.010881153866648674,0.01226691622287035,0.01197333075106144,-0.2518389821052551,0.01402794849127531,0.019315307959914207,-0.7297713160514832,273.6272888183594,0.0,0.0,0.9694130420684814,31,0.027060171589255333,false,13.616551399230957,14.360559463500977,12.7800931930542,67348.21977684532,24614.609948064153,61252.10413216586,16.91878890991211,3980.67626953125,30.660388946533203,802.814697265625,38.432865142822266,1593.7427978515625,1.2749663591384888,0.043151556968662214,3.071020392798027,11.577,10.825,10.7,0.021,0.024,0.021,AAA,16.022,0.027,15.467,0.029,14.079,0.034,12.632,0.039,,,,,,,1.0,4.055705047933358,3.6085159929180066
