RA,DEC,ebv_eden,ebv_sf,av_eden,av_sf
7.521702,-73.913918,0.04244,0.05301,0.13454,0.16008
7.746443,-73.741425,0.04231,0.04954,0.13411,0.14961
7.925977,-73.53167,0.04271,0.0465,0.1354,0.14044
7.948884,-73.599243,0.04245,0.04248,0.13458,0.1283
7.980047,-73.578545,0.04254,0.04373,0.13486,0.13208
7.981742,-73.585571,0.04251,0.04311,0.13476,0.1302
8.228736,-73.821953,0.04179,0.04365,0.13246,0.13182
8.560188,-73.619049,0.04201,0.03932,0.13318,0.11874
8.637665,-73.873337,0.0413,0.04668,0.13091,0.14096
8.763608,-73.549622,0.04215,0.04684,0.13361,0.14147
8.763859,-74.203384,0.04199,0.03848,0.1331,0.11621
8.989162,-73.734062,0.0413,0.03917,0.13093,0.1183
9.124077,-73.918602,0.04093,0.05135,0.12975,0.15507
9.380191,-74.411057,0.04288,0.04002,0.13592,0.12086
9.508638,-73.630348,0.04143,0.05427,0.13134,0.1639
9.563685,-73.017746,0.04523,0.09332,0.14338,0.28183
9.57867,-73.525597,0.04188,0.05554,0.13277,0.16773
9.818972,-72.032875,0.04567,0.0437,0.14477,0.13197
10.190774,-72.673569,0.04805,0.06228,0.15232,0.18808
10.191936,-73.717102,0.0414,0.06654,0.13125,0.20095
10.512744,-73.888428,0.04134,0.07426,0.13104,0.22428
10.598432,-73.412109,0.04324,0.15338,0.13708,0.46319
10.721161,-73.596092,0.04257,0.11801,0.13494,0.3564
10.745516,-73.29184,0.0441,0.26705,0.13978,0.80648
10.95191,-73.613548,0.04275,0.13986,0.13552,0.42238
11.004765,-72.995163,0.04724,0.23609,0.14974,0.71298
11.045316,-73.212608,0.04537,0.47524,0.14382,1.43522
11.210925,-72.885483,0.04802,0.13632,0.15222,0.41169
11.399051,-73.293671,0.04531,0.8298,0.14362,2.50598
11.476636,-72.93116,0.04793,0.23194,0.15193,0.70046
11.510007,-73.350014,0.04509,0.82356,0.14295,2.48715
11.554412,-72.935364,0.04791,0.2582,0.15188,0.77977
11.624906,-72.593178,0.04811,0.11568,0.15251,0.34934
11.642234,-72.821014,0.04813,0.17451,0.15256,0.52701
11.666625,-73.208763,0.04597,1.00695,0.14574,3.04099
11.692539,-73.666313,0.04278,0.14036,0.13563,0.42388
11.721182,-72.714394,0.04821,0.13796,0.15283,0.41664
11.753848,-73.370476,0.04498,0.75815,0.14257,2.2896
11.760545,-72.919182,0.04806,0.33334,0.15235,1.0067
11.782004,-73.745392,0.04226,0.09512,0.13396,0.28726
11.78622,-73.236649,0.04582,1.10151,0.14523,3.32656
11.793363,-72.96051,0.04774,0.47052,0.15133,1.42098
11.805479,-72.704842,0.04821,0.14324,0.15281,0.4326
11.938212,-73.307259,0.04537,1.07236,0.14381,3.23851
11.955413,-73.095612,0.04674,1.40635,0.14818,4.24718
11.992086,-72.815269,0.04806,0.34375,0.15234,1.03813
12.00486,-73.387062,0.04486,0.59287,0.14222,1.79045
12.009524,-73.403946,0.04476,0.51669,0.14189,1.56041
12.026228,-73.110535,0.04666,1.43842,0.14792,4.34404
12.036872,-73.505272,0.04414,0.29935,0.13992,0.90403
12.078882,-73.249702,0.04574,1.16862,0.145,3.52923
12.115704,-73.446945,0.04448,0.40179,0.14101,1.2134
12.132593,-72.986565,0.04733,0.71991,0.15004,2.17414
12.138712,-73.209274,0.046,1.16695,0.14582,3.52419
12.144304,-73.154884,0.04636,1.2808,0.14697,3.86803
12.146544,-72.369522,0.04651,0.19693,0.14743,0.59474
12.158935,-73.246552,0.04574,1.06115,0.14501,3.20467
12.189284,-72.924294,0.04762,0.57752,0.15095,1.74411
12.257829,-72.901375,0.04763,0.62095,0.151,1.87526
12.299215,-72.692955,0.04817,0.22949,0.15271,0.69307
12.302837,-73.392799,0.04479,0.48413,0.14198,1.46207
12.314714,-73.202988,0.04599,0.90943,0.14578,2.74648
12.319302,-73.147079,0.04635,1.05078,0.14692,3.17336
12.385136,-72.487221,0.04725,0.20916,0.14977,0.63166
12.393755,-72.881355,0.04758,0.73766,0.15084,2.22773
12.419711,-73.236916,0.04574,0.66001,0.145,1.99322
12.42137,-72.301399,0.04566,0.16166,0.14473,0.48822
12.449533,-73.411659,0.04466,0.46363,0.14156,1.40017
12.482258,-73.047455,0.04676,0.67867,0.14824,2.04957
12.488276,-72.405502,0.04642,0.18174,0.14715,0.54884
12.498361,-73.07341,0.04664,0.71387,0.14784,2.15588
12.501577,-72.983681,0.04704,0.60713,0.1491,1.83353
12.549769,-73.354309,0.04502,0.42922,0.14272,1.29626
12.554437,-73.286179,0.04544,0.45363,0.14404,1.36995
12.56634,-73.169647,0.04612,0.63166,0.14619,1.90761
12.569629,-73.138657,0.0463,0.65608,0.14676,1.98137
12.575341,-72.455956,0.04678,0.19943,0.14829,0.60228
12.588534,-73.102638,0.04646,0.6272,0.14728,1.89414
12.619976,-72.752563,0.04778,0.50366,0.15147,1.52106
12.620275,-73.120697,0.04637,0.59674,0.147,1.80214
12.629437,-72.872421,0.04735,0.8157,0.1501,2.46341
12.638301,-72.962532,0.04701,0.58842,0.14901,1.77703
12.669093,-72.834183,0.04743,0.79251,0.15037,2.39338
12.694161,-72.241043,0.04499,0.17953,0.14263,0.54219
12.708537,-73.394318,0.04477,0.3883,0.14192,1.17266
12.758097,-73.268562,0.04553,0.44144,0.14434,1.33315
12.779685,-72.998734,0.04672,0.47715,0.1481,1.44099
12.788992,-72.809959,0.04735,0.6828,0.15009,2.06207
12.799663,-72.471596,0.04672,0.2136,0.14811,0.64507
12.806897,-72.550446,0.04729,0.26532,0.14991,0.80127
12.816462,-73.159111,0.04609,0.48076,0.1461,1.45191
12.826005,-72.723526,0.04756,0.43261,0.15076,1.30649
12.833997,-73.136757,0.0462,0.45979,0.14644,1.38856
12.857086,-72.763344,0.04741,0.51669,0.15028,1.56042
12.858666,-72.888458,0.04699,0.65972,0.14895,1.99236
12.883954,-73.309235,0.04533,0.40933,0.1437,1.23618
12.90685,-72.433243,0.04627,0.19111,0.14668,0.57715
12.911544,-72.972351,0.04666,0.4421,0.14791,1.33513
12.9154,-73.232407,0.0457,0.50342,0.14487,1.52032
12.921972,-72.933441,0.04676,0.51641,0.14822,1.55956
12.941341,-72.59816,0.04721,0.34164,0.14966,1.03174
12.999333,-72.766563,0.04719,0.48084,0.1496,1.45214
13.001509,-73.0895,0.04627,0.3763,0.14666,1.13644
13.033491,-72.280327,0.04493,0.26016,0.14244,0.7857
13.038654,-72.99086,0.04647,0.35209,0.14731,1.06331
13.048194,-73.329536,0.04524,0.43398,0.1434,1.31062
13.050167,-72.627411,0.04708,0.42324,0.14926,1.27818
13.051069,-72.727928,0.04724,0.46424,0.14975,1.40202
13.068365,-73.705978,0.04296,0.1375,0.13618,0.41526
13.079881,-71.911369,0.04264,0.12314,0.13516,0.3719
13.089044,-72.665497,0.04709,0.47281,0.14926,1.42789
13.104091,-72.684158,0.04709,0.48021,0.14929,1.45024
13.127266,-72.319092,0.04508,0.25537,0.14289,0.77121
13.1284,-73.220673,0.04572,0.56815,0.14494,1.71581
13.1457,-72.433815,0.04597,0.22837,0.14572,0.68966
13.14854,-72.851479,0.04671,0.44171,0.14806,1.33397
13.162501,-73.009697,0.04631,0.30687,0.14681,0.92675
13.163567,-72.740128,0.04704,0.44694,0.14912,1.34976
13.1687,-72.745171,0.04702,0.44153,0.14905,1.33342
13.169555,-72.756119,0.04698,0.43079,0.14893,1.30098
13.173921,-73.065315,0.04621,0.32365,0.14649,0.97742
13.189993,-73.073402,0.04619,0.32688,0.14641,0.98718
13.201415,-72.968979,0.04634,0.3147,0.14689,0.95038
13.211746,-72.775291,0.04686,0.40889,0.14855,1.23485
13.233808,-72.232277,0.0445,0.25655,0.14108,0.77479
13.237359,-72.394661,0.04554,0.24417,0.14437,0.7374
13.241423,-72.580956,0.0467,0.34953,0.14804,1.05558
13.245275,-73.139763,0.04603,0.43951,0.1459,1.32731
13.249078,-73.441971,0.04447,0.37504,0.14097,1.13263
13.256099,-72.399757,0.04556,0.24793,0.14443,0.74875
13.256905,-72.508492,0.04642,0.28215,0.14715,0.85209
13.259931,-72.498817,0.04634,0.278,0.14689,0.83957
13.268429,-72.562134,0.04662,0.32367,0.14778,0.97749
13.279305,-72.171394,0.04415,0.20248,0.13996,0.6115
13.309965,-72.641273,0.04665,0.4623,0.14787,1.39613
13.315513,-72.367493,0.04525,0.25839,0.14343,0.78034
13.316536,-73.259033,0.04555,0.53865,0.14439,1.62673
13.327935,-72.551033,0.0465,0.31641,0.1474,0.95556
13.329248,-71.703796,0.04116,0.0698,0.13048,0.2108
13.33919,-72.287971,0.04473,0.25044,0.14179,0.75632
13.339863,-71.844383,0.04223,0.1019,0.13388,0.30773
13.345563,-72.413216,0.04556,0.27091,0.14442,0.81816
13.348422,-72.783722,0.04653,0.38387,0.14749,1.1593
13.350006,-73.11042,0.04606,0.3613,0.146,1.09113
13.358685,-72.489899,0.04612,0.29644,0.1462,0.89526
13.378453,-73.231285,0.04561,0.51797,0.14458,1.56426
13.378894,-72.532722,0.04639,0.30931,0.14706,0.93412
13.405291,-72.398819,0.04538,0.27276,0.14386,0.82373
13.407487,-72.422089,0.04555,0.2849,0.14439,0.8604
13.407679,-72.54425,0.04635,0.3215,0.14694,0.97092
13.412949,-72.393631,0.04534,0.27031,0.14372,0.81633
13.415298,-72.535828,0.04633,0.31715,0.14688,0.95778
13.417728,-72.409355,0.04545,0.27894,0.14406,0.84239
13.42474,-72.908089,0.04613,0.30159,0.14623,0.91081
13.427622,-72.287094,0.04465,0.23198,0.14155,0.70059
13.433085,-72.089363,0.04366,0.13552,0.1384,0.40926
13.440647,-72.894165,0.04613,0.30853,0.14623,0.93175
13.442446,-72.531502,0.04629,0.31814,0.14673,0.96077
13.446713,-73.248802,0.04547,0.47584,0.14415,1.43705
13.470145,-71.632614,0.04025,0.06239,0.1276,0.18842
13.477901,-72.437256,0.04557,0.29836,0.14447,0.90105
13.485679,-72.911011,0.04604,0.29229,0.14594,0.88271
13.495741,-72.362373,0.04503,0.25225,0.14275,0.7618
13.495896,-72.262009,0.04449,0.21426,0.14102,0.64706
13.507475,-72.317116,0.04474,0.22963,0.14183,0.69348
13.511337,-73.25885,0.04536,0.43175,0.1438,1.30388
13.525363,-73.061119,0.04598,0.26204,0.14575,0.79136
13.531955,-72.380341,0.04512,0.26466,0.14304,0.79928
13.540397,-72.374336,0.04507,0.2601,0.14288,0.78551
13.567612,-72.239929,0.04434,0.20316,0.14057,0.61356
13.59046,-72.508453,0.04591,0.32535,0.14554,0.98256
13.610954,-72.679138,0.04594,0.43399,0.14563,1.31066
13.611973,-72.883247,0.04581,0.29956,0.14521,0.90468
13.620808,-72.742271,0.04588,0.39684,0.14544,1.19845
13.627097,-72.570183,0.04596,0.35344,0.14569,1.06738
13.638384,-72.180771,0.04404,0.17102,0.13961,0.51647
13.648799,-72.665016,0.04585,0.42378,0.14536,1.2798
13.653195,-72.309631,0.04461,0.24057,0.1414,0.72653
13.65933,-72.601669,0.04587,0.38437,0.14542,1.16081
13.672227,-73.240891,0.04529,0.32774,0.14358,0.98977
13.672755,-72.237221,0.04427,0.21624,0.14035,0.65304
13.67278,-72.486137,0.04565,0.32779,0.1447,0.98991
13.673452,-73.128853,0.04589,0.26733,0.14549,0.80733
13.693553,-72.46489,0.04549,0.32782,0.14419,0.99001
13.699284,-71.76387,0.04128,0.09351,0.13085,0.28241
13.699347,-71.414688,0.03799,0.05118,0.12044,0.15455
13.70945,-73.0466,0.04576,0.22312,0.14506,0.67381
13.712406,-73.099899,0.04587,0.23295,0.14539,0.7035
13.726891,-73.15094,0.04575,0.25872,0.14501,0.78135
13.761648,-72.768044,0.04547,0.38103,0.14415,1.15071
13.767206,-72.472443,0.04543,0.33488,0.14403,1.01135
13.784495,-72.567459,0.04567,0.35227,0.14477,1.06384
13.789353,-72.515457,0.04565,0.33844,0.14471,1.02208
13.79491,-72.45266,0.04528,0.33886,0.14352,1.02335
13.802364,-72.436417,0.04517,0.34121,0.14319,1.03044
13.803228,-72.51178,0.04559,0.33937,0.14453,1.02489
13.813378,-72.33728,0.04462,0.32286,0.14145,0.97504
13.841566,-71.789406,0.0413,0.10839,0.13093,0.32734
13.863108,-71.555687,0.03923,0.06706,0.12435,0.20252
13.865672,-72.729294,0.04522,0.37587,0.14334,1.13512
13.869121,-72.487114,0.04531,0.3483,0.14362,1.05186
13.875625,-72.480446,0.04526,0.35041,0.14347,1.05823
13.89679,-72.545395,0.04541,0.34757,0.14394,1.04967
13.924053,-72.303223,0.0444,0.4002,0.14074,1.2086
13.948352,-72.658638,0.0451,0.36331,0.14296,1.0972
13.952626,-73.043114,0.04532,0.18885,0.14366,0.57032
13.972648,-72.196625,0.04396,0.28318,0.13935,0.8552
13.995879,-71.522568,0.03874,0.07301,0.12282,0.2205
13.998293,-72.175369,0.04387,0.25819,0.13906,0.77974
14.002332,-72.83284,0.04475,0.36662,0.14187,1.10718
14.004046,-72.460983,0.04491,0.38111,0.14237,1.15095
14.007276,-72.499931,0.04505,0.3672,0.1428,1.10894
14.018476,-71.629814,0.03964,0.08036,0.12565,0.2427
14.029873,-72.470512,0.04489,0.38079,0.14231,1.14999
14.037303,-72.277908,0.04422,0.43439,0.14016,1.31186
14.045771,-72.44059,0.04476,0.4011,0.14189,1.21133
14.057666,-72.04567,0.04305,0.22183,0.13646,0.66992
14.061519,-72.42244,0.04468,0.41484,0.14163,1.25282
14.087205,-72.84552,0.04451,0.35698,0.1411,1.07807
14.090327,-72.459961,0.04474,0.39567,0.14182,1.19492
14.094011,-72.476639,0.04478,0.38857,0.14195,1.17349
14.099992,-72.487503,0.0448,0.38674,0.142,1.16797
14.10552,-72.471741,0.04474,0.39247,0.14183,1.18527
14.113846,-72.468483,0.04471,0.39528,0.14174,1.19376
14.115696,-73.507523,0.04325,0.11908,0.1371,0.35961
14.127534,-72.231476,0.04391,0.37759,0.1392,1.14032
14.128729,-71.77256,0.04075,0.12809,0.12917,0.38685
14.129824,-72.152824,0.04355,0.26796,0.13804,0.80925
14.148048,-72.254349,0.04399,0.41522,0.13945,1.25395
14.159138,-72.310638,0.04425,0.45332,0.14026,1.36904
14.19015,-72.242996,0.04389,0.39659,0.13912,1.19769
14.200639,-71.179138,0.03528,0.04532,0.11182,0.13687
14.242771,-72.521553,0.04453,0.40063,0.14117,1.20989
14.255295,-72.14254,0.04326,0.31586,0.13714,0.9539
14.264679,-72.334267,0.04425,0.44058,0.14028,1.33056
14.268831,-72.494507,0.04443,0.40844,0.14084,1.23349
14.270352,-72.241432,0.04378,0.39987,0.13878,1.20761
14.276385,-72.254517,0.04384,0.40841,0.13899,1.23341
14.299565,-72.369591,0.04425,0.44162,0.14027,1.33371
14.311585,-71.504509,0.03811,0.08611,0.12082,0.26005
14.338515,-72.110527,0.04293,0.36372,0.13608,1.09845
14.347047,-72.02668,0.04247,0.30049,0.13462,0.90747
14.37155,-72.161362,0.04313,0.4312,0.13673,1.30222
14.385288,-72.100685,0.04279,0.40172,0.13564,1.21318
14.391292,-72.070297,0.04262,0.36593,0.1351,1.10512
14.408075,-72.058754,0.04253,0.36283,0.13482,1.09575
14.44261,-72.705765,0.04356,0.35584,0.13808,1.07465
14.472133,-72.412888,0.0438,0.44534,0.13884,1.34494
14.472561,-72.083511,0.04254,0.45382,0.13486,1.37055
14.481763,-72.422295,0.04378,0.44715,0.13879,1.35039
14.487046,-73.562134,0.04265,0.08767,0.1352,0.26477
14.506239,-72.594238,0.04366,0.40923,0.1384,1.23587
14.507126,-72.326561,0.04354,0.41999,0.13803,1.26837
14.558781,-71.969238,0.04186,0.28763,0.1327,0.86864
14.596641,-72.359787,0.04329,0.42376,0.13724,1.27974
14.689378,-72.276627,0.04274,0.53558,0.13548,1.61744
14.71651,-72.348312,0.04283,0.40532,0.13577,1.22408
14.722887,-72.360008,0.04283,0.40405,0.13577,1.22023
14.727953,-72.849892,0.04258,0.26732,0.13497,0.80732
14.729435,-72.552078,0.04307,0.35837,0.13654,1.08228
14.733524,-71.976097,0.04156,0.29369,0.13175,0.88694
14.739664,-72.288078,0.04261,0.4953,0.13506,1.49579
14.775518,-71.783722,0.04,0.24128,0.1268,0.72867
14.804474,-72.377014,0.04254,0.37467,0.13487,1.13151
14.821316,-71.810242,0.04017,0.2545,0.12732,0.76858
14.872271,-72.330978,0.04223,0.36715,0.13385,1.10879
14.916991,-72.226891,0.04194,0.74206,0.13295,2.24101
14.925954,-72.163506,0.04184,0.99877,0.13263,3.01629
15.005334,-72.48336,0.04181,0.26143,0.13255,0.78951
15.007992,-72.017464,0.04116,0.30578,0.13048,0.92345
15.026778,-72.428185,0.04169,0.26009,0.13217,0.78547
15.054616,-72.334679,0.04157,0.29976,0.13176,0.90529
15.056647,-72.352814,0.04156,0.2905,0.13174,0.87732
15.098814,-72.631149,0.04148,0.22277,0.1315,0.67277
15.138538,-72.563477,0.04127,0.22171,0.13083,0.66957
15.145673,-72.366623,0.04122,0.25498,0.13067,0.77005
15.154256,-72.690392,0.04134,0.20146,0.13104,0.60841
15.201425,-73.687996,0.04186,0.06153,0.13269,0.18581
15.210984,-72.48114,0.04089,0.2095,0.12963,0.63268
15.267479,-72.440582,0.04069,0.21273,0.12899,0.64244
15.302052,-72.268593,0.04075,0.21494,0.12919,0.64912
15.340866,-71.954842,0.04025,0.30982,0.1276,0.93565
15.444264,-72.437416,0.04,0.21289,0.12679,0.64292
15.444664,-72.562927,0.04001,0.17315,0.12683,0.52291
15.456195,-72.095955,0.04024,0.33822,0.12756,1.02142
15.554542,-72.939476,0.03997,0.14762,0.12672,0.4458
15.61304,-72.279282,0.03989,0.17159,0.12644,0.51819
15.645905,-72.505547,0.03921,0.182,0.12429,0.54964
15.646989,-72.192581,0.03976,0.25474,0.12604,0.76932
15.658785,-72.135178,0.03971,0.39525,0.12587,1.19364
15.664665,-71.832069,0.03906,0.39443,0.12381,1.19119
15.664685,-72.301323,0.03975,0.17145,0.12602,0.51778
15.666333,-72.190926,0.03971,0.26211,0.12587,0.79158
15.705051,-72.156441,0.03959,0.34844,0.12549,1.05227
15.727274,-72.545883,0.03919,0.16671,0.12424,0.50347
15.739019,-73.128609,0.03938,0.11874,0.12483,0.35861
15.752757,-72.503365,0.03904,0.17544,0.12376,0.52984
15.771704,-72.154785,0.03944,0.36643,0.12503,1.10663
15.781884,-72.210083,0.03942,0.26801,0.12496,0.80939
15.787205,-71.930763,0.03932,0.58607,0.12464,1.76994
15.841267,-72.84407,0.03923,0.1299,0.12437,0.3923
15.856523,-72.042595,0.03929,0.74235,0.12455,2.24191
15.898766,-72.283546,0.03912,0.20263,0.12402,0.61194
15.940762,-72.818794,0.03898,0.12869,0.12356,0.38864
15.947997,-72.071434,0.03918,0.63767,0.12421,1.92575
15.954565,-73.712296,0.04005,0.05372,0.12695,0.16222
15.977364,-72.827797,0.03889,0.13172,0.12327,0.3978
15.993419,-71.90551,0.03891,0.4644,0.12334,1.40249
15.995159,-72.385849,0.03878,0.17073,0.12295,0.51562
16.024857,-73.818291,0.04051,0.04726,0.12841,0.14272
16.029622,-72.642746,0.03888,0.15216,0.12324,0.45952
16.050177,-72.978088,0.03864,0.1292,0.12248,0.39019
16.101214,-72.178276,0.03887,0.33203,0.12321,1.00272
16.113623,-72.547836,0.03858,0.16074,0.1223,0.48544
16.180614,-71.649818,0.03787,0.1041,0.12005,0.31439
16.197788,-72.044441,0.03879,0.49241,0.12296,1.48708
16.230061,-72.513527,0.03835,0.16615,0.12156,0.50177
16.24057,-72.385185,0.03843,0.16975,0.12182,0.51265
16.264754,-72.108932,0.03878,0.35053,0.12293,1.0586
16.297483,-72.724457,0.03849,0.12982,0.12201,0.39205
16.299472,-71.72628,0.03815,0.14901,0.12093,0.45002
16.382862,-72.763603,0.03824,0.13516,0.12123,0.40818
16.445653,-71.772797,0.03825,0.17458,0.12126,0.52722
16.457567,-72.369637,0.03828,0.15357,0.12134,0.46377
16.537387,-72.402466,0.03816,0.14604,0.12098,0.44105
16.553088,-72.631592,0.03815,0.16283,0.12095,0.49174
16.562863,-72.560211,0.03805,0.18648,0.12061,0.56316
16.563437,-72.591248,0.03809,0.18056,0.12073,0.5453
16.571746,-72.462975,0.03801,0.16347,0.12048,0.49367
16.671322,-72.896004,0.03742,0.126,0.11861,0.38051
16.791081,-73.498528,0.03798,0.06727,0.1204,0.20315
16.823183,-73.22393,0.03709,0.09256,0.11756,0.27954
16.834747,-72.852707,0.03725,0.12633,0.11809,0.38153
16.846935,-72.442535,0.03793,0.11725,0.12024,0.35408
16.875432,-72.409515,0.03799,0.11752,0.12043,0.35492
16.897636,-72.276939,0.03826,0.13068,0.1213,0.39465
16.956915,-72.214272,0.03828,0.13376,0.12135,0.40397
16.976536,-72.683044,0.03765,0.1243,0.11936,0.37538
16.982439,-72.673393,0.03768,0.1275,0.11945,0.38504
17.022895,-72.14518,0.03833,0.14642,0.12151,0.4422
17.030683,-71.81395,0.03845,0.13254,0.12187,0.40028
17.048329,-72.521729,0.03773,0.1277,0.1196,0.38565
17.051814,-71.691063,0.03845,0.07313,0.12187,0.22086
17.061598,-72.624634,0.03762,0.13743,0.11926,0.41503
17.063286,-72.503166,0.03774,0.11597,0.11963,0.35022
17.121713,-72.45359,0.03779,0.09663,0.11978,0.29182
17.226705,-73.999603,0.04216,0.04476,0.13365,0.13517
17.22848,-72.414505,0.03781,0.0968,0.11984,0.29235
17.314073,-72.275597,0.03797,0.11475,0.12038,0.34654
17.321614,-71.556213,0.03817,0.04435,0.121,0.13395
17.334506,-71.411934,0.03759,0.03733,0.11916,0.11274
17.354747,-72.260063,0.03797,0.11192,0.12036,0.33799
17.629456,-73.466484,0.03653,0.06019,0.11579,0.18178
17.689535,-73.286728,0.03606,0.09279,0.1143,0.28021
17.793628,-73.086525,0.03546,0.1063,0.11242,0.32103
18.18153,-73.294205,0.03583,0.22629,0.11357,0.68338
18.234879,-73.533585,0.03724,0.06245,0.11807,0.18859
18.263969,-73.205635,0.03548,0.27837,0.11246,0.84068
18.325872,-73.363472,0.03605,0.20295,0.11429,0.6129
18.409569,-73.278755,0.03568,0.51347,0.1131,1.55068
18.6571,-71.876244,0.03977,0.05301,0.12607,0.16008
18.69335,-73.35096,0.03589,0.3603,0.11377,1.08812
18.752301,-73.799683,0.04117,0.05216,0.13051,0.15753
18.756336,-73.666168,0.03897,0.05793,0.12355,0.17496
18.861405,-73.337494,0.03578,0.27909,0.11343,0.84286
18.869048,-73.260292,0.03543,0.35961,0.1123,1.08601
19.104533,-73.146667,0.03493,0.16511,0.11072,0.49863
19.219859,-73.216873,0.03516,0.12462,0.11144,0.37634
19.275741,-73.647217,0.03944,0.06407,0.12501,0.19349
19.3377,-73.595901,0.03863,0.06455,0.12244,0.19493
19.345612,-73.35466,0.03586,0.07966,0.11369,0.24056
19.363246,-72.677254,0.03548,0.05096,0.11248,0.1539
19.417553,-73.202896,0.03506,0.08656,0.11113,0.26142
19.435629,-73.481575,0.03726,0.07583,0.11812,0.229
19.470878,-73.62368,0.03928,0.05721,0.12452,0.17277
19.917681,-73.335297,0.03613,0.06452,0.11454,0.19485
19.928189,-73.5327,0.03852,0.04892,0.1221,0.14773
68.923506,-72.361092,0.11071,0.13327,0.35094,0.45445
69.807742,-71.735428,0.12099,0.13375,0.38355,0.45609
70.332642,-70.115997,0.11697,0.1231,0.3708,0.41976
70.510723,-70.524918,0.13381,0.17649,0.42416,0.60185
70.779561,-70.458649,0.13384,0.17438,0.42428,0.59464
70.956826,-69.304626,0.1028,0.15738,0.32588,0.53667
71.327625,-69.27739,0.10437,0.20856,0.33085,0.71119
71.40502,-70.251076,0.1295,0.14163,0.41053,0.48295
71.533928,-68.915482,0.0857,0.27582,0.27167,0.94054
71.888462,-69.242455,0.10343,0.50478,0.32787,1.7213
71.975142,-69.179344,0.10089,0.60869,0.31983,2.07563
72.030049,-69.468002,0.11148,0.44005,0.35338,1.50058
72.255617,-68.976868,0.0939,0.45568,0.29766,1.55388
72.268664,-68.907272,0.09134,0.42021,0.28956,1.43291
72.30168,-69.456535,0.10946,0.83391,0.34697,2.84362
72.306186,-69.787003,0.10901,0.18228,0.34555,0.62156
72.329389,-69.431839,0.10854,0.96017,0.34406,3.27417
72.47404,-69.754547,0.10546,0.21701,0.33431,0.74
72.485769,-69.755859,0.10518,0.21338,0.33343,0.72763
72.513294,-68.259689,0.0644,0.22524,0.20415,0.76805
72.569551,-69.969131,0.10363,0.12751,0.32851,0.43483
72.572915,-69.397163,0.10395,1.32964,0.32953,4.53407
72.593866,-69.332047,0.10317,1.46456,0.32704,4.99415
72.654389,-69.99234,0.10193,0.12425,0.32311,0.42368
72.662716,-69.983589,0.10182,0.12583,0.32276,0.42907
72.667214,-69.712425,0.10243,0.25216,0.32469,0.85987
72.732719,-69.431274,0.10172,1.26554,0.32246,4.31549
72.782142,-70.277702,0.09605,0.16255,0.30448,0.5543
72.806542,-69.194733,0.10025,0.9067,0.3178,3.09183
72.810664,-68.962128,0.09706,0.57584,0.30767,1.96361
72.937831,-69.504936,0.09876,0.66745,0.31307,2.27599
72.937915,-69.77256,0.0994,0.28493,0.3151,0.97162
72.941734,-68.886284,0.09624,0.37634,0.30508,1.28333
72.976371,-69.024078,0.09882,0.58815,0.31326,2.00559
73.033181,-66.818192,0.04285,0.60269,0.13584,2.05517
73.039665,-70.505318,0.08788,0.17768,0.27858,0.60588
73.073257,-66.912819,0.04378,1.42876,0.1388,4.87206
73.080188,-69.078506,0.09967,0.75563,0.31595,2.57671
73.222376,-67.095154,0.04577,0.51056,0.14509,1.74101
73.245894,-69.880737,0.09471,0.22491,0.30023,0.76694
73.291444,-66.960022,0.0446,0.72139,0.14139,2.45993
73.297462,-68.648354,0.08987,0.33929,0.2849,1.15697
73.355576,-68.916763,0.09861,0.3946,0.3126,1.34559
73.394164,-67.078598,0.04599,0.43347,0.1458,1.47812
73.404957,-69.718651,0.09417,0.29304,0.29851,0.99926
73.422152,-69.073898,0.09594,1.12674,0.30413,3.8422
73.512351,-69.834541,0.09199,0.27704,0.29162,0.94472
73.523972,-69.765968,0.09254,0.30936,0.29335,1.0549
73.566326,-66.301208,0.04117,0.41049,0.13051,1.39978
73.573663,-67.093658,0.04656,0.32748,0.14761,1.11671
73.59903,-70.901611,0.08066,0.25646,0.25568,0.87453
73.645546,-66.646965,0.04256,0.28673,0.13492,0.97776
73.672778,-69.4366,0.09031,0.71194,0.28628,2.42772
73.678207,-69.285744,0.08983,1.03079,0.28475,3.51498
73.691707,-68.962776,0.09369,0.34136,0.297,1.16402
73.708893,-66.939491,0.04497,0.31172,0.14255,1.06297
73.738997,-66.752464,0.04339,0.24807,0.13755,0.84591
73.764138,-68.222588,0.07347,0.32119,0.23289,1.09526
73.770646,-69.798615,0.08933,0.24365,0.28319,0.83083
73.7762,-67.475845,0.05191,0.11755,0.16455,0.40084
73.790355,-69.486183,0.08945,0.52539,0.28357,1.79159
73.83998,-67.436485,0.05161,0.1219,0.16359,0.41568
73.887955,-67.338417,0.0504,0.18633,0.15977,0.6354
73.919471,-69.87233,0.08608,0.21014,0.27287,0.71658
73.970039,-69.706245,0.08839,0.18083,0.2802,0.61663
73.974836,-66.416481,0.04203,1.91758,0.13323,6.53895
73.978905,-69.725128,0.08807,0.17435,0.27917,0.59452
74.058839,-67.413483,0.05172,0.13404,0.16395,0.45709
74.063274,-66.20369,0.04161,0.71677,0.13191,2.44418
74.073144,-66.305267,0.04193,1.41745,0.13292,4.83351
74.108788,-69.673508,0.08746,0.1806,0.27724,0.61584
74.114236,-67.933502,0.06067,0.2324,0.19232,0.79248
74.114566,-69.379623,0.08633,0.52307,0.27366,1.78368
74.118794,-69.711594,0.08693,0.15479,0.27556,0.52784
74.127341,-66.302498,0.04195,1.55953,0.13299,5.318
74.145976,-66.875214,0.04485,0.15373,0.14218,0.5242
74.147677,-68.25647,0.07373,0.37647,0.23373,1.28378
74.163857,-67.330376,0.05053,0.19804,0.16017,0.67531
74.166683,-69.698967,0.08668,0.15894,0.27477,0.54197
74.182526,-67.488174,0.05261,0.14608,0.16676,0.49812
74.213229,-66.530151,0.04281,1.64989,0.13572,5.62611
74.227917,-67.086021,0.04747,0.21381,0.15047,0.72909
74.231543,-67.486946,0.05256,0.15156,0.16662,0.51681
74.257486,-67.995209,0.06254,0.27679,0.19824,0.94384
74.284954,-67.046066,0.04703,0.21547,0.14908,0.73474
74.286438,-66.866669,0.04494,0.13941,0.14247,0.47539
74.290445,-67.022011,0.04673,0.21001,0.14812,0.71612
74.295525,-67.340118,0.0505,0.18986,0.16008,0.64743
74.320065,-68.410988,0.07805,1.52876,0.24743,5.21307
74.353067,-68.844727,0.08081,0.72568,0.25617,2.47457
74.420186,-66.786026,0.0448,0.1468,0.142,0.50058
74.432613,-66.857719,0.0452,0.131,0.14327,0.44671
74.434938,-69.521049,0.08626,0.4566,0.27343,1.55702
74.437683,-65.708374,0.03964,0.05849,0.12567,0.19944
74.445788,-69.215889,0.08267,0.58488,0.26205,1.99444
74.447295,-69.391327,0.08535,0.54056,0.27055,1.8433
74.467946,-69.392502,0.0853,0.53611,0.27039,1.82814
74.489212,-69.538612,0.08594,0.40902,0.27244,1.39477
74.512659,-68.906418,0.07816,0.64952,0.24777,2.21485
74.523225,-69.454338,0.08542,0.51841,0.27079,1.76776
74.527298,-67.241653,0.04939,0.23523,0.15656,0.80213
74.537554,-67.306412,0.04997,0.20403,0.15839,0.69574
74.565514,-70.532059,0.06787,0.11709,0.21514,0.39927
74.636575,-70.346024,0.06974,0.18685,0.22106,0.63716
74.668893,-70.527405,0.06714,0.11651,0.21284,0.39729
74.676973,-69.690598,0.08429,0.15374,0.26721,0.52425
74.714423,-67.052444,0.04784,0.1858,0.15164,0.63359
74.717101,-69.425728,0.08385,0.45617,0.26579,1.55552
74.834295,-68.843079,0.0738,0.36083,0.23394,1.23044
74.921413,-69.4561,0.08273,0.41349,0.26227,1.41
74.931386,-68.523003,0.06984,0.16379,0.22141,0.55853
74.952992,-67.818863,0.05567,0.2143,0.17647,0.73078
74.964046,-70.222679,0.07005,0.34197,0.22204,1.16613
74.998596,-67.085793,0.04851,0.19971,0.15379,0.68102
75.031533,-68.449997,0.06736,0.24045,0.21353,0.81995
75.04305,-67.152191,0.04901,0.15637,0.15535,0.53322
75.133394,-67.940735,0.05686,0.29109,0.18024,0.99261
75.136946,-70.496994,0.06528,0.09632,0.20693,0.32845
75.158007,-67.764633,0.05368,0.22734,0.17016,0.77522
75.206093,-68.119324,0.0601,0.38907,0.19051,1.32674
75.206554,-68.434021,0.06498,0.32433,0.20598,1.10595
75.209047,-69.642174,0.08116,0.22614,0.25726,0.77115
75.229871,-66.637321,0.04619,0.12211,0.14643,0.41639
75.24744,-66.644096,0.04627,0.12028,0.14668,0.41017
75.255055,-66.10524,0.04248,0.29404,0.13467,1.00269
75.343363,-70.258026,0.06846,0.13622,0.217,0.46453
75.380222,-66.954361,0.04841,0.19536,0.15345,0.66618
75.386393,-68.220688,0.06054,0.42976,0.1919,1.46549
75.461606,-69.414696,0.07678,0.18842,0.24339,0.64253
75.480705,-70.525101,0.06344,0.13923,0.2011,0.47476
75.508911,-70.1511,0.07048,0.15063,0.22341,0.51366
75.57528,-66.10759,0.04317,0.17195,0.13685,0.58636
75.744805,-65.93792,0.04278,0.30348,0.13561,1.03485
75.767477,-70.950439,0.05959,0.13024,0.18891,0.44412
75.783619,-66.230949,0.04464,0.12692,0.1415,0.43281
75.792006,-70.16497,0.06871,0.20689,0.2178,0.7055
75.849929,-68.925583,0.06656,0.52007,0.21099,1.77342
75.936254,-69.100464,0.06862,0.74355,0.21752,2.53549
75.951584,-66.133018,0.04454,0.12631,0.14119,0.43071
75.956276,-68.934052,0.06633,0.61157,0.21028,2.08546
76.021395,-69.018661,0.06742,0.8316,0.21373,2.83576
76.04151,-67.330482,0.04956,0.64745,0.1571,2.2078
76.051742,-67.416496,0.04981,0.40911,0.15791,1.39508
76.059927,-66.431381,0.04732,0.19144,0.15,0.65281
76.064453,-69.026779,0.06751,0.84618,0.214,2.88546
76.149149,-68.748634,0.0632,0.26137,0.20033,0.89127
76.167037,-68.949463,0.06631,0.63934,0.21021,2.18014
76.209054,-68.13121,0.05492,0.50365,0.17409,1.71745
76.217287,-69.062897,0.06794,0.85145,0.21537,2.90343
76.229829,-68.551895,0.05961,0.54457,0.18898,1.857
76.229918,-68.967377,0.0665,0.6461,0.21082,2.20319
76.304923,-68.553238,0.0594,0.52874,0.18828,1.80301
76.336289,-70.741852,0.05837,0.25114,0.18504,0.8564
76.341489,-67.120789,0.04969,0.24797,0.15753,0.84558
76.371157,-68.965065,0.06629,0.5245,0.21016,1.78855
76.424819,-67.751686,0.05172,0.3054,0.16397,1.0414
76.474828,-68.180702,0.05471,0.67064,0.17343,2.28687
76.492217,-70.534889,0.06011,0.21001,0.19056,0.71615
76.536993,-71.25724,0.05665,0.12097,0.17958,0.41252
76.568824,-68.368561,0.05596,0.55509,0.17741,1.89285
76.580081,-71.470123,0.05631,0.17227,0.17852,0.58744
76.595263,-69.819595,0.07072,0.27469,0.22418,0.93669
76.614421,-68.511215,0.05746,0.74746,0.18214,2.54885
76.614966,-68.364449,0.05573,0.56443,0.17666,1.9247
76.63928,-68.363991,0.05562,0.57068,0.17632,1.94602
76.68745,-68.346352,0.05529,0.57164,0.17526,1.9493
76.690052,-68.986404,0.06623,0.58478,0.20996,1.9941
76.693142,-69.049408,0.06722,0.55353,0.21308,1.88753
76.69987,-70.037064,0.06679,0.49571,0.21172,1.69038
76.782532,-68.888756,0.06457,0.54863,0.20468,1.87083
76.814063,-70.200775,0.06389,0.32215,0.20253,1.09855
76.816581,-68.883507,0.06442,0.58155,0.20423,1.98308
76.828802,-68.427116,0.05527,0.7178,0.17522,2.4477
76.833749,-70.454239,0.06048,0.33881,0.19172,1.15535
76.871172,-68.311821,0.05439,0.58034,0.17241,1.97897
76.878954,-65.3396,0.04075,0.07802,0.12918,0.26606
76.938948,-69.162407,0.06853,0.5005,0.21723,1.70669
76.976827,-69.458702,0.07038,0.45855,0.22312,1.56365
76.977897,-68.676727,0.0602,0.61653,0.19084,2.10235
76.998653,-66.655083,0.05,0.18482,0.15849,0.63022
77.004271,-67.097099,0.05073,0.24462,0.16083,0.83415
77.02987,-66.98938,0.05074,0.17936,0.16086,0.61162
77.076109,-68.779739,0.06204,0.88895,0.19666,3.03134
77.160077,-67.785843,0.05137,0.20507,0.16283,0.69928
77.242485,-68.48764,0.05649,0.94839,0.17907,3.234
77.286327,-68.985405,0.06546,1.10568,0.20752,3.77036
77.333966,-70.457497,0.05977,0.25965,0.18947,0.8854
77.357488,-70.553963,0.05873,0.24342,0.18616,0.83005
77.366182,-68.85215,0.06306,3.07428,0.19991,10.48328
77.418324,-71.04985,0.0562,0.23273,0.17816,0.7936
77.472865,-68.612206,0.05876,0.81045,0.18626,2.76363
77.504119,-68.902481,0.06377,3.47365,0.20215,11.84515
77.527956,-67.315636,0.05283,0.22022,0.16746,0.75096
77.544668,-68.243187,0.05324,0.43205,0.16878,1.47329
77.579111,-65.274826,0.04416,0.06283,0.13997,0.21426
77.660807,-69.715027,0.06808,0.37175,0.21582,1.26766
77.770308,-70.243507,0.06212,0.39964,0.1969,1.36279
77.773078,-68.018791,0.05182,0.35794,0.16427,1.22058
77.904951,-69.304825,0.06854,0.75488,0.21728,2.57413
77.946825,-69.4328,0.06827,0.83252,0.21641,2.83889
77.960234,-69.351288,0.06844,0.93706,0.21695,3.19536
77.964982,-70.576408,0.05944,0.32551,0.18841,1.10997
77.966916,-67.166054,0.05509,0.56307,0.17465,1.92006
78.028352,-67.198875,0.05546,0.58657,0.17581,2.00022
78.141871,-65.826668,0.05143,0.07151,0.16303,0.24384
78.197533,-69.23555,0.06846,1.42462,0.21702,4.85796
78.22591,-69.236984,0.06849,1.54237,0.21712,5.25949
78.285377,-70.139542,0.06342,0.28407,0.20105,0.96868
78.316665,-67.296463,0.05618,0.44467,0.1781,1.51632
78.319998,-69.556137,0.0671,1.28064,0.21272,4.36698
78.37822,-69.539902,0.06699,1.18367,0.21237,4.03632
78.42998,-68.964081,0.06594,0.64485,0.20904,2.19894
78.454106,-67.446625,0.05529,1.2276,0.17528,4.18613
78.471043,-67.376289,0.05605,0.92317,0.17767,3.14801
78.473614,-67.063515,0.05806,0.4714,0.18404,1.60748
78.507998,-67.451942,0.05539,1.25929,0.1756,4.29418
78.518418,-67.264061,0.05733,0.35351,0.18174,1.20548
78.546107,-69.543488,0.06646,0.98366,0.21069,3.35427
78.56421,-68.978951,0.06605,0.63389,0.20939,2.16157
78.578573,-67.263702,0.05757,0.34656,0.18251,1.18175
78.870786,-66.810394,0.05892,0.1679,0.18679,0.57255
78.901303,-69.431702,0.06542,0.7816,0.20737,2.66524
78.933622,-68.991867,0.06542,0.6509,0.20739,2.21956
79.075968,-67.240059,0.0592,0.29668,0.18766,1.01169
79.170383,-69.656197,0.06382,0.6003,0.20231,2.04702
79.386792,-69.752083,0.06307,1.00038,0.19994,3.41129
79.434664,-69.342567,0.06424,2.07693,0.20363,7.08234
79.554313,-69.874611,0.06258,0.91845,0.19839,3.13191
79.557173,-68.49041,0.05721,0.36323,0.18137,1.23861
79.579719,-68.718452,0.06044,0.67473,0.19158,2.30084
79.593344,-69.545151,0.06277,1.60822,0.19899,5.48402
79.594847,-69.488861,0.06298,1.55648,0.19965,5.30758
79.604903,-69.686317,0.06236,1.64984,0.19767,5.62594
79.712597,-72.120125,0.0588,0.08033,0.18639,0.27393
79.815808,-68.934425,0.06368,0.40865,0.20188,1.39348
79.846065,-65.858719,0.05852,0.17004,0.1855,0.57984
80.009071,-68.063393,0.05433,0.60387,0.17222,2.05921
80.035374,-68.918663,0.06346,0.54356,0.20116,1.85353
80.095831,-69.038193,0.06406,0.60125,0.20308,2.05027
80.105058,-69.498871,0.06164,0.89314,0.19541,3.0456
80.180023,-69.487755,0.06153,0.65682,0.19504,2.23974
80.265148,-68.048332,0.05456,1.41409,0.17294,4.82206
80.313532,-69.444946,0.06147,0.29819,0.19487,1.01683
80.325135,-69.513069,0.06102,0.49089,0.19343,1.67392
80.325806,-66.908684,0.05985,0.29528,0.18971,1.00689
80.54487,-69.096001,0.06436,0.57355,0.20401,1.95582
80.574008,-69.353386,0.06157,0.35817,0.19517,1.22136
80.590077,-69.404907,0.06113,0.31465,0.19379,1.07296
80.629679,-65.371346,0.06423,0.11438,0.20362,0.39003
80.637892,-68.277718,0.0572,0.73877,0.18131,2.51919
80.648671,-68.899925,0.06391,0.91176,0.2026,3.10912
80.743821,-65.801697,0.06409,0.15644,0.20316,0.53346
80.802722,-68.781891,0.06327,0.64096,0.20056,2.18568
80.84795,-69.656616,0.05955,1.63914,0.18879,5.58948
80.906945,-68.777267,0.0635,0.56711,0.20129,1.93386
80.984144,-65.937645,0.06382,0.13508,0.20232,0.46063
80.987903,-69.777115,0.0595,0.76697,0.18861,2.61537
80.988021,-69.776245,0.0595,0.77195,0.18861,2.63235
81.00443,-71.160744,0.05905,0.20995,0.18718,0.71593
81.007614,-69.85527,0.05962,0.59975,0.189,2.04513
81.067416,-69.658638,0.05946,2.01568,0.18849,6.87347
81.086366,-67.662697,0.05162,0.32724,0.16363,1.11588
81.107683,-69.514938,0.06006,0.60039,0.19039,2.04734
81.121322,-72.285049,0.06435,0.10699,0.20399,0.36483
81.135044,-68.498512,0.0617,1.29715,0.1956,4.42329
81.156232,-69.532639,0.06,0.65946,0.1902,2.24876
81.184848,-69.630096,0.05958,1.65252,0.18887,5.6351
81.271244,-72.03624,0.06285,0.13376,0.19925,0.45612
81.279504,-66.04464,0.06252,0.56482,0.19817,1.92604
81.284448,-67.644135,0.05125,0.49584,0.16247,1.69083
81.294778,-66.265808,0.06006,1.67639,0.19038,5.7165
81.320819,-69.582993,0.05969,0.73336,0.18922,2.50077
81.351781,-66.568855,0.05861,0.47341,0.18581,1.61433
81.353718,-69.862534,0.05905,1.1187,0.18718,3.81475
81.401093,-69.037949,0.06467,0.63755,0.20502,2.17406
81.40648,-65.975014,0.06275,0.54263,0.19892,1.85038
81.421781,-69.241486,0.06283,0.88329,0.19917,3.012
81.460458,-66.405823,0.05861,0.86184,0.1858,2.93889
81.495743,-66.038406,0.06145,0.92637,0.1948,3.15892
81.505768,-66.761322,0.05716,0.18439,0.18121,0.62877
81.574316,-66.050484,0.06085,0.98811,0.1929,3.36947
81.600296,-68.04702,0.05638,0.40036,0.17873,1.36522
81.662074,-69.423714,0.05996,0.33289,0.19009,1.13514
81.681947,-65.962448,0.06144,0.53725,0.19478,1.83203
81.721598,-69.044411,0.06412,0.58612,0.20327,1.99867
81.732915,-69.980225,0.05804,0.54243,0.18399,1.84969
81.74923,-69.082756,0.06367,0.6241,0.20184,2.12819
81.76531,-66.011261,0.06034,0.57766,0.19128,1.96982
81.775145,-66.746681,0.05544,0.17129,0.17573,0.58411
81.879173,-66.582611,0.05538,0.12699,0.17557,0.43304
81.953638,-66.03801,0.05941,0.39242,0.18832,1.33814
81.97569,-68.328835,0.06325,0.44805,0.20051,1.52784
81.978051,-68.328995,0.06326,0.44822,0.20052,1.52843
82.070179,-69.104988,0.0625,0.76104,0.19812,2.59513
82.091548,-67.296677,0.0513,0.49094,0.16262,1.6741
82.110799,-66.517159,0.0546,0.09777,0.17309,0.3334
82.133568,-69.200859,0.06131,0.34793,0.19437,1.18643
82.140347,-69.147591,0.06194,0.49078,0.19635,1.67356
82.148558,-69.028488,0.0633,0.90454,0.20065,3.08447
82.166598,-69.050812,0.063,0.91972,0.19972,3.13624
82.185051,-69.228806,0.06095,0.31001,0.1932,1.05715
82.187213,-71.970413,0.0656,0.14593,0.20796,0.49761
82.194611,-69.431656,0.05882,0.2298,0.18645,0.78361
82.256902,-66.649391,0.05321,0.10669,0.16869,0.3638
82.258115,-66.221855,0.05657,0.11307,0.17934,0.38556
82.267326,-69.355209,0.0595,0.23181,0.1886,0.79046
82.282834,-66.600044,0.05334,0.10141,0.16908,0.34581
82.339233,-66.535522,0.05347,0.09618,0.16951,0.32797
82.349941,-69.471077,0.05817,0.23302,0.18439,0.79461
82.49221,-69.386147,0.05884,0.2828,0.18653,0.96435
82.510236,-65.933891,0.05767,0.17749,0.18283,0.60524
82.555391,-69.353394,0.0591,0.31852,0.18735,1.08616
82.580741,-65.90361,0.05749,0.15033,0.18226,0.51261
82.606141,-66.959465,0.05112,0.2233,0.16205,0.76145
82.612863,-67.102829,0.05106,0.16888,0.16187,0.57586
82.623667,-66.622704,0.05198,0.10509,0.16476,0.35837
82.656436,-69.722893,0.0563,0.45099,0.17848,1.53787
82.657663,-68.410896,0.06403,1.11035,0.20296,3.78628
82.66349,-69.119286,0.0612,0.81733,0.19399,2.78711
82.67394,-69.192993,0.06048,0.67799,0.19174,2.31195
82.684413,-68.60955,0.06486,1.71337,0.2056,5.84259
82.71537,-67.028183,0.05069,0.16663,0.16068,0.56821
82.717271,-68.693733,0.06429,0.96099,0.2038,3.27699
82.751967,-69.18647,0.0603,0.73999,0.19115,2.52337
82.791314,-67.030815,0.05041,0.14987,0.15981,0.51107
82.840846,-70.957069,0.05812,0.84161,0.18423,2.86989
82.869474,-71.389946,0.06347,0.35572,0.2012,1.213
82.910079,-67.469894,0.05132,0.30123,0.1627,1.02718
82.956683,-71.060585,0.06002,2.05629,0.19026,7.01196
82.982888,-69.023308,0.06082,0.85619,0.1928,2.91959
83.015543,-66.657982,0.05063,0.11722,0.16051,0.39973
83.069673,-66.395912,0.0512,1.10306,0.16232,3.76145
83.086202,-68.846603,0.06191,0.67089,0.19626,2.28772
83.117512,-69.606491,0.05595,0.60593,0.17737,2.06621
83.150667,-69.017799,0.06032,0.9488,0.1912,3.23542
83.15235,-70.806839,0.05585,0.18958,0.17705,0.64646
83.187091,-66.874779,0.04987,0.14422,0.15808,0.49179
83.242337,-67.555969,0.05221,1.15407,0.16552,3.93537
83.25456,-69.374802,0.05769,0.36295,0.18288,1.23766
83.291798,-67.733246,0.05369,1.60998,0.17021,5.49002
83.371852,-67.338905,0.05094,0.43712,0.16149,1.49058
83.400133,-67.500008,0.05208,1.08657,0.1651,3.70521
83.401523,-69.386848,0.05738,0.3988,0.18188,1.35991
83.437062,-67.000183,0.04953,0.15068,0.15702,0.51381
83.475324,-68.799622,0.06025,1.139,0.191,3.88399
83.492801,-68.694839,0.06051,0.91803,0.19182,3.13048
83.504781,-70.712234,0.05447,0.30415,0.17266,1.03714
83.535131,-68.717476,0.06024,1.00971,0.19095,3.44313
83.546271,-69.42907,0.05715,0.44658,0.18117,1.52285
83.578245,-69.438858,0.0571,0.51885,0.18099,1.76929
83.579468,-67.108109,0.04973,0.17149,0.15765,0.58477
83.666828,-67.502647,0.05242,1.3781,0.16616,4.69932
83.724042,-69.133911,0.05832,2.47039,0.18487,8.42401
83.728128,-67.71991,0.05503,0.6697,0.17444,2.28368
83.805197,-69.24292,0.05799,2.68557,0.18382,9.15779
83.863142,-69.231224,0.05788,3.61894,0.18349,12.34057
83.899876,-69.118477,0.05788,3.44504,0.18349,11.74759
83.900594,-68.534393,0.05933,0.37519,0.18809,1.27941
83.935222,-66.882256,0.04904,0.16284,0.15545,0.55528
83.955935,-66.700485,0.04885,0.14943,0.15486,0.50956
84.059698,-69.191147,0.0577,5.12861,0.18289,17.48855
84.073025,-68.963707,0.05793,1.80512,0.18365,6.15545
84.080953,-68.224899,0.05938,0.37454,0.18822,1.2772
84.223679,-70.35643,0.05392,0.54213,0.17092,1.84866
84.236771,-69.271767,0.05778,4.01549,0.18315,13.69282
84.26094,-69.643074,0.0558,2.6422,0.1769,9.0099
84.266308,-69.167656,0.05767,8.51923,0.1828,29.05056
84.289308,-69.324539,0.05759,2.36121,0.18256,8.05174
84.311686,-70.506462,0.05437,0.53164,0.17236,1.81288
84.382455,-70.299202,0.05428,0.9196,0.17208,3.13584
84.392608,-69.45929,0.05681,1.62998,0.18009,5.55822
84.43914,-69.309685,0.05762,3.40048,0.18266,11.59562
84.521252,-69.296501,0.05755,4.41982,0.18245,15.0716
84.576233,-69.067322,0.05731,26.408,0.18166,90.05127
84.611746,-69.764206,0.05514,3.87947,0.1748,13.22898
84.661939,-69.13736,0.05732,24.81779,0.18171,84.62867
84.677308,-69.017288,0.05717,18.20906,0.18123,62.09291
84.679486,-69.025673,0.05718,20.51977,0.18127,69.9724
84.690958,-66.614372,0.04898,0.31486,0.15526,1.07366
84.721164,-70.717834,0.05727,0.7309,0.18153,2.49236
84.738261,-68.948074,0.05717,6.38099,0.18121,21.75917
84.76943,-67.879074,0.05935,0.36826,0.18815,1.25575
84.77477,-69.274086,0.05714,6.50496,0.18112,22.1819
84.783639,-70.337944,0.05528,1.07018,0.17524,3.64931
84.834334,-69.107307,0.05713,21.31507,0.18111,72.68439
84.916091,-69.20118,0.05695,8.47819,0.18054,28.91064
84.916984,-69.742706,0.05512,12.72924,0.17472,43.4067
84.949506,-69.267471,0.05679,4.82555,0.18001,16.45512
84.979328,-67.15332,0.05243,0.3124,0.1662,1.06529
85.004564,-69.581306,0.05567,7.86411,0.17647,26.81663
85.03308,-67.099304,0.05213,0.27242,0.16524,0.92895
85.053551,-69.581863,0.0556,6.83799,0.17625,23.31755
85.067588,-66.67672,0.04954,0.18788,0.15705,0.64068
85.072987,-69.515961,0.05585,4.3449,0.17706,14.81609
85.074858,-69.468552,0.05606,3.36807,0.17771,11.48513
85.080661,-69.689636,0.05522,10.03174,0.17503,34.20824
85.088533,-69.3116,0.05646,2.47878,0.17899,8.45263
85.137987,-67.211502,0.05344,0.31276,0.1694,1.0665
85.145193,-69.66127,0.05524,7.13965,0.17512,24.34619
85.241643,-69.23159,0.05643,2.27795,0.17889,7.7678
85.244159,-69.25267,0.05637,2.01155,0.17869,6.85939
85.249355,-69.644539,0.05518,3.75346,0.17492,12.79929
85.279678,-71.507668,0.06728,0.26072,0.21327,0.88905
85.284794,-67.3564,0.05576,0.23786,0.17676,0.81109
85.288253,-69.180138,0.05652,2.72251,0.17916,9.28378
85.289906,-69.179497,0.05652,2.72194,0.17916,9.28181
85.313089,-69.241997,0.0563,1.91074,0.17847,6.51562
85.320522,-69.169754,0.05651,2.70476,0.17914,9.22323
85.375419,-69.325356,0.05594,1.16724,0.17733,3.9803
85.417021,-68.606743,0.05672,0.48689,0.1798,1.66028
85.419263,-69.368065,0.05575,0.93909,0.17674,3.20229
85.436136,-69.587502,0.05509,0.99283,0.17463,3.38555
85.453935,-69.297897,0.05595,1.19663,0.17735,4.08049
85.465791,-70.423386,0.05663,0.85127,0.17951,2.90284
85.500693,-69.212509,0.05624,1.90824,0.17827,6.50711
85.507777,-68.714325,0.05679,0.85971,0.18003,2.93162
85.532318,-69.280785,0.05599,1.28642,0.1775,4.3867
85.537535,-69.216705,0.05623,1.82577,0.17825,6.22588
85.549741,-69.207756,0.05627,1.9417,0.17836,6.62121
85.564934,-68.176895,0.05704,0.32355,0.1808,1.1033
85.576602,-68.461136,0.0561,0.28209,0.17783,0.96194
85.58733,-69.487892,0.05518,0.61256,0.17491,2.08881
85.603976,-68.371994,0.05604,0.27084,0.17766,0.92356
85.605136,-69.479073,0.05518,0.59687,0.17491,2.03531
85.629423,-68.268906,0.05638,0.3572,0.17871,1.21807
85.649797,-69.069824,0.05671,2.86542,0.17978,9.77109
85.68147,-68.231514,0.05631,0.39667,0.17851,1.35263
85.692075,-67.812019,0.05818,0.4868,0.18442,1.65998
85.763473,-67.468979,0.05707,0.31408,0.18091,1.071
85.824277,-69.69725,0.05445,1.18531,0.17262,4.0419
85.885111,-68.3144,0.05578,0.49205,0.17682,1.6779
85.92611,-68.58667,0.05616,0.50079,0.17802,1.70768
86.007315,-67.633423,0.0571,0.28755,0.18102,0.98055
86.014336,-69.902939,0.05427,0.72637,0.17204,2.47694
86.050507,-69.228134,0.0562,1.46479,0.17815,4.99495
86.116863,-69.801651,0.05393,1.19139,0.17096,4.06262
86.136478,-67.576225,0.05655,0.31105,0.17926,1.06068
86.164983,-66.87178,0.05107,0.14479,0.1619,0.49372
86.201296,-71.041496,0.06364,0.39731,0.20173,1.35483
86.20323,-69.539848,0.05427,1.28717,0.17203,4.38926
86.210766,-67.494606,0.05603,0.42159,0.1776,1.43762
86.31922,-68.99778,0.05677,1.01066,0.17997,3.44636
86.332,-67.509865,0.05563,0.34626,0.17635,1.18075
86.368152,-67.688766,0.05584,0.30738,0.177,1.04818
86.476941,-67.333168,0.05428,0.3439,0.17206,1.1727
86.499385,-71.228409,0.06537,0.24667,0.20723,0.84113
86.507263,-66.990051,0.05177,0.2088,0.1641,0.712
86.528952,-67.713066,0.05495,0.21893,0.1742,0.74654
86.529825,-67.78405,0.05489,0.24232,0.17399,0.82631
86.542931,-68.006226,0.05442,0.28172,0.17252,0.96065
86.560745,-67.568611,0.05465,0.24211,0.17324,0.82561
86.660324,-68.772453,0.05538,0.6662,0.17555,2.27175
86.675929,-68.008675,0.05388,0.23418,0.1708,0.79856
86.717654,-66.478897,0.04868,0.15128,0.15433,0.51587
86.875798,-69.451698,0.0538,1.37575,0.17053,4.69131
87.000617,-66.89904,0.05039,0.13188,0.15972,0.4497
87.108805,-67.466377,0.0519,0.11732,0.16452,0.40004
87.212245,-68.168159,0.05142,0.29525,0.16299,1.00682
87.261889,-70.041725,0.05254,1.73545,0.16654,5.9179
87.564943,-67.729652,0.0494,0.09292,0.15661,0.31685
87.747479,-67.471336,0.04914,0.09995,0.15576,0.34084
87.893788,-67.519714,0.04847,0.09345,0.15365,0.31865
88.22397,-69.48793,0.05025,0.17806,0.15929,0.60718
88.257561,-69.996269,0.05125,0.12485,0.16247,0.42573
89.12085,-69.366364,0.04924,0.11779,0.15608,0.40167
89.406794,-68.133484,0.0458,0.10324,0.14519,0.35206
89.45843,-68.462112,0.04614,0.09838,0.14627,0.33548
90.085395,-70.364693,0.06537,0.10546,0.20721,0.35962
90.110404,-69.621155,0.05376,0.10287,0.17043,0.35077
90.603388,-68.215889,0.04664,0.07043,0.14783,0.24015
91.330144,-69.310341,0.05003,0.07873,0.1586,0.26846
