RA,DEC,ebv_eden,ebv_sf,av_eden,av_sf,av_zh,av_zh_std
7.521702,-73.913918,0.04244,0.04558,0.13454,0.13767,0.24,0.25
7.746443,-73.741425,0.04231,0.04261,0.13411,0.12867,0.24,0.26
7.925977,-73.53167,0.04271,0.03999,0.1354,0.12078,0.24,0.26
7.948884,-73.599243,0.04245,0.03653,0.13458,0.11034,0.24,0.26
7.980047,-73.578545,0.04254,0.03761,0.13486,0.11359,0.24,0.26
7.981742,-73.585571,0.04251,0.03708,0.13476,0.11197,0.24,0.26
8.228736,-73.821953,0.04179,0.03754,0.13246,0.11336,0.22,0.24
8.560188,-73.619049,0.04201,0.03381,0.13318,0.10212,0.23,0.25
8.637665,-73.873337,0.0413,0.04014,0.13091,0.12123,0.21,0.24
8.763608,-73.549622,0.04215,0.04028,0.13361,0.12166,0.23,0.25
8.763859,-74.203384,0.04199,0.03309,0.1331,0.09994,0.19,0.21
8.989162,-73.734062,0.0413,0.03369,0.13093,0.10174,0.22,0.25
9.124077,-73.918602,0.04093,0.04416,0.12975,0.13336,0.19,0.26
9.380191,-74.411057,0.04288,0.03442,0.13592,0.10394,0.22,0.22
9.508638,-73.630348,0.04143,0.04667,0.13134,0.14096,0.25,0.27
9.563685,-73.017746,0.04523,0.08026,0.14338,0.24237,0.22,0.27
9.57867,-73.525597,0.04188,0.04777,0.13277,0.14425,0.26,0.27
9.818972,-72.032875,0.04567,0.03758,0.14477,0.11349,0.2,0.19
10.190774,-72.673569,0.04805,0.05356,0.15232,0.16175,0.22,0.24
10.191936,-73.717102,0.0414,0.05722,0.13125,0.17282,0.26,0.28
10.512744,-73.888428,0.04134,0.06387,0.13104,0.19288,0.21,0.25
10.598432,-73.412109,0.04324,0.1319,0.13708,0.39835,0.37,0.33
10.721161,-73.596092,0.04257,0.10149,0.13494,0.3065,0.32,0.31
10.745516,-73.29184,0.0441,0.22966,0.13978,0.69358,0.42,0.35
10.95191,-73.613548,0.04275,0.12028,0.13552,0.36325,0.31,0.3
11.004765,-72.995163,0.04724,0.20304,0.14974,0.61317,0.34,0.33
11.045316,-73.212608,0.04537,0.4087,0.14382,1.23429,0.49,0.36
11.210925,-72.885483,0.04802,0.11724,0.15222,0.35405,0.29,0.31
11.399051,-73.293671,0.04531,0.71362,0.14362,2.15515,0.55,0.37
11.476636,-72.93116,0.04793,0.19947,0.15193,0.60239,0.36,0.34
11.510007,-73.350014,0.04509,0.70826,0.14295,2.13895,0.53,0.37
11.554412,-72.935364,0.04791,0.22205,0.15188,0.6706,0.37,0.34
11.624906,-72.593178,0.04811,0.09948,0.15251,0.30043,0.26,0.28
11.642234,-72.821014,0.04813,0.15008,0.15256,0.45323,0.32,0.31
11.666625,-73.208763,0.04597,0.86598,0.14574,2.61525,0.59,0.37
11.692539,-73.666313,0.04278,0.12071,0.13563,0.36454,0.27,0.3
11.721182,-72.714394,0.04821,0.11865,0.15283,0.35831,0.3,0.3
11.753848,-73.370476,0.04498,0.65201,0.14257,1.96906,0.5,0.37
11.760545,-72.919182,0.04806,0.28668,0.15235,0.86576,0.39,0.35
11.782004,-73.745392,0.04226,0.0818,0.13396,0.24704,0.23,0.27
11.78622,-73.236649,0.04582,0.9473,0.14523,2.86084,0.6,0.37
11.793363,-72.96051,0.04774,0.40465,0.15133,1.22204,0.43,0.36
11.805479,-72.704842,0.04821,0.12319,0.15281,0.37204,0.3,0.31
11.938212,-73.307259,0.04537,0.92223,0.14381,2.78512,0.55,0.36
11.955413,-73.095612,0.04674,1.20946,0.14818,3.65258,0.56,0.38
11.992086,-72.815269,0.04806,0.29563,0.15234,0.89279,0.37,0.33
12.00486,-73.387062,0.04486,0.50986,0.14222,1.53979,0.47,0.37
12.009524,-73.403946,0.04476,0.44436,0.14189,1.34196,0.46,0.37
12.026228,-73.110535,0.04666,1.23704,0.14792,3.73587,0.58,0.37
12.036872,-73.505272,0.04414,0.25744,0.13992,0.77747,0.37,0.34
12.078882,-73.249702,0.04574,1.00501,0.145,3.03514,0.58,0.36
12.115704,-73.446945,0.04448,0.34554,0.14101,1.04352,0.41,0.35
12.132593,-72.986565,0.04733,0.61913,0.15004,1.86976,0.5,0.37
12.138712,-73.209274,0.046,1.00358,0.14582,3.03081,0.58,0.36
12.144304,-73.154884,0.04636,1.10149,0.14697,3.32651,0.59,0.37
12.146544,-72.369522,0.04651,0.16936,0.14743,0.51148,0.26,0.26
12.158935,-73.246552,0.04574,0.91259,0.14501,2.75602,0.57,0.36
12.189284,-72.924294,0.04762,0.49667,0.15095,1.49994,0.47,0.37
12.257829,-72.901375,0.04763,0.53401,0.151,1.61272,0.46,0.36
12.299215,-72.692955,0.04817,0.19736,0.15271,0.59604,0.35,0.33
12.302837,-73.392799,0.04479,0.41635,0.14198,1.25738,0.44,0.35
12.314714,-73.202988,0.04599,0.78211,0.14578,2.36197,0.57,0.36
12.319302,-73.147079,0.04635,0.90367,0.14692,2.72909,0.57,0.36
12.385136,-72.487221,0.04725,0.17988,0.14977,0.54322,0.27,0.27
12.393755,-72.881355,0.04758,0.63439,0.15084,1.91585,0.46,0.36
12.419711,-73.236916,0.04574,0.56761,0.145,1.71417,0.55,0.35
12.42137,-72.301399,0.04566,0.13903,0.14473,0.41987,0.25,0.26
12.449533,-73.411659,0.04466,0.39872,0.14156,1.20415,0.41,0.34
12.482258,-73.047455,0.04676,0.58365,0.14824,1.76263,0.53,0.37
12.488276,-72.405502,0.04642,0.15629,0.14715,0.472,0.27,0.27
12.498361,-73.07341,0.04664,0.61392,0.14784,1.85405,0.54,0.36
12.501577,-72.983681,0.04704,0.52213,0.1491,1.57683,0.51,0.37
12.549769,-73.354309,0.04502,0.36913,0.14272,1.11478,0.45,0.35
12.554437,-73.286179,0.04544,0.39012,0.14404,1.17816,0.51,0.35
12.56634,-73.169647,0.04612,0.54323,0.14619,1.64055,0.54,0.35
12.569629,-73.138657,0.0463,0.56423,0.14676,1.70398,0.54,0.35
12.575341,-72.455956,0.04678,0.17151,0.14829,0.51796,0.28,0.28
12.588534,-73.102638,0.04646,0.53939,0.14728,1.62896,0.53,0.36
12.619976,-72.752563,0.04778,0.43315,0.15147,1.30811,0.42,0.35
12.620275,-73.120697,0.04637,0.51319,0.147,1.54984,0.53,0.36
12.629437,-72.872421,0.04735,0.7015,0.1501,2.11853,0.46,0.36
12.638301,-72.962532,0.04701,0.50604,0.14901,1.52825,0.5,0.36
12.669093,-72.834183,0.04743,0.68156,0.15037,2.0583,0.45,0.35
12.694161,-72.241043,0.04499,0.1544,0.14263,0.46628,0.26,0.28
12.708537,-73.394318,0.04477,0.33394,0.14192,1.00849,0.41,0.34
12.758097,-73.268562,0.04553,0.37964,0.14434,1.14651,0.5,0.34
12.779685,-72.998734,0.04672,0.41035,0.1481,1.23926,0.49,0.36
12.788992,-72.809959,0.04735,0.58721,0.15009,1.77338,0.43,0.35
12.799663,-72.471596,0.04672,0.1837,0.14811,0.55476,0.31,0.3
12.806897,-72.550446,0.04729,0.22818,0.14991,0.68909,0.34,0.31
12.816462,-73.159111,0.04609,0.41346,0.1461,1.24864,0.51,0.35
12.826005,-72.723526,0.04756,0.37205,0.15076,1.12358,0.4,0.34
12.833997,-73.136757,0.0462,0.39542,0.14644,1.19417,0.5,0.35
12.857086,-72.763344,0.04741,0.44436,0.15028,1.34196,0.42,0.34
12.858666,-72.888458,0.04699,0.56736,0.14895,1.71343,0.45,0.35
12.883954,-73.309235,0.04533,0.35203,0.1437,1.06312,0.46,0.34
12.90685,-72.433243,0.04627,0.16435,0.14668,0.49635,0.31,0.3
12.911544,-72.972351,0.04666,0.3802,0.14791,1.14821,0.47,0.36
12.9154,-73.232407,0.0457,0.43294,0.14487,1.30747,0.5,0.34
12.921972,-72.933441,0.04676,0.44411,0.14822,1.34123,0.46,0.35
12.941341,-72.59816,0.04721,0.29381,0.14966,0.8873,0.36,0.32
12.999333,-72.766563,0.04719,0.41352,0.1496,1.24884,0.41,0.34
13.001509,-73.0895,0.04627,0.32362,0.14666,0.97734,0.47,0.35
13.033491,-72.280327,0.04493,0.22374,0.14244,0.6757,0.28,0.29
13.038654,-72.99086,0.04647,0.3028,0.14731,0.91445,0.45,0.35
13.048194,-73.329536,0.04524,0.37322,0.1434,1.12713,0.43,0.34
13.050167,-72.627411,0.04708,0.36399,0.14926,1.09924,0.37,0.33
13.051069,-72.727928,0.04724,0.39925,0.14975,1.20573,0.39,0.34
13.068365,-73.705978,0.04296,0.11825,0.13618,0.35712,0.24,0.28
13.079881,-71.911369,0.04264,0.1059,0.13516,0.31983,0.19,0.23
13.089044,-72.665497,0.04709,0.40662,0.14926,1.22798,0.38,0.33
13.104091,-72.684158,0.04709,0.41298,0.14929,1.24721,0.38,0.33
13.127266,-72.319092,0.04508,0.21961,0.14289,0.66324,0.3,0.29
13.1284,-73.220673,0.04572,0.48861,0.14494,1.4756,0.46,0.34
13.1457,-72.433815,0.04597,0.19639,0.14572,0.59311,0.33,0.3
13.14854,-72.851479,0.04671,0.37987,0.14806,1.14721,0.41,0.34
13.162501,-73.009697,0.04631,0.26391,0.14681,0.797,0.43,0.34
13.163567,-72.740128,0.04704,0.38437,0.14912,1.16079,0.39,0.34
13.1687,-72.745171,0.04702,0.37972,0.14905,1.14674,0.39,0.34
13.169555,-72.756119,0.04698,0.37048,0.14893,1.11884,0.4,0.34
13.173921,-73.065315,0.04621,0.27834,0.14649,0.84058,0.43,0.34
13.189993,-73.073402,0.04619,0.28112,0.14641,0.84897,0.43,0.34
13.201415,-72.968979,0.04634,0.27064,0.14689,0.81733,0.43,0.35
13.211746,-72.775291,0.04686,0.35165,0.14855,1.06197,0.39,0.34
13.233808,-72.232277,0.0445,0.22063,0.14108,0.66632,0.28,0.28
13.237359,-72.394661,0.04554,0.20999,0.14437,0.63416,0.33,0.3
13.241423,-72.580956,0.0467,0.3006,0.14804,0.9078,0.37,0.32
13.245275,-73.139763,0.04603,0.37798,0.1459,1.14149,0.43,0.34
13.249078,-73.441971,0.04447,0.32254,0.14097,0.97406,0.33,0.32
13.256099,-72.399757,0.04556,0.21322,0.14443,0.64392,0.33,0.3
13.256905,-72.508492,0.04642,0.24265,0.14715,0.7328,0.35,0.31
13.259931,-72.498817,0.04634,0.23908,0.14689,0.72203,0.35,0.31
13.268429,-72.562134,0.04662,0.27836,0.14778,0.84064,0.36,0.32
13.279305,-72.171394,0.04415,0.17414,0.13996,0.52589,0.26,0.28
13.309965,-72.641273,0.04665,0.39757,0.14787,1.20067,0.38,0.32
13.315513,-72.367493,0.04525,0.22222,0.14343,0.67109,0.33,0.3
13.316536,-73.259033,0.04555,0.46324,0.14439,1.39899,0.41,0.34
13.327935,-72.551033,0.0465,0.27211,0.1474,0.82178,0.36,0.32
13.329248,-71.703796,0.04116,0.06003,0.13048,0.18129,0.18,0.23
13.33919,-72.287971,0.04473,0.21537,0.14179,0.65043,0.3,0.29
13.339863,-71.844383,0.04223,0.08763,0.13388,0.26464,0.19,0.23
13.345563,-72.413216,0.04556,0.23299,0.14442,0.70362,0.33,0.3
13.348422,-72.783722,0.04653,0.33013,0.14749,0.99699,0.38,0.33
13.350006,-73.11042,0.04606,0.31072,0.146,0.93837,0.41,0.34
13.358685,-72.489899,0.04612,0.25494,0.1462,0.76992,0.35,0.31
13.378453,-73.231285,0.04561,0.44545,0.14458,1.34527,0.4,0.34
13.378894,-72.532722,0.04639,0.26601,0.14706,0.80334,0.36,0.32
13.405291,-72.398819,0.04538,0.23457,0.14386,0.70841,0.33,0.3
13.407487,-72.422089,0.04555,0.24501,0.14439,0.73994,0.34,0.3
13.407679,-72.54425,0.04635,0.27649,0.14694,0.83499,0.36,0.32
13.412949,-72.393631,0.04534,0.23247,0.14372,0.70205,0.33,0.3
13.415298,-72.535828,0.04633,0.27275,0.14688,0.82369,0.36,0.32
13.417728,-72.409355,0.04545,0.23989,0.14406,0.72446,0.33,0.3
13.42474,-72.908089,0.04613,0.25937,0.14623,0.78329,0.39,0.34
13.427622,-72.287094,0.04465,0.19951,0.14155,0.60251,0.3,0.3
13.433085,-72.089363,0.04366,0.11655,0.1384,0.35197,0.23,0.26
13.440647,-72.894165,0.04613,0.26533,0.14623,0.80131,0.39,0.34
13.442446,-72.531502,0.04629,0.2736,0.14673,0.82626,0.36,0.32
13.446713,-73.248802,0.04547,0.40923,0.14415,1.23586,0.39,0.34
13.470145,-71.632614,0.04025,0.05366,0.1276,0.16204,0.19,0.24
13.477901,-72.437256,0.04557,0.25659,0.14447,0.7749,0.34,0.31
13.485679,-72.911011,0.04604,0.25137,0.14594,0.75913,0.38,0.34
13.495741,-72.362373,0.04503,0.21694,0.14275,0.65515,0.33,0.3
13.495896,-72.262009,0.04449,0.18426,0.14102,0.55647,0.3,0.3
13.507475,-72.317116,0.04474,0.19748,0.14183,0.59639,0.32,0.3
13.511337,-73.25885,0.04536,0.3713,0.1438,1.12134,0.37,0.34
13.525363,-73.061119,0.04598,0.22535,0.14575,0.68057,0.38,0.33
13.531955,-72.380341,0.04512,0.22761,0.14304,0.68738,0.34,0.31
13.540397,-72.374336,0.04507,0.22369,0.14288,0.67554,0.34,0.31
13.567612,-72.239929,0.04434,0.17472,0.14057,0.52766,0.29,0.3
13.59046,-72.508453,0.04591,0.2798,0.14554,0.845,0.36,0.32
13.610954,-72.679138,0.04594,0.37323,0.14563,1.12717,0.36,0.32
13.611973,-72.883247,0.04581,0.25762,0.14521,0.77802,0.37,0.33
13.620808,-72.742271,0.04588,0.34128,0.14544,1.03067,0.36,0.32
13.627097,-72.570183,0.04596,0.30396,0.14569,0.91794,0.37,0.32
13.638384,-72.180771,0.04404,0.14707,0.13961,0.44416,0.27,0.29
13.648799,-72.665016,0.04585,0.36445,0.14536,1.10063,0.36,0.32
13.653195,-72.309631,0.04461,0.20689,0.1414,0.62482,0.32,0.3
13.65933,-72.601669,0.04587,0.33056,0.14542,0.9983,0.37,0.32
13.672227,-73.240891,0.04529,0.28185,0.14358,0.8512,0.34,0.32
13.672755,-72.237221,0.04427,0.18597,0.14035,0.56162,0.3,0.3
13.67278,-72.486137,0.04565,0.2819,0.1447,0.85132,0.36,0.31
13.673452,-73.128853,0.04589,0.2299,0.14549,0.69431,0.35,0.32
13.693553,-72.46489,0.04549,0.28192,0.14419,0.85141,0.35,0.31
13.699284,-71.76387,0.04128,0.08042,0.13085,0.24287,0.2,0.25
13.699347,-71.414688,0.03799,0.04401,0.12044,0.13291,0.18,0.19
13.70945,-73.0466,0.04576,0.19188,0.14506,0.57948,0.35,0.33
13.712406,-73.099899,0.04587,0.20033,0.14539,0.60501,0.35,0.33
13.726891,-73.15094,0.04575,0.2225,0.14501,0.67196,0.34,0.32
13.761648,-72.768044,0.04547,0.32769,0.14415,0.98961,0.35,0.32
13.767206,-72.472443,0.04543,0.288,0.14403,0.86976,0.35,0.31
13.784495,-72.567459,0.04567,0.30295,0.14477,0.9149,0.36,0.32
13.789353,-72.515457,0.04565,0.29105,0.14471,0.87899,0.36,0.31
13.79491,-72.45266,0.04528,0.29142,0.14352,0.88008,0.35,0.31
13.802364,-72.436417,0.04517,0.29344,0.14319,0.88618,0.35,0.31
13.803228,-72.51178,0.04559,0.29186,0.14453,0.88141,0.36,0.31
13.813378,-72.33728,0.04462,0.27766,0.14145,0.83854,0.34,0.31
13.841566,-71.789406,0.0413,0.09322,0.13093,0.28151,0.2,0.25
13.863108,-71.555687,0.03923,0.05767,0.12435,0.17417,0.2,0.24
13.865672,-72.729294,0.04522,0.32325,0.14334,0.9762,0.35,0.32
13.869121,-72.487114,0.04531,0.29954,0.14362,0.9046,0.36,0.32
13.875625,-72.480446,0.04526,0.30135,0.14347,0.91008,0.36,0.32
13.89679,-72.545395,0.04541,0.29891,0.14394,0.90271,0.36,0.32
13.924053,-72.303223,0.0444,0.34417,0.14074,1.03939,0.33,0.31
13.948352,-72.658638,0.0451,0.31245,0.14296,0.94359,0.36,0.32
13.952626,-73.043114,0.04532,0.16241,0.14366,0.49047,0.32,0.32
13.972648,-72.196625,0.04396,0.24353,0.13935,0.73547,0.29,0.29
13.995879,-71.522568,0.03874,0.06279,0.12282,0.18963,0.2,0.24
13.998293,-72.175369,0.04387,0.22204,0.13906,0.67057,0.29,0.29
14.002332,-72.83284,0.04475,0.31529,0.14187,0.95218,0.34,0.32
14.004046,-72.460983,0.04491,0.32775,0.14237,0.98981,0.36,0.32
14.007276,-72.499931,0.04505,0.31579,0.1428,0.95369,0.36,0.32
14.018476,-71.629814,0.03964,0.06911,0.12565,0.20872,0.2,0.25
14.029873,-72.470512,0.04489,0.32748,0.14231,0.989,0.36,0.32
14.037303,-72.277908,0.04422,0.37358,0.14016,1.1282,0.33,0.31
14.045771,-72.44059,0.04476,0.34495,0.14189,1.04174,0.36,0.32
14.057666,-72.04567,0.04305,0.19077,0.13646,0.57613,0.26,0.28
14.061519,-72.42244,0.04468,0.35676,0.14163,1.07743,0.36,0.32
14.087205,-72.84552,0.04451,0.307,0.1411,0.92714,0.33,0.32
14.090327,-72.459961,0.04474,0.34028,0.14182,1.02763,0.36,0.32
14.094011,-72.476639,0.04478,0.33417,0.14195,1.0092,0.36,0.32
14.099992,-72.487503,0.0448,0.3326,0.142,1.00445,0.36,0.32
14.10552,-72.471741,0.04474,0.33753,0.14183,1.01933,0.36,0.32
14.113846,-72.468483,0.04471,0.33994,0.14174,1.02663,0.36,0.32
14.115696,-73.507523,0.04325,0.1024,0.1371,0.30926,0.28,0.29
14.127534,-72.231476,0.04391,0.32473,0.1392,0.98067,0.32,0.3
14.128729,-71.77256,0.04075,0.11016,0.12917,0.33269,0.2,0.24
14.129824,-72.152824,0.04355,0.23045,0.13804,0.69595,0.28,0.29
14.148048,-72.254349,0.04399,0.35709,0.13945,1.0784,0.32,0.31
14.159138,-72.310638,0.04425,0.38986,0.14026,1.17737,0.34,0.32
14.19015,-72.242996,0.04389,0.34106,0.13912,1.03002,0.32,0.3
14.200639,-71.179138,0.03528,0.03898,0.11182,0.11771,0.21,0.23
14.242771,-72.521553,0.04453,0.34454,0.14117,1.04051,0.37,0.33
14.255295,-72.14254,0.04326,0.27164,0.13714,0.82036,0.28,0.29
14.264679,-72.334267,0.04425,0.3789,0.14028,1.14428,0.36,0.32
14.268831,-72.494507,0.04443,0.35126,0.14084,1.0608,0.38,0.33
14.270352,-72.241432,0.04378,0.34389,0.13878,1.03854,0.33,0.31
14.276385,-72.254517,0.04384,0.35124,0.13899,1.06074,0.33,0.31
14.299565,-72.369591,0.04425,0.3798,0.14027,1.14699,0.37,0.33
14.311585,-71.504509,0.03811,0.07406,0.12082,0.22365,0.2,0.23
14.338515,-72.110527,0.04293,0.3128,0.13608,0.94467,0.27,0.28
14.347047,-72.02668,0.04247,0.25842,0.13462,0.78042,0.25,0.27
14.37155,-72.161362,0.04313,0.37083,0.13673,1.11991,0.3,0.3
14.385288,-72.100685,0.04279,0.34548,0.13564,1.04334,0.27,0.28
14.391292,-72.070297,0.04262,0.3147,0.1351,0.9504,0.26,0.28
14.408075,-72.058754,0.04253,0.31204,0.13482,0.94235,0.26,0.28
14.44261,-72.705765,0.04356,0.30602,0.13808,0.9242,0.34,0.31
14.472133,-72.412888,0.0438,0.38299,0.13884,1.15664,0.38,0.33
14.472561,-72.083511,0.04254,0.39029,0.13486,1.17867,0.27,0.28
14.481763,-72.422295,0.04378,0.38455,0.13879,1.16133,0.38,0.33
14.487046,-73.562134,0.04265,0.0754,0.1352,0.2277,0.27,0.29
14.506239,-72.594238,0.04366,0.35194,0.1384,1.06285,0.36,0.32
14.507126,-72.326561,0.04354,0.36119,0.13803,1.0908,0.37,0.33
14.558781,-71.969238,0.04186,0.24736,0.1327,0.74703,0.24,0.26
14.596641,-72.359787,0.04329,0.36443,0.13724,1.10058,0.37,0.32
14.689378,-72.276627,0.04274,0.4606,0.13548,1.391,0.35,0.32
14.71651,-72.348312,0.04283,0.34858,0.13577,1.05271,0.37,0.32
14.722887,-72.360008,0.04283,0.34748,0.13577,1.0494,0.37,0.32
14.727953,-72.849892,0.04258,0.2299,0.13497,0.69429,0.29,0.29
14.729435,-72.552078,0.04307,0.3082,0.13654,0.93076,0.36,0.33
14.733524,-71.976097,0.04156,0.25257,0.13175,0.76277,0.24,0.26
14.739664,-72.288078,0.04261,0.42595,0.13506,1.28638,0.35,0.32
14.775518,-71.783722,0.04,0.2075,0.1268,0.62665,0.23,0.25
14.804474,-72.377014,0.04254,0.32222,0.13487,0.9731,0.36,0.32
14.821316,-71.810242,0.04017,0.21887,0.12732,0.66098,0.24,0.26
14.872271,-72.330978,0.04223,0.31575,0.13385,0.95356,0.35,0.32
14.916991,-72.226891,0.04194,0.63817,0.13295,1.92727,0.32,0.3
14.925954,-72.163506,0.04184,0.85894,0.13263,2.59401,0.29,0.29
15.005334,-72.48336,0.04181,0.22483,0.13255,0.67898,0.35,0.32
15.007992,-72.017464,0.04116,0.26297,0.13048,0.79417,0.24,0.27
15.026778,-72.428185,0.04169,0.22368,0.13217,0.67551,0.35,0.32
15.054616,-72.334679,0.04157,0.2578,0.13176,0.77855,0.33,0.31
15.056647,-72.352814,0.04156,0.24983,0.13174,0.7545,0.34,0.31
15.098814,-72.631149,0.04148,0.19158,0.1315,0.57858,0.33,0.31
15.138538,-72.563477,0.04127,0.19067,0.13083,0.57583,0.34,0.32
15.145673,-72.366623,0.04122,0.21929,0.13067,0.66224,0.33,0.3
15.154256,-72.690392,0.04134,0.17326,0.13104,0.52323,0.31,0.3
15.201425,-73.687996,0.04186,0.05291,0.13269,0.1598,0.18,0.26
15.210984,-72.48114,0.04089,0.18017,0.12963,0.54411,0.33,0.31
15.267479,-72.440582,0.04069,0.18295,0.12899,0.5525,0.33,0.31
15.302052,-72.268593,0.04075,0.18485,0.12919,0.55824,0.3,0.29
15.340866,-71.954842,0.04025,0.26644,0.1276,0.80465,0.24,0.26
15.444264,-72.437416,0.04,0.18308,0.12679,0.55291,0.32,0.3
15.444664,-72.562927,0.04001,0.14891,0.12683,0.4497,0.32,0.31
15.456195,-72.095955,0.04024,0.29087,0.12756,0.87842,0.26,0.28
15.554542,-72.939476,0.03997,0.12695,0.12672,0.38339,0.26,0.27
15.61304,-72.279282,0.03989,0.14756,0.12644,0.44565,0.3,0.29
15.645905,-72.505547,0.03921,0.15652,0.12429,0.47269,0.32,0.31
15.646989,-72.192581,0.03976,0.21908,0.12604,0.66161,0.28,0.29
15.658785,-72.135178,0.03971,0.33991,0.12587,1.02653,0.27,0.28
15.664665,-71.832069,0.03906,0.33921,0.12381,1.02442,0.24,0.25
15.664685,-72.301323,0.03975,0.14745,0.12602,0.44529,0.3,0.3
15.666333,-72.190926,0.03971,0.22542,0.12587,0.68076,0.28,0.29
15.705051,-72.156441,0.03959,0.29965,0.12549,0.90496,0.27,0.29
15.727274,-72.545883,0.03919,0.14337,0.12424,0.43298,0.32,0.31
15.739019,-73.128609,0.03938,0.10212,0.12483,0.3084,0.27,0.28
15.752757,-72.503365,0.03904,0.15088,0.12376,0.45566,0.33,0.32
15.771704,-72.154785,0.03944,0.31513,0.12503,0.9517,0.27,0.29
15.781884,-72.210083,0.03942,0.23049,0.12496,0.69608,0.29,0.3
15.787205,-71.930763,0.03932,0.50402,0.12464,1.52215,0.24,0.26
15.841267,-72.84407,0.03923,0.11172,0.12437,0.33738,0.26,0.27
15.856523,-72.042595,0.03929,0.63842,0.12455,1.92804,0.27,0.28
15.898766,-72.283546,0.03912,0.17426,0.12402,0.52627,0.3,0.3
15.940762,-72.818794,0.03898,0.11067,0.12356,0.33423,0.27,0.27
15.947997,-72.071434,0.03918,0.54839,0.12421,1.65615,0.27,0.29
15.954565,-73.712296,0.04005,0.0462,0.12695,0.13951,0.17,0.22
15.977364,-72.827797,0.03889,0.11328,0.12327,0.34211,0.27,0.27
15.993419,-71.90551,0.03891,0.39939,0.12334,1.20614,0.23,0.25
15.995159,-72.385849,0.03878,0.14683,0.12295,0.44343,0.31,0.3
16.024857,-73.818291,0.04051,0.04064,0.12841,0.12274,0.16,0.21
16.029622,-72.642746,0.03888,0.13086,0.12324,0.39519,0.31,0.3
16.050177,-72.978088,0.03864,0.11111,0.12248,0.33556,0.26,0.28
16.101214,-72.178276,0.03887,0.28554,0.12321,0.86234,0.28,0.29
16.113623,-72.547836,0.03858,0.13824,0.1223,0.41748,0.32,0.31
16.180614,-71.649818,0.03787,0.08953,0.12005,0.27038,0.2,0.24
16.197788,-72.044441,0.03879,0.42347,0.12296,1.27889,0.27,0.29
16.230061,-72.513527,0.03835,0.14289,0.12156,0.43152,0.32,0.3
16.24057,-72.385185,0.03843,0.14599,0.12182,0.44088,0.3,0.29
16.264754,-72.108932,0.03878,0.30146,0.12293,0.91039,0.27,0.29
16.297483,-72.724457,0.03849,0.11164,0.12201,0.33716,0.29,0.29
16.299472,-71.72628,0.03815,0.12815,0.12093,0.38701,0.2,0.24
16.382862,-72.763603,0.03824,0.11624,0.12123,0.35103,0.28,0.28
16.445653,-71.772797,0.03825,0.15014,0.12126,0.45341,0.2,0.24
16.457567,-72.369637,0.03828,0.13207,0.12134,0.39884,0.29,0.28
16.537387,-72.402466,0.03816,0.1256,0.12098,0.3793,0.29,0.28
16.553088,-72.631592,0.03815,0.14003,0.12095,0.42289,0.31,0.3
16.562863,-72.560211,0.03805,0.16037,0.12061,0.48432,0.32,0.3
16.563437,-72.591248,0.03809,0.15528,0.12073,0.46896,0.32,0.3
16.571746,-72.462975,0.03801,0.14058,0.12048,0.42455,0.3,0.29
16.671322,-72.896004,0.03742,0.10836,0.11861,0.32724,0.26,0.28
16.791081,-73.498528,0.03798,0.05785,0.1204,0.17471,0.22,0.26
16.823183,-73.22393,0.03709,0.07961,0.11756,0.24041,0.29,0.28
16.834747,-72.852707,0.03725,0.10865,0.11809,0.32812,0.27,0.28
16.846935,-72.442535,0.03793,0.10083,0.12024,0.30451,0.29,0.28
16.875432,-72.409515,0.03799,0.10107,0.12043,0.30523,0.28,0.28
16.897636,-72.276939,0.03826,0.11238,0.1213,0.3394,0.26,0.27
16.956915,-72.214272,0.03828,0.11504,0.12135,0.34741,0.25,0.26
16.976536,-72.683044,0.03765,0.1069,0.11936,0.32282,0.3,0.29
16.982439,-72.673393,0.03768,0.10965,0.11945,0.33113,0.3,0.29
17.022895,-72.14518,0.03833,0.12593,0.12151,0.38029,0.24,0.26
17.030683,-71.81395,0.03845,0.11399,0.12187,0.34424,0.22,0.25
17.048329,-72.521729,0.03773,0.10982,0.1196,0.33166,0.31,0.29
17.051814,-71.691063,0.03845,0.06289,0.12187,0.18994,0.21,0.25
17.061598,-72.624634,0.03762,0.11819,0.11926,0.35693,0.31,0.3
17.063286,-72.503166,0.03774,0.09973,0.11963,0.30119,0.3,0.29
17.121713,-72.45359,0.03779,0.0831,0.11978,0.25097,0.28,0.28
17.226705,-73.999603,0.04216,0.03849,0.13365,0.11625,0.18,0.2
17.22848,-72.414505,0.03781,0.08325,0.11984,0.25142,0.27,0.27
17.314073,-72.275597,0.03797,0.09868,0.12038,0.29802,0.26,0.27
17.321614,-71.556213,0.03817,0.03814,0.121,0.1152,0.22,0.24
17.334506,-71.411934,0.03759,0.03211,0.11916,0.09696,0.23,0.24
17.354747,-72.260063,0.03797,0.09625,0.12036,0.29067,0.26,0.27
17.629456,-73.466484,0.03653,0.05176,0.11579,0.15633,0.21,0.24
17.689535,-73.286728,0.03606,0.0798,0.1143,0.24098,0.31,0.28
17.793628,-73.086525,0.03546,0.09142,0.11242,0.27609,0.32,0.29
18.18153,-73.294205,0.03583,0.19461,0.11357,0.58771,0.34,0.29
18.234879,-73.533585,0.03724,0.0537,0.11807,0.16219,0.22,0.24
18.263969,-73.205635,0.03548,0.2394,0.11246,0.72299,0.36,0.3
18.325872,-73.363472,0.03605,0.17454,0.11429,0.5271,0.32,0.29
18.409569,-73.278755,0.03568,0.44158,0.1131,1.33358,0.38,0.31
18.6571,-71.876244,0.03977,0.04559,0.12607,0.13767,0.2,0.23
18.69335,-73.35096,0.03589,0.30986,0.11377,0.93578,0.37,0.31
18.752301,-73.799683,0.04117,0.04486,0.13051,0.13548,0.23,0.24
18.756336,-73.666168,0.03897,0.04982,0.12355,0.15046,0.23,0.23
18.861405,-73.337494,0.03578,0.24002,0.11343,0.72486,0.39,0.32
18.869048,-73.260292,0.03543,0.30926,0.1123,0.93397,0.43,0.31
19.104533,-73.146667,0.03493,0.14199,0.11072,0.42882,0.37,0.29
19.219859,-73.216873,0.03516,0.10717,0.11144,0.32365,0.4,0.29
19.275741,-73.647217,0.03944,0.0551,0.12501,0.1664,0.24,0.25
19.3377,-73.595901,0.03863,0.05551,0.12244,0.16764,0.23,0.25
19.345612,-73.35466,0.03586,0.0685,0.11369,0.20688,0.37,0.28
19.363246,-72.677254,0.03548,0.04382,0.11248,0.13235,0.23,0.22
19.417553,-73.202896,0.03506,0.07444,0.11113,0.22482,0.38,0.27
19.435629,-73.481575,0.03726,0.06521,0.11812,0.19694,0.29,0.26
19.470878,-73.62368,0.03928,0.0492,0.12452,0.14858,0.23,0.24
19.917681,-73.335297,0.03613,0.05549,0.11454,0.16757,0.36,0.26
19.928189,-73.5327,0.03852,0.04207,0.1221,0.12705,0.25,0.25
68.923506,-72.361092,0.11071,0.11461,0.35094,0.39083,0.65,0.36
69.807742,-71.735428,0.12099,0.11503,0.38355,0.39224,0.54,0.38
70.332642,-70.115997,0.11697,0.10586,0.3708,0.361,0.65,0.36
70.510723,-70.524918,0.13381,0.15179,0.42416,0.51759,0.65,0.37
70.779561,-70.458649,0.13384,0.14997,0.42428,0.51139,0.64,0.36
70.956826,-69.304626,0.1028,0.13535,0.32588,0.46154,0.53,0.35
71.327625,-69.27739,0.10437,0.17936,0.33085,0.61163,0.55,0.34
71.40502,-70.251076,0.1295,0.1218,0.41053,0.41534,0.67,0.35
71.533928,-68.915482,0.0857,0.2372,0.27167,0.80886,0.61,0.39
71.888462,-69.242455,0.10343,0.43411,0.32787,1.48032,0.66,0.33
71.975142,-69.179344,0.10089,0.52347,0.31983,1.78505,0.63,0.34
72.030049,-69.468002,0.11148,0.37844,0.35338,1.2905,0.66,0.34
72.255617,-68.976868,0.0939,0.39189,0.29766,1.33634,0.6,0.34
72.268664,-68.907272,0.09134,0.36138,0.28956,1.23231,0.59,0.35
72.30168,-69.456535,0.10946,0.71716,0.34697,2.44552,0.67,0.34
72.306186,-69.787003,0.10901,0.15676,0.34555,0.53454,0.49,0.35
72.329389,-69.431839,0.10854,0.82574,0.34406,2.81579,0.68,0.34
72.47404,-69.754547,0.10546,0.18663,0.33431,0.6364,0.47,0.35
72.485769,-69.755859,0.10518,0.18351,0.33343,0.62576,0.47,0.35
72.513294,-68.259689,0.0644,0.1937,0.20415,0.66052,0.76,0.38
72.569551,-69.969131,0.10363,0.10966,0.32851,0.37395,0.54,0.34
72.572915,-69.397163,0.10395,1.14349,0.32953,3.8993,0.66,0.34
72.593866,-69.332047,0.10317,1.25952,0.32704,4.29497,0.67,0.35
72.654389,-69.99234,0.10193,0.10685,0.32311,0.36436,0.54,0.33
72.662716,-69.983589,0.10182,0.10821,0.32276,0.369,0.54,0.34
72.667214,-69.712425,0.10243,0.21686,0.32469,0.73949,0.48,0.35
72.732719,-69.431274,0.10172,1.08836,0.32246,3.71132,0.64,0.34
72.782142,-70.277702,0.09605,0.13979,0.30448,0.4767,0.57,0.35
72.806542,-69.194733,0.10025,0.77976,0.3178,2.65897,0.64,0.36
72.810664,-68.962128,0.09706,0.49522,0.30767,1.68871,0.57,0.35
72.937831,-69.504936,0.09876,0.574,0.31307,1.95735,0.59,0.34
72.937915,-69.77256,0.0994,0.24504,0.3151,0.8356,0.48,0.35
72.941734,-68.886284,0.09624,0.32365,0.30508,1.10366,0.53,0.37
72.976371,-69.024078,0.09882,0.50581,0.31326,1.72481,0.57,0.36
73.033181,-66.818192,0.04285,0.51831,0.13584,1.76745,0.56,0.39
73.039665,-70.505318,0.08788,0.1528,0.27858,0.52106,0.5,0.38
73.073257,-66.912819,0.04378,1.22873,0.1388,4.18997,0.57,0.39
73.080188,-69.078506,0.09967,0.64985,0.31595,2.21597,0.57,0.38
73.222376,-67.095154,0.04577,0.43908,0.14509,1.49727,0.52,0.41
73.245894,-69.880737,0.09471,0.19342,0.30023,0.65956,0.53,0.36
73.291444,-66.960022,0.0446,0.62039,0.14139,2.11554,0.54,0.39
73.297462,-68.648354,0.08987,0.29179,0.2849,0.99499,0.53,0.39
73.355576,-68.916763,0.09861,0.33936,0.3126,1.15721,0.47,0.38
73.394164,-67.078598,0.04599,0.37278,0.1458,1.27118,0.48,0.4
73.404957,-69.718651,0.09417,0.25201,0.29851,0.85936,0.46,0.34
73.422152,-69.073898,0.09594,0.969,0.30413,3.30429,0.52,0.4
73.512351,-69.834541,0.09199,0.23826,0.29162,0.81245,0.5,0.36
73.523972,-69.765968,0.09254,0.26605,0.29335,0.90721,0.45,0.34
73.566326,-66.301208,0.04117,0.35302,0.13051,1.20381,0.51,0.41
73.573663,-67.093658,0.04656,0.28163,0.14761,0.96037,0.44,0.39
73.59903,-70.901611,0.08066,0.22056,0.25568,0.7521,0.47,0.38
73.645546,-66.646965,0.04256,0.24659,0.13492,0.84087,0.41,0.4
73.672778,-69.4366,0.09031,0.61227,0.28628,2.08784,0.55,0.35
73.678207,-69.285744,0.08983,0.88648,0.28475,3.02289,0.54,0.36
73.691707,-68.962776,0.09369,0.29357,0.297,1.00106,0.43,0.39
73.708893,-66.939491,0.04497,0.26808,0.14255,0.91416,0.45,0.38
73.738997,-66.752464,0.04339,0.21334,0.13755,0.72748,0.42,0.39
73.764138,-68.222588,0.07347,0.27622,0.23289,0.94192,0.72,0.36
73.770646,-69.798615,0.08933,0.20954,0.28319,0.71452,0.45,0.35
73.7762,-67.475845,0.05191,0.10109,0.16455,0.34472,0.54,0.39
73.790355,-69.486183,0.08945,0.45184,0.28357,1.54076,0.52,0.35
73.83998,-67.436485,0.05161,0.10483,0.16359,0.35748,0.51,0.39
73.887955,-67.338417,0.0504,0.16025,0.15977,0.54644,0.47,0.39
73.919471,-69.87233,0.08608,0.18072,0.27287,0.61626,0.45,0.35
73.970039,-69.706245,0.08839,0.15551,0.2802,0.5303,0.41,0.34
73.974836,-66.416481,0.04203,1.64912,0.13323,5.6235,0.54,0.39
73.978905,-69.725128,0.08807,0.14994,0.27917,0.51129,0.41,0.34
74.058839,-67.413483,0.05172,0.11528,0.16395,0.39309,0.5,0.38
74.063274,-66.20369,0.04161,0.61642,0.13191,2.102,0.56,0.42
74.073144,-66.305267,0.04193,1.21901,0.13292,4.15682,0.57,0.4
74.108788,-69.673508,0.08746,0.15531,0.27724,0.52962,0.4,0.34
74.114236,-67.933502,0.06067,0.19986,0.19232,0.68153,0.61,0.37
74.114566,-69.379623,0.08633,0.44984,0.27366,1.53396,0.45,0.35
74.118794,-69.711594,0.08693,0.13312,0.27556,0.45394,0.4,0.34
74.127341,-66.302498,0.04195,1.3412,0.13299,4.57348,0.57,0.4
74.145976,-66.875214,0.04485,0.1322,0.14218,0.45082,0.43,0.4
74.147677,-68.25647,0.07373,0.32377,0.23373,1.10405,0.72,0.36
74.163857,-67.330376,0.05053,0.17031,0.16017,0.58077,0.46,0.38
74.166683,-69.698967,0.08668,0.13669,0.27477,0.4661,0.4,0.34
74.182526,-67.488174,0.05261,0.12563,0.16676,0.42839,0.52,0.38
74.213229,-66.530151,0.04281,1.4189,0.13572,4.83845,0.51,0.39
74.227917,-67.086021,0.04747,0.18387,0.15047,0.62701,0.46,0.39
74.231543,-67.486946,0.05256,0.13034,0.16662,0.44446,0.52,0.38
74.257486,-67.995209,0.06254,0.23804,0.19824,0.8117,0.62,0.37
74.284954,-67.046066,0.04703,0.1853,0.14908,0.63188,0.47,0.4
74.286438,-66.866669,0.04494,0.11989,0.14247,0.40883,0.44,0.41
74.290445,-67.022011,0.04673,0.18061,0.14812,0.61587,0.46,0.4
74.295525,-67.340118,0.0505,0.16328,0.16008,0.55679,0.47,0.38
74.320065,-68.410988,0.07805,1.31473,0.24743,4.48324,0.66,0.37
74.353067,-68.844727,0.08081,0.62409,0.25617,2.12813,0.46,0.4
74.420186,-66.786026,0.0448,0.12625,0.142,0.4305,0.47,0.42
74.432613,-66.857719,0.0452,0.11266,0.14327,0.38417,0.46,0.41
74.434938,-69.521049,0.08626,0.39268,0.27343,1.33903,0.46,0.35
74.437683,-65.708374,0.03964,0.0503,0.12567,0.17152,0.41,0.42
74.445788,-69.215889,0.08267,0.503,0.26205,1.71522,0.42,0.38
74.447295,-69.391327,0.08535,0.46488,0.27055,1.58523,0.46,0.35
74.467946,-69.392502,0.0853,0.46106,0.27039,1.5722,0.47,0.35
74.489212,-69.538612,0.08594,0.35176,0.27244,1.19951,0.46,0.35
74.512659,-68.906418,0.07816,0.55858,0.24777,1.90477,0.46,0.41
74.523225,-69.454338,0.08542,0.44583,0.27079,1.52028,0.48,0.35
74.527298,-67.241653,0.04939,0.2023,0.15656,0.68983,0.46,0.39
74.537554,-67.306412,0.04997,0.17546,0.15839,0.59833,0.47,0.39
74.565514,-70.532059,0.06787,0.1007,0.21514,0.34337,0.43,0.4
74.636575,-70.346024,0.06974,0.16069,0.22106,0.54796,0.43,0.39
74.668893,-70.527405,0.06714,0.1002,0.21284,0.34167,0.42,0.4
74.676973,-69.690598,0.08429,0.13221,0.26721,0.45085,0.43,0.37
74.714423,-67.052444,0.04784,0.15979,0.15164,0.54489,0.51,0.41
74.717101,-69.425728,0.08385,0.3923,0.26579,1.33775,0.51,0.35
74.834295,-68.843079,0.0738,0.31032,0.23394,1.05818,0.45,0.42
74.921413,-69.4561,0.08273,0.3556,0.26227,1.2126,0.5,0.36
74.931386,-68.523003,0.06984,0.14086,0.22141,0.48033,0.54,0.43
74.952992,-67.818863,0.05567,0.1843,0.17647,0.62847,0.55,0.38
74.964046,-70.222679,0.07005,0.2941,0.22204,1.00287,0.48,0.38
74.998596,-67.085793,0.04851,0.17175,0.15379,0.58568,0.54,0.42
75.031533,-68.449997,0.06736,0.20679,0.21353,0.70515,0.56,0.43
75.04305,-67.152191,0.04901,0.13448,0.15535,0.45857,0.53,0.42
75.133394,-67.940735,0.05686,0.25034,0.18024,0.85365,0.53,0.4
75.136946,-70.496994,0.06528,0.08284,0.20693,0.28247,0.36,0.38
75.158007,-67.764633,0.05368,0.19551,0.17016,0.66669,0.54,0.4
75.206093,-68.119324,0.0601,0.3346,0.19051,1.141,0.64,0.42
75.206554,-68.434021,0.06498,0.27892,0.20598,0.95112,0.52,0.43
75.209047,-69.642174,0.08116,0.19448,0.25726,0.66319,0.52,0.37
75.229871,-66.637321,0.04619,0.10501,0.14643,0.3581,0.53,0.44
75.24744,-66.644096,0.04627,0.10344,0.14668,0.35274,0.54,0.44
75.255055,-66.10524,0.04248,0.25288,0.13467,0.86232,0.32,0.4
75.343363,-70.258026,0.06846,0.11715,0.217,0.39949,0.47,0.36
75.380222,-66.954361,0.04841,0.16801,0.15345,0.57291,0.56,0.43
75.386393,-68.220688,0.06054,0.3696,0.1919,1.26032,0.58,0.43
75.461606,-69.414696,0.07678,0.16205,0.24339,0.55257,0.45,0.35
75.480705,-70.525101,0.06344,0.11973,0.2011,0.40829,0.35,0.38
75.508911,-70.1511,0.07048,0.12954,0.22341,0.44175,0.54,0.36
75.57528,-66.10759,0.04317,0.14788,0.13685,0.50427,0.34,0.39
75.744805,-65.93792,0.04278,0.26099,0.13561,0.88997,0.44,0.39
75.767477,-70.950439,0.05959,0.11201,0.18891,0.38195,0.51,0.4
75.783619,-66.230949,0.04464,0.10915,0.1415,0.37222,0.36,0.39
75.792006,-70.16497,0.06871,0.17793,0.2178,0.60673,0.55,0.37
75.849929,-68.925583,0.06656,0.44726,0.21099,1.52514,0.38,0.39
75.936254,-69.100464,0.06862,0.63945,0.21752,2.18052,0.34,0.39
75.951584,-66.133018,0.04454,0.10863,0.14119,0.37041,0.37,0.38
75.956276,-68.934052,0.06633,0.52595,0.21028,1.7935,0.39,0.39
76.021395,-69.018661,0.06742,0.71518,0.21373,2.43876,0.37,0.39
76.04151,-67.330482,0.04956,0.55681,0.1571,1.89871,0.51,0.42
76.051742,-67.416496,0.04981,0.35184,0.15791,1.19977,0.46,0.42
76.059927,-66.431381,0.04732,0.16464,0.15,0.56142,0.44,0.41
76.064453,-69.026779,0.06751,0.72771,0.214,2.4815,0.37,0.39
76.149149,-68.748634,0.0632,0.22478,0.20033,0.7665,0.38,0.4
76.167037,-68.949463,0.06631,0.54983,0.21021,1.87492,0.4,0.39
76.209054,-68.13121,0.05492,0.43314,0.17409,1.477,0.58,0.42
76.217287,-69.062897,0.06794,0.73224,0.21537,2.49695,0.38,0.4
76.229829,-68.551895,0.05961,0.46833,0.18898,1.59702,0.52,0.42
76.229918,-68.967377,0.0665,0.55564,0.21082,1.89474,0.4,0.4
76.304923,-68.553238,0.0594,0.45472,0.18828,1.55059,0.52,0.42
76.336289,-70.741852,0.05837,0.21598,0.18504,0.7365,0.43,0.41
76.341489,-67.120789,0.04969,0.21325,0.15753,0.7272,0.58,0.4
76.371157,-68.965065,0.06629,0.45107,0.21016,1.53815,0.41,0.4
76.424819,-67.751686,0.05172,0.26264,0.16397,0.89561,0.48,0.39
76.474828,-68.180702,0.05471,0.57675,0.17343,1.96671,0.58,0.41
76.492217,-70.534889,0.06011,0.18061,0.19056,0.61589,0.3,0.37
76.536993,-71.25724,0.05665,0.10404,0.17958,0.35477,0.48,0.4
76.568824,-68.368561,0.05596,0.47738,0.17741,1.62785,0.52,0.41
76.580081,-71.470123,0.05631,0.14815,0.17852,0.5052,0.55,0.38
76.595263,-69.819595,0.07072,0.23623,0.22418,0.80556,0.57,0.4
76.614421,-68.511215,0.05746,0.64282,0.18214,2.19201,0.5,0.41
76.614966,-68.364449,0.05573,0.48541,0.17666,1.65524,0.52,0.41
76.63928,-68.363991,0.05562,0.49079,0.17632,1.67358,0.51,0.41
76.68745,-68.346352,0.05529,0.49161,0.17526,1.6764,0.52,0.41
76.690052,-68.986404,0.06623,0.50291,0.20996,1.71492,0.42,0.41
76.693142,-69.049408,0.06722,0.47603,0.21308,1.62328,0.4,0.41
76.69987,-70.037064,0.06679,0.42631,0.21172,1.45373,0.61,0.37
76.782532,-68.888756,0.06457,0.47182,0.20468,1.60891,0.42,0.41
76.814063,-70.200775,0.06389,0.27705,0.20253,0.94475,0.55,0.37
76.816581,-68.883507,0.06442,0.50013,0.20423,1.70545,0.42,0.41
76.828802,-68.427116,0.05527,0.61731,0.17522,2.10502,0.5,0.41
76.833749,-70.454239,0.06048,0.29138,0.19172,0.9936,0.31,0.37
76.871172,-68.311821,0.05439,0.49909,0.17241,1.70191,0.52,0.4
76.878954,-65.3396,0.04075,0.0671,0.12918,0.22881,0.44,0.4
76.938948,-69.162407,0.06853,0.43043,0.21723,1.46775,0.39,0.41
76.976827,-69.458702,0.07038,0.39435,0.22312,1.34474,0.52,0.38
76.977897,-68.676727,0.0602,0.53021,0.19084,1.80802,0.42,0.39
76.998653,-66.655083,0.05,0.15894,0.15849,0.54199,0.53,0.41
77.004271,-67.097099,0.05073,0.21037,0.16083,0.71737,0.63,0.4
77.02987,-66.98938,0.05074,0.15425,0.16086,0.52599,0.58,0.42
77.076109,-68.779739,0.06204,0.7645,0.19666,2.60695,0.41,0.39
77.160077,-67.785843,0.05137,0.17636,0.16283,0.60138,0.51,0.4
77.242485,-68.48764,0.05649,0.81561,0.17907,2.78124,0.5,0.41
77.286327,-68.985405,0.06546,0.95088,0.20752,3.24251,0.41,0.4
77.333966,-70.457497,0.05977,0.2233,0.18947,0.76144,0.33,0.39
77.357488,-70.553963,0.05873,0.20934,0.18616,0.71385,0.33,0.39
77.366182,-68.85215,0.06306,2.64388,0.19991,9.01562,0.41,0.39
77.418324,-71.04985,0.0562,0.20015,0.17816,0.6825,0.53,0.42
77.472865,-68.612206,0.05876,0.69699,0.18626,2.37672,0.48,0.41
77.504119,-68.902481,0.06377,2.98734,0.20215,10.18683,0.42,0.4
77.527956,-67.315636,0.05283,0.18939,0.16746,0.64582,0.64,0.39
77.544668,-68.243187,0.05324,0.37156,0.16878,1.26703,0.53,0.41
77.579111,-65.274826,0.04416,0.05404,0.13997,0.18427,0.34,0.39
77.660807,-69.715027,0.06808,0.3197,0.21582,1.09018,0.48,0.43
77.770308,-70.243507,0.06212,0.34369,0.1969,1.172,0.53,0.39
77.773078,-68.018791,0.05182,0.30783,0.16427,1.0497,0.61,0.41
77.904951,-69.304825,0.06854,0.64919,0.21728,2.21375,0.51,0.39
77.946825,-69.4328,0.06827,0.71597,0.21641,2.44144,0.51,0.39
77.960234,-69.351288,0.06844,0.80587,0.21695,2.74801,0.53,0.38
77.964982,-70.576408,0.05944,0.27993,0.18841,0.95458,0.36,0.39
77.966916,-67.166054,0.05509,0.48424,0.17465,1.65125,0.65,0.4
78.028352,-67.198875,0.05546,0.50445,0.17581,1.72019,0.63,0.4
78.141871,-65.826668,0.05143,0.0615,0.16303,0.2097,0.47,0.39
78.197533,-69.23555,0.06846,1.22518,0.21702,4.17785,0.48,0.4
78.22591,-69.236984,0.06849,1.32644,0.21712,4.52316,0.48,0.39
78.285377,-70.139542,0.06342,0.2443,0.20105,0.83307,0.59,0.38
78.316665,-67.296463,0.05618,0.38242,0.1781,1.30404,0.6,0.41
78.319998,-69.556137,0.0671,1.10135,0.21272,3.7556,0.53,0.4
78.37822,-69.539902,0.06699,1.01796,0.21237,3.47123,0.53,0.39
78.42998,-68.964081,0.06594,0.55457,0.20904,1.89109,0.47,0.41
78.454106,-67.446625,0.05529,1.05574,0.17528,3.60007,0.63,0.41
78.471043,-67.376289,0.05605,0.79393,0.17767,2.70729,0.61,0.41
78.473614,-67.063515,0.05806,0.40541,0.18404,1.38244,0.69,0.4
78.507998,-67.451942,0.05539,1.08299,0.1756,3.69299,0.63,0.41
78.518418,-67.264061,0.05733,0.30402,0.18174,1.03672,0.6,0.4
78.546107,-69.543488,0.06646,0.84595,0.21069,2.88467,0.53,0.4
78.56421,-68.978951,0.06605,0.54515,0.20939,1.85895,0.46,0.41
78.578573,-67.263702,0.05757,0.29804,0.18251,1.01631,0.6,0.4
78.870786,-66.810394,0.05892,0.1444,0.18679,0.49239,0.5,0.41
78.901303,-69.431702,0.06542,0.67217,0.20737,2.29211,0.52,0.4
78.933622,-68.991867,0.06542,0.55977,0.20739,1.90882,0.44,0.42
79.075968,-67.240059,0.0592,0.25515,0.18766,0.87005,0.63,0.38
79.170383,-69.656197,0.06382,0.51626,0.20231,1.76044,0.51,0.43
79.386792,-69.752083,0.06307,0.86033,0.19994,2.93371,0.49,0.44
79.434664,-69.342567,0.06424,1.78616,0.20363,6.09081,0.61,0.43
79.554313,-69.874611,0.06258,0.78987,0.19839,2.69344,0.57,0.43
79.557173,-68.49041,0.05721,0.31238,0.18137,1.0652,0.55,0.43
79.579719,-68.718452,0.06044,0.58027,0.19158,1.97872,0.48,0.43
79.593344,-69.545151,0.06277,1.38307,0.19899,4.71626,0.47,0.42
79.594847,-69.488861,0.06298,1.33857,0.19965,4.56452,0.49,0.42
79.604903,-69.686317,0.06236,1.41886,0.19767,4.83831,0.47,0.44
79.712597,-72.120125,0.0588,0.06908,0.18639,0.23558,0.4,0.35
79.815808,-68.934425,0.06368,0.35143,0.20188,1.19839,0.41,0.42
79.846065,-65.858719,0.05852,0.14624,0.1855,0.49866,0.5,0.42
80.009071,-68.063393,0.05433,0.51933,0.17222,1.77092,0.66,0.38
80.035374,-68.918663,0.06346,0.46746,0.20116,1.59403,0.45,0.43
80.095831,-69.038193,0.06406,0.51708,0.20308,1.76323,0.41,0.42
80.105058,-69.498871,0.06164,0.7681,0.19541,2.61921,0.46,0.42
80.180023,-69.487755,0.06153,0.56486,0.19504,1.92618,0.45,0.43
80.265148,-68.048332,0.05456,1.21612,0.17294,4.14697,0.68,0.39
80.313532,-69.444946,0.06147,0.25644,0.19487,0.87447,0.42,0.42
80.325135,-69.513069,0.06102,0.42216,0.19343,1.43957,0.42,0.43
80.325806,-66.908684,0.05985,0.25394,0.18971,0.86592,0.52,0.4
80.54487,-69.096001,0.06436,0.49326,0.20401,1.682,0.46,0.42
80.574008,-69.353386,0.06157,0.30803,0.19517,1.05037,0.38,0.41
80.590077,-69.404907,0.06113,0.2706,0.19379,0.92275,0.38,0.42
80.629679,-65.371346,0.06423,0.09836,0.20362,0.33542,0.5,0.43
80.637892,-68.277718,0.0572,0.63534,0.18131,2.1665,0.66,0.41
80.648671,-68.899925,0.06391,0.78412,0.2026,2.67384,0.49,0.42
80.743821,-65.801697,0.06409,0.13454,0.20316,0.45877,0.46,0.4
80.802722,-68.781891,0.06327,0.55123,0.20056,1.87969,0.46,0.41
80.84795,-69.656616,0.05955,1.40966,0.18879,4.80695,0.4,0.45
80.906945,-68.777267,0.0635,0.48772,0.20129,1.66312,0.45,0.41
80.984144,-65.937645,0.06382,0.11617,0.20232,0.39614,0.43,0.4
80.987903,-69.777115,0.0595,0.65959,0.18861,2.24922,0.48,0.47
80.988021,-69.776245,0.0595,0.66388,0.18861,2.26382,0.48,0.47
81.00443,-71.160744,0.05905,0.18056,0.18718,0.6157,0.57,0.43
81.007614,-69.85527,0.05962,0.51578,0.189,1.75881,0.5,0.46
81.067416,-69.658638,0.05946,1.73348,0.18849,5.91118,0.36,0.44
81.086366,-67.662697,0.05162,0.28142,0.16363,0.95965,0.54,0.42
81.107683,-69.514938,0.06006,0.51634,0.19039,1.76072,0.27,0.38
81.121322,-72.285049,0.06435,0.09201,0.20399,0.31375,0.59,0.4
81.135044,-68.498512,0.0617,1.11555,0.1956,3.80403,0.54,0.42
81.156232,-69.532639,0.06,0.56713,0.1902,1.93393,0.26,0.38
81.184848,-69.630096,0.05958,1.42117,0.18887,4.84618,0.3,0.41
81.271244,-72.03624,0.06285,0.11503,0.19925,0.39226,0.47,0.41
81.279504,-66.04464,0.06252,0.48574,0.19817,1.65639,0.43,0.38
81.284448,-67.644135,0.05125,0.42643,0.16247,1.45411,0.56,0.41
81.294778,-66.265808,0.06006,1.4417,0.19038,4.91619,0.48,0.4
81.320819,-69.582993,0.05969,0.63069,0.18922,2.15066,0.28,0.39
81.351781,-66.568855,0.05861,0.40713,0.18581,1.38832,0.43,0.39
81.353718,-69.862534,0.05905,0.96208,0.18718,3.28069,0.45,0.47
81.401093,-69.037949,0.06467,0.5483,0.20502,1.86969,0.48,0.41
81.40648,-65.975014,0.06275,0.46667,0.19892,1.59133,0.42,0.38
81.421781,-69.241486,0.06283,0.75963,0.19917,2.59032,0.42,0.41
81.460458,-66.405823,0.05861,0.74119,0.1858,2.52745,0.43,0.4
81.495743,-66.038406,0.06145,0.79668,0.1948,2.71667,0.41,0.38
81.505768,-66.761322,0.05716,0.15857,0.18121,0.54074,0.38,0.4
81.574316,-66.050484,0.06085,0.84978,0.1929,2.89774,0.41,0.38
81.600296,-68.04702,0.05638,0.34431,0.17873,1.17409,0.55,0.41
81.662074,-69.423714,0.05996,0.28628,0.19009,0.97622,0.28,0.39
81.681947,-65.962448,0.06144,0.46204,0.19478,1.57554,0.38,0.38
81.721598,-69.044411,0.06412,0.50406,0.20327,1.71886,0.45,0.41
81.732915,-69.980225,0.05804,0.46649,0.18399,1.59073,0.45,0.44
81.74923,-69.082756,0.06367,0.53673,0.20184,1.83024,0.44,0.4
81.76531,-66.011261,0.06034,0.49679,0.19128,1.69405,0.37,0.38
81.775145,-66.746681,0.05544,0.14731,0.17573,0.50233,0.36,0.4
81.879173,-66.582611,0.05538,0.10921,0.17557,0.37241,0.3,0.38
81.953638,-66.03801,0.05941,0.33748,0.18832,1.1508,0.34,0.38
81.97569,-68.328835,0.06325,0.38532,0.20051,1.31394,0.62,0.41
81.978051,-68.328995,0.06326,0.38547,0.20052,1.31445,0.62,0.41
82.070179,-69.104988,0.0625,0.65449,0.19812,2.23181,0.42,0.39
82.091548,-67.296677,0.0513,0.42221,0.16262,1.43972,0.39,0.4
82.110799,-66.517159,0.0546,0.08408,0.17309,0.28672,0.25,0.37
82.133568,-69.200859,0.06131,0.29922,0.19437,1.02033,0.42,0.39
82.140347,-69.147591,0.06194,0.42207,0.19635,1.43926,0.43,0.39
82.148558,-69.028488,0.0633,0.7779,0.20065,2.65264,0.4,0.39
82.166598,-69.050812,0.063,0.79096,0.19972,2.69717,0.41,0.39
82.185051,-69.228806,0.06095,0.26661,0.1932,0.90915,0.39,0.38
82.187213,-71.970413,0.0656,0.1255,0.20796,0.42795,0.43,0.41
82.194611,-69.431656,0.05882,0.19763,0.18645,0.67391,0.26,0.38
82.256902,-66.649391,0.05321,0.09175,0.16869,0.31287,0.3,0.39
82.258115,-66.221855,0.05657,0.09724,0.17934,0.33158,0.35,0.4
82.267326,-69.355209,0.0595,0.19935,0.1886,0.6798,0.28,0.37
82.282834,-66.600044,0.05334,0.08721,0.16908,0.2974,0.29,0.39
82.339233,-66.535522,0.05347,0.08271,0.16951,0.28206,0.27,0.38
82.349941,-69.471077,0.05817,0.2004,0.18439,0.68337,0.27,0.38
82.49221,-69.386147,0.05884,0.24321,0.18653,0.82934,0.28,0.36
82.510236,-65.933891,0.05767,0.15264,0.18283,0.52051,0.43,0.4
82.555391,-69.353394,0.0591,0.27393,0.18735,0.9341,0.31,0.36
82.580741,-65.90361,0.05749,0.12928,0.18226,0.44085,0.47,0.4
82.606141,-66.959465,0.05112,0.19204,0.16205,0.65485,0.21,0.34
82.612863,-67.102829,0.05106,0.14523,0.16187,0.49524,0.24,0.35
82.623667,-66.622704,0.05198,0.09038,0.16476,0.3082,0.3,0.4
82.656436,-69.722893,0.0563,0.38785,0.17848,1.32256,0.42,0.41
82.657663,-68.410896,0.06403,0.9549,0.20296,3.2562,0.8,0.42
82.66349,-69.119286,0.0612,0.70291,0.19399,2.39691,0.47,0.39
82.67394,-69.192993,0.06048,0.58307,0.19174,1.98827,0.47,0.39
82.684413,-68.60955,0.06486,1.4735,0.2056,5.02463,0.68,0.4
82.71537,-67.028183,0.05069,0.1433,0.16068,0.48866,0.2,0.34
82.717271,-68.693733,0.06429,0.82645,0.2038,2.81821,0.57,0.39
82.751967,-69.18647,0.0603,0.63639,0.19115,2.1701,0.48,0.39
82.791314,-67.030815,0.05041,0.12889,0.15981,0.43952,0.2,0.33
82.840846,-70.957069,0.05812,0.72378,0.18423,2.4681,0.43,0.44
82.869474,-71.389946,0.06347,0.30592,0.2012,1.04318,0.5,0.42
82.910079,-67.469894,0.05132,0.25906,0.1627,0.88338,0.44,0.4
82.956683,-71.060585,0.06002,1.76841,0.19026,6.03028,0.47,0.43
82.982888,-69.023308,0.06082,0.73632,0.1928,2.51085,0.51,0.41
83.015543,-66.657982,0.05063,0.10081,0.16051,0.34377,0.32,0.39
83.069673,-66.395912,0.0512,0.94863,0.16232,3.23484,0.28,0.39
83.086202,-68.846603,0.06191,0.57696,0.19626,1.96744,0.49,0.38
83.117512,-69.606491,0.05595,0.5211,0.17737,1.77694,0.44,0.41
83.150667,-69.017799,0.06032,0.81597,0.1912,2.78246,0.53,0.41
83.15235,-70.806839,0.05585,0.16304,0.17705,0.55596,0.4,0.41
83.187091,-66.874779,0.04987,0.12403,0.15808,0.42294,0.23,0.36
83.242337,-67.555969,0.05221,0.9925,0.16552,3.38442,0.52,0.4
83.25456,-69.374802,0.05769,0.31214,0.18288,1.06439,0.34,0.36
83.291798,-67.733246,0.05369,1.38458,0.17021,4.72142,0.54,0.4
83.371852,-67.338905,0.05094,0.37592,0.16149,1.2819,0.43,0.39
83.400133,-67.500008,0.05208,0.93445,0.1651,3.18648,0.52,0.4
83.401523,-69.386848,0.05738,0.34297,0.18188,1.16952,0.36,0.37
83.437062,-67.000183,0.04953,0.12958,0.15702,0.44187,0.2,0.34
83.475324,-68.799622,0.06025,0.97954,0.191,3.34023,0.52,0.38
83.492801,-68.694839,0.06051,0.78951,0.19182,2.69221,0.56,0.39
83.504781,-70.712234,0.05447,0.26157,0.17266,0.89194,0.46,0.42
83.535131,-68.717476,0.06024,0.86835,0.19095,2.96109,0.55,0.39
83.546271,-69.42907,0.05715,0.38406,0.18117,1.30965,0.38,0.37
83.578245,-69.438858,0.0571,0.44621,0.18099,1.52159,0.38,0.37
83.579468,-67.108109,0.04973,0.14748,0.15765,0.5029,0.24,0.36
83.666828,-67.502647,0.05242,1.18517,0.16616,4.04142,0.56,0.4
83.724042,-69.133911,0.05832,2.12453,0.18487,7.24465,0.73,0.43
83.728128,-67.71991,0.05503,0.57594,0.17444,1.96396,0.57,0.4
83.805197,-69.24292,0.05799,2.30959,0.18382,7.8757,0.68,0.44
83.863142,-69.231224,0.05788,3.11229,0.18349,10.61289,0.72,0.44
83.899876,-69.118477,0.05788,2.96273,0.18349,10.10293,0.8,0.43
83.900594,-68.534393,0.05933,0.32267,0.18809,1.10029,0.5,0.4
83.935222,-66.882256,0.04904,0.14004,0.15545,0.47754,0.24,0.37
83.955935,-66.700485,0.04885,0.12851,0.15486,0.43823,0.34,0.39
84.059698,-69.191147,0.0577,4.4106,0.18289,15.04015,0.82,0.44
84.073025,-68.963707,0.05793,1.5524,0.18365,5.29369,0.66,0.43
84.080953,-68.224899,0.05938,0.32211,0.18822,1.09839,0.64,0.41
84.223679,-70.35643,0.05392,0.46623,0.17092,1.58985,0.36,0.39
84.236771,-69.271767,0.05778,3.45332,0.18315,11.77583,0.72,0.42
84.26094,-69.643074,0.0558,2.27229,0.1769,7.74852,0.6,0.43
84.266308,-69.167656,0.05767,7.32654,0.1828,24.98349,0.86,0.44
84.289308,-69.324539,0.05759,2.03064,0.18256,6.92449,0.61,0.41
84.311686,-70.506462,0.05437,0.45721,0.17236,1.55908,0.44,0.39
84.382455,-70.299202,0.05428,0.79086,0.17208,2.69682,0.4,0.4
84.392608,-69.45929,0.05681,1.40178,0.18009,4.78007,0.51,0.38
84.43914,-69.309685,0.05762,2.92441,0.18266,9.97223,0.66,0.41
84.521252,-69.296501,0.05755,3.80105,0.18245,12.96158,0.69,0.41
84.576233,-69.067322,0.05731,22.71088,0.18166,77.4441,0.75,0.47
84.611746,-69.764206,0.05514,3.33634,0.1748,11.37692,0.74,0.44
84.661939,-69.13736,0.05732,21.3433,0.18171,72.78065,0.85,0.48
84.677308,-69.017288,0.05717,15.6598,0.18123,53.3999,0.69,0.46
84.679486,-69.025673,0.05718,17.647,0.18127,60.17627,0.69,0.46
84.690958,-66.614372,0.04898,0.27078,0.15526,0.92335,0.41,0.4
84.721164,-70.717834,0.05727,0.62857,0.18153,2.14343,0.58,0.4
84.738261,-68.948074,0.05717,5.48765,0.18121,18.71289,0.66,0.43
84.76943,-67.879074,0.05935,0.3167,0.18815,1.07995,0.51,0.39
84.77477,-69.274086,0.05714,5.59426,0.18112,19.07643,0.74,0.42
84.783639,-70.337944,0.05528,0.92035,0.17524,3.1384,0.48,0.41
84.834334,-69.107307,0.05713,18.33096,0.18111,62.50858,0.8,0.48
84.916091,-69.20118,0.05695,7.29125,0.18054,24.86315,0.84,0.43
84.916984,-69.742706,0.05512,10.94715,0.17472,37.32977,0.77,0.45
84.949506,-69.267471,0.05679,4.14997,0.18001,14.15141,0.74,0.42
84.979328,-67.15332,0.05243,0.26866,0.1662,0.91615,0.41,0.36
85.004564,-69.581306,0.05567,6.76314,0.17647,23.0623,0.71,0.44
85.03308,-67.099304,0.05213,0.23428,0.16524,0.79889,0.39,0.37
85.053551,-69.581863,0.0556,5.88067,0.17625,20.05309,0.69,0.44
85.067588,-66.67672,0.04954,0.16158,0.15705,0.55099,0.41,0.41
85.072987,-69.515961,0.05585,3.73661,0.17706,12.74184,0.67,0.41
85.074858,-69.468552,0.05606,2.89654,0.17771,9.87721,0.66,0.4
85.080661,-69.689636,0.05522,8.6273,0.17503,29.41909,0.72,0.47
85.088533,-69.3116,0.05646,2.13175,0.17899,7.26926,0.69,0.4
85.137987,-67.211502,0.05344,0.26897,0.1694,0.91719,0.38,0.34
85.145193,-69.66127,0.05524,6.1401,0.17512,20.93772,0.7,0.46
85.241643,-69.23159,0.05643,1.95904,0.17889,6.68031,0.78,0.42
85.244159,-69.25267,0.05637,1.72993,0.17869,5.89907,0.76,0.41
85.249355,-69.644539,0.05518,3.22797,0.17492,11.00739,0.67,0.45
85.279678,-71.507668,0.06728,0.22422,0.21327,0.76458,0.55,0.44
85.284794,-67.3564,0.05576,0.20456,0.17676,0.69754,0.39,0.36
85.288253,-69.180138,0.05652,2.34136,0.17916,7.98405,0.79,0.42
85.289906,-69.179497,0.05652,2.34087,0.17916,7.98236,0.79,0.42
85.313089,-69.241997,0.0563,1.64324,0.17847,5.60343,0.76,0.41
85.320522,-69.169754,0.05651,2.32609,0.17914,7.93198,0.78,0.42
85.375419,-69.325356,0.05594,1.00383,0.17733,3.42306,0.68,0.4
85.417021,-68.606743,0.05672,0.41872,0.1798,1.42784,0.52,0.39
85.419263,-69.368065,0.05575,0.80761,0.17674,2.75397,0.63,0.37
85.436136,-69.587502,0.05509,0.85383,0.17463,2.91158,0.6,0.42
85.453935,-69.297897,0.05595,1.0291,0.17735,3.50922,0.7,0.41
85.465791,-70.423386,0.05663,0.73209,0.17951,2.49644,0.49,0.38
85.500693,-69.212509,0.05624,1.64109,0.17827,5.59611,0.74,0.41
85.507777,-68.714325,0.05679,0.73935,0.18003,2.52119,0.57,0.4
85.532318,-69.280785,0.05599,1.10632,0.1775,3.77257,0.71,0.41
85.537535,-69.216705,0.05623,1.57016,0.17825,5.35426,0.73,0.41
85.549741,-69.207756,0.05627,1.66987,0.17836,5.69424,0.73,0.41
85.564934,-68.176895,0.05704,0.27825,0.1808,0.94884,0.58,0.38
85.576602,-68.461136,0.0561,0.2426,0.17783,0.82727,0.49,0.39
85.58733,-69.487892,0.05518,0.5268,0.17491,1.79638,0.58,0.38
85.603976,-68.371994,0.05604,0.23292,0.17766,0.79426,0.54,0.38
85.605136,-69.479073,0.05518,0.5133,0.17491,1.75037,0.59,0.38
85.629423,-68.268906,0.05638,0.3072,0.17871,1.04754,0.59,0.37
85.649797,-69.069824,0.05671,2.46426,0.17978,8.40314,0.65,0.42
85.68147,-68.231514,0.05631,0.34113,0.17851,1.16326,0.59,0.38
85.692075,-67.812019,0.05818,0.41865,0.18442,1.42758,0.46,0.39
85.763473,-67.468979,0.05707,0.27011,0.18091,0.92106,0.42,0.38
85.824277,-69.69725,0.05445,1.01937,0.17262,3.47604,0.61,0.42
85.885111,-68.3144,0.05578,0.42316,0.17682,1.44299,0.58,0.38
85.92611,-68.58667,0.05616,0.43068,0.17802,1.46861,0.58,0.4
86.007315,-67.633423,0.0571,0.24729,0.18102,0.84327,0.38,0.38
86.014336,-69.902939,0.05427,0.62468,0.17204,2.13017,0.64,0.41
86.050507,-69.228134,0.0562,1.25972,0.17815,4.29566,0.74,0.41
86.116863,-69.801651,0.05393,1.02459,0.17096,3.49386,0.69,0.41
86.136478,-67.576225,0.05655,0.2675,0.17926,0.91219,0.36,0.38
86.164983,-66.87178,0.05107,0.12452,0.1619,0.4246,0.26,0.36
86.201296,-71.041496,0.06364,0.34169,0.20173,1.16516,0.59,0.42
86.20323,-69.539848,0.05427,1.10697,0.17203,3.77476,0.79,0.44
86.210766,-67.494606,0.05603,0.36257,0.1776,1.23636,0.37,0.37
86.31922,-68.99778,0.05677,0.86917,0.17997,2.96387,0.66,0.4
86.332,-67.509865,0.05563,0.29779,0.17635,1.01545,0.34,0.37
86.368152,-67.688766,0.05584,0.26435,0.177,0.90143,0.31,0.37
86.476941,-67.333168,0.05428,0.29575,0.17206,1.00852,0.31,0.37
86.499385,-71.228409,0.06537,0.21213,0.20723,0.72337,0.61,0.42
86.507263,-66.990051,0.05177,0.17957,0.1641,0.61232,0.26,0.36
86.528952,-67.713066,0.05495,0.18828,0.1742,0.64203,0.32,0.38
86.529825,-67.78405,0.05489,0.20839,0.17399,0.71063,0.35,0.39
86.542931,-68.006226,0.05442,0.24228,0.17252,0.82616,0.34,0.38
86.560745,-67.568611,0.05465,0.20822,0.17324,0.71002,0.29,0.36
86.660324,-68.772453,0.05538,0.57293,0.17555,1.9537,0.55,0.41
86.675929,-68.008675,0.05388,0.2014,0.1708,0.68676,0.33,0.38
86.717654,-66.478897,0.04868,0.1301,0.15433,0.44365,0.61,0.43
86.875798,-69.451698,0.0538,1.18315,0.17053,4.03453,0.87,0.38
87.000617,-66.89904,0.05039,0.11342,0.15972,0.38675,0.33,0.39
87.108805,-67.466377,0.0519,0.10089,0.16452,0.34404,0.27,0.36
87.212245,-68.168159,0.05142,0.25392,0.16299,0.86586,0.4,0.37
87.261889,-70.041725,0.05254,1.49249,0.16654,5.08939,0.75,0.41
87.564943,-67.729652,0.0494,0.07991,0.15661,0.27249,0.36,0.41
87.747479,-67.471336,0.04914,0.08596,0.15576,0.29313,0.33,0.39
87.893788,-67.519714,0.04847,0.08036,0.15365,0.27404,0.32,0.38
88.22397,-69.48793,0.05025,0.15313,0.15929,0.52218,0.53,0.36
88.257561,-69.996269,0.05125,0.10737,0.16247,0.36613,0.6,0.38
89.12085,-69.366364,0.04924,0.1013,0.15608,0.34544,0.57,0.39
89.406794,-68.133484,0.0458,0.08879,0.14519,0.30278,0.38,0.42
89.45843,-68.462112,0.04614,0.08461,0.14627,0.28851,0.35,0.39
90.085395,-70.364693,0.06537,0.0907,0.20721,0.30927,0.57,0.4
90.110404,-69.621155,0.05376,0.08846,0.17043,0.30166,0.5,0.41
90.603388,-68.215889,0.04664,0.06057,0.14783,0.20653,0.43,0.44
91.330144,-69.310341,0.05003,0.06771,0.1586,0.23088,0.56,0.42
9.490297,-73.511185,0.04196,0.04617,0.133,0.13942,0.25,0.27
9.27237,-73.437759,0.04244,0.04415,0.13452,0.13332,0.22,0.25
6.639692,-73.274483,0.04147,0.02842,0.13147,0.08584,0.21,0.21
9.800761,-72.943527,0.04607,0.075,0.14604,0.2265,0.24,0.28
8.648353,-72.544128,0.04509,0.03427,0.14294,0.1035,0.24,0.22
10.431021,-73.72332,0.04159,0.06826,0.13185,0.20615,0.27,0.29
12.490582,-73.66832,0.0429,0.10592,0.13599,0.31988,0.26,0.29
12.631599,-73.478493,0.04422,0.31466,0.14018,0.95027,0.34,0.33
14.110164,-73.473137,0.04345,0.10733,0.13772,0.32415,0.28,0.29
10.798535,-73.386368,0.0437,0.19302,0.13853,0.58293,0.42,0.34
11.593131,-73.321968,0.04531,0.74125,0.14362,2.23858,0.55,0.37
12.807108,-73.340614,0.04514,0.33328,0.14308,1.0065,0.45,0.34
13.046056,-73.343498,0.04514,0.36662,0.14309,1.10719,0.42,0.34
13.114879,-73.315651,0.04532,0.40386,0.14366,1.21965,0.42,0.34
11.325652,-73.256996,0.04543,0.69776,0.144,2.10722,0.55,0.37
11.963402,-73.287605,0.04549,0.97321,0.14421,2.93911,0.56,0.36
12.352271,-73.30378,0.04534,0.49607,0.14372,1.49813,0.52,0.35
12.640352,-73.25692,0.0456,0.40186,0.14456,1.2136,0.52,0.34
12.822944,-73.282799,0.04546,0.37166,0.1441,1.1224,0.49,0.34
12.914673,-73.308701,0.04533,0.36005,0.14371,1.08736,0.46,0.34
12.876572,-73.269402,0.04552,0.39353,0.14431,1.18846,0.49,0.34
11.959739,-73.239655,0.04581,1.09197,0.1452,3.29773,0.6,0.36
12.100888,-73.225922,0.0459,1.03698,0.1455,3.13167,0.59,0.36
12.129686,-73.191269,0.04612,1.03274,0.14621,3.11888,0.59,0.36
12.422279,-73.237427,0.04574,0.56426,0.14499,1.70408,0.55,0.35
12.525349,-73.129242,0.04637,0.61782,0.147,1.86582,0.54,0.36
12.654134,-73.12825,0.04632,0.484,0.14683,1.46167,0.53,0.35
13.079405,-73.156387,0.04601,0.41188,0.14585,1.24389,0.47,0.34
11.800913,-73.109222,0.04662,1.07983,0.1478,3.26108,0.56,0.38
13.213406,-73.114868,0.04611,0.33707,0.14618,1.01795,0.44,0.34
13.394229,-73.092438,0.04605,0.27764,0.14597,0.83848,0.4,0.34
13.740135,-73.077827,0.0458,0.18728,0.14517,0.56558,0.34,0.32
11.871639,-73.027054,0.04721,0.7973,0.14965,2.40785,0.5,0.38
12.999947,-73.059242,0.04634,0.30636,0.1469,0.92521,0.46,0.35
13.765738,-73.010216,0.04559,0.19002,0.14451,0.57387,0.35,0.33
12.909401,-72.790192,0.04724,0.48201,0.14976,1.45566,0.42,0.34
13.409233,-72.809013,0.04634,0.31411,0.14688,0.94861,0.38,0.33
13.701472,-72.723511,0.04567,0.33392,0.14478,1.00844,0.36,0.32
14.940584,-72.748978,0.04198,0.20878,0.13307,0.63053,0.31,0.3
12.201496,-72.650162,0.04808,0.15609,0.1524,0.4714,0.31,0.31
12.364528,-72.680344,0.0481,0.19646,0.15247,0.5933,0.35,0.33
13.094174,-72.664154,0.04708,0.40674,0.14923,1.22836,0.37,0.33
13.979501,-72.675148,0.04499,0.31283,0.14261,0.94474,0.36,0.32
13.110996,-72.624344,0.04698,0.36695,0.14894,1.1082,0.38,0.33
13.513381,-72.529045,0.04617,0.27904,0.14636,0.84269,0.36,0.32
13.982381,-72.452698,0.04492,0.32777,0.1424,0.98988,0.35,0.32
14.057833,-72.459015,0.0448,0.33658,0.14201,1.01647,0.36,0.32
14.091104,-72.464333,0.04475,0.33802,0.14185,1.02082,0.36,0.32
14.087156,-72.462318,0.04475,0.3386,0.14186,1.02256,0.36,0.32
14.065371,-72.462967,0.0448,0.33543,0.142,1.01299,0.36,0.32
14.075,-72.463905,0.04478,0.33617,0.14195,1.01522,0.36,0.32
14.078349,-72.463211,0.04477,0.33697,0.14192,1.01766,0.36,0.32
14.671736,-72.437637,0.04322,0.36895,0.137,1.11422,0.37,0.32
13.242589,-72.397987,0.04556,0.21092,0.14443,0.63696,0.33,0.3
14.603494,-72.42289,0.04341,0.38287,0.13761,1.15627,0.37,0.32
13.592742,-72.338356,0.04479,0.20787,0.142,0.62778,0.33,0.31
13.576145,-72.372658,0.04503,0.22204,0.14275,0.67055,0.34,0.31
11.743508,-72.273781,0.0461,0.0915,0.14615,0.27633,0.21,0.24
13.306341,-72.267021,0.04464,0.21963,0.14152,0.66329,0.29,0.29
13.615561,-72.266136,0.04443,0.18747,0.14086,0.56616,0.31,0.3
13.843193,-72.277374,0.04434,0.27898,0.14057,0.84253,0.32,0.31
14.052653,-72.272827,0.04418,0.37146,0.14005,1.1218,0.33,0.31
14.035505,-72.272568,0.0442,0.36957,0.1401,1.11609,0.32,0.31
14.509452,-72.29908,0.04342,0.37516,0.13764,1.13297,0.36,0.32
14.953141,-72.273399,0.04187,0.37495,0.13274,1.13235,0.33,0.31
12.54733,-72.189705,0.0448,0.10833,0.14202,0.32714,0.24,0.27
13.131268,-72.193748,0.04435,0.19563,0.14058,0.59081,0.26,0.28
13.209195,-72.222206,0.04446,0.21826,0.14095,0.65915,0.27,0.28
13.692348,-72.222366,0.0442,0.1799,0.14011,0.5433,0.29,0.3
14.521509,-72.216705,0.04302,0.59498,0.13639,1.79685,0.33,0.31
14.650906,-72.204704,0.04264,0.85252,0.13516,2.5746,0.32,0.3
14.724634,-72.20134,0.04243,0.9751,0.13452,2.94479,0.32,0.3
14.896359,-72.241386,0.04203,0.57442,0.13322,1.73475,0.32,0.3
13.285954,-72.136147,0.04396,0.14664,0.13937,0.44286,0.24,0.28
13.77444,-72.180992,0.04398,0.16734,0.13943,0.50536,0.28,0.29
14.860701,-72.165016,0.04204,0.96233,0.13325,2.90623,0.3,0.3
13.021573,-72.123528,0.04402,0.1363,0.13955,0.41163,0.23,0.26
13.413244,-72.062836,0.04352,0.10973,0.13795,0.33139,0.22,0.26
13.844402,-72.089409,0.04351,0.15387,0.13794,0.46469,0.26,0.28
12.603344,-72.000328,0.04337,0.09156,0.1375,0.27652,0.19,0.23
13.182248,-72.03167,0.04338,0.1202,0.13751,0.36302,0.21,0.25
14.156336,-72.027702,0.04278,0.20657,0.1356,0.62386,0.26,0.28
14.440073,-72.026474,0.04232,0.2865,0.13415,0.86523,0.26,0.28
14.871415,-72.017967,0.04148,0.30809,0.1315,0.93045,0.25,0.27
19.242433,-73.71965,0.04073,0.0534,0.12911,0.16127,0.23,0.24
17.881686,-73.579437,0.03761,0.04669,0.11922,0.14099,0.18,0.23
18.852198,-73.512329,0.03718,0.06574,0.11788,0.19855,0.28,0.26
18.475151,-73.397247,0.03615,0.14718,0.11459,0.44447,0.31,0.29
18.284948,-73.339905,0.03597,0.20157,0.11404,0.60873,0.33,0.29
18.377089,-73.336182,0.03593,0.27812,0.11389,0.83993,0.34,0.3
17.855835,-73.284515,0.03593,0.08547,0.11391,0.25812,0.31,0.28
18.59014,-73.212502,0.03533,0.39896,0.11201,1.20487,0.4,0.31
16.757307,-73.177071,0.03723,0.09014,0.11801,0.27223,0.29,0.27
18.146575,-73.159828,0.03542,0.1305,0.11227,0.3941,0.35,0.29
18.79781,-73.142822,0.03502,0.18179,0.11101,0.549,0.35,0.29
17.236885,-73.042908,0.03623,0.07543,0.11484,0.22781,0.31,0.29
16.352517,-72.924828,0.03793,0.10803,0.12024,0.32624,0.26,0.27
18.40252,-72.920547,0.03525,0.05212,0.11174,0.1574,0.25,0.23
15.225637,-72.860222,0.04101,0.13637,0.13,0.41183,0.27,0.28
15.978696,-72.824409,0.03889,0.11286,0.12327,0.34083,0.27,0.28
17.62284,-72.826271,0.03631,0.07024,0.11511,0.21212,0.26,0.26
18.47522,-72.861008,0.03542,0.05986,0.11228,0.18078,0.25,0.24
19.61984,-72.823036,0.03484,0.05562,0.11046,0.16796,0.26,0.25
16.064517,-72.75563,0.03881,0.10896,0.12302,0.32905,0.28,0.29
19.827769,-72.804893,0.0348,0.04621,0.1103,0.13956,0.26,0.25
16.370598,-72.67263,0.03846,0.12116,0.12192,0.36592,0.31,0.3
17.552019,-72.62529,0.0371,0.09123,0.11761,0.27551,0.28,0.27
18.616893,-72.664871,0.03608,0.05668,0.11436,0.17119,0.26,0.24
15.039916,-72.566467,0.04169,0.21331,0.13216,0.64418,0.34,0.32
15.845589,-72.603508,0.03909,0.13706,0.12393,0.41393,0.32,0.31
15.315233,-72.543571,0.04049,0.16358,0.12834,0.49401,0.33,0.32
15.934614,-72.539604,0.03883,0.13522,0.12309,0.40837,0.33,0.31
16.782522,-72.511818,0.03788,0.1362,0.12008,0.41133,0.31,0.3
16.667566,-72.47924,0.03793,0.13573,0.12023,0.40989,0.31,0.29
16.825903,-72.467659,0.03789,0.10867,0.1201,0.32818,0.3,0.29
15.886565,-72.41571,0.03898,0.15606,0.12356,0.4713,0.31,0.3
16.126022,-72.362282,0.03856,0.14922,0.12223,0.45063,0.3,0.29
16.484653,-72.329117,0.03836,0.13209,0.1216,0.39893,0.28,0.28
15.287348,-72.262398,0.04079,0.19307,0.12931,0.58309,0.3,0.29
15.320793,-72.292,0.04071,0.17779,0.12904,0.53694,0.3,0.29
15.332641,-72.284523,0.04067,0.1744,0.12893,0.52668,0.3,0.29
15.532258,-72.292458,0.04012,0.1476,0.12717,0.44576,0.29,0.29
16.233804,-72.251961,0.03863,0.18765,0.12247,0.56669,0.29,0.29
15.261213,-72.198441,0.04085,0.24295,0.12949,0.7337,0.29,0.29
16.573929,-72.243042,0.03841,0.1387,0.12177,0.41888,0.27,0.28
15.051331,-72.155411,0.04145,0.53727,0.1314,1.62254,0.28,0.29
15.706694,-72.1707,0.03959,0.26654,0.12549,0.80495,0.28,0.29
16.220421,-72.143562,0.03879,0.27933,0.12297,0.84358,0.28,0.29
15.364306,-72.118401,0.04053,0.25788,0.12848,0.77881,0.27,0.28
15.489279,-72.071449,0.04011,0.32696,0.12715,0.98741,0.26,0.28
15.679321,-72.123909,0.03965,0.37654,0.12568,1.13715,0.27,0.28
16.148901,-72.070976,0.0389,0.39655,0.12332,1.19757,0.27,0.29
17.758444,-72.115479,0.03832,0.08251,0.12147,0.24917,0.25,0.26
17.929814,-72.124306,0.03835,0.0793,0.12158,0.23949,0.25,0.26
16.103029,-72.009552,0.03887,0.51412,0.12322,1.55263,0.26,0.29
16.229481,-72.043449,0.03874,0.41874,0.12281,1.26459,0.26,0.29
16.234879,-72.043686,0.03873,0.41735,0.12279,1.26041,0.26,0.29
20.688973,-73.862312,0.0469,0.04115,0.14867,0.12428,nan,nan
20.964646,-73.678734,0.04395,0.04043,0.13932,0.12211,nan,nan
20.054984,-73.284607,0.03591,0.0516,0.11383,0.15583,0.37,0.25
20.086937,-73.271645,0.03585,0.05099,0.11364,0.154,0.37,0.25
21.466391,-72.954132,0.03524,0.03496,0.11172,0.10559,nan,nan
20.407462,-72.884239,0.03438,0.04269,0.109,0.12892,nan,nan
20.165176,-72.784286,0.03473,0.03684,0.11011,0.11127,0.23,0.23
20.689613,-72.776115,0.03465,0.03093,0.10985,0.0934,nan,nan
21.135223,-72.74614,0.03494,0.02804,0.11076,0.08467,nan,nan
20.561633,-72.68409,0.03513,0.0296,0.11137,0.0894,nan,nan
20.217238,-72.543243,0.0362,0.03499,0.11475,0.10568,0.22,0.2
13.015799,-71.944138,0.04286,0.11882,0.13586,0.35884,0.19,0.23
13.983587,-71.984108,0.04277,0.16297,0.13557,0.49215,0.25,0.28
14.726427,-71.943985,0.04143,0.22959,0.13133,0.69337,0.23,0.26
14.698428,-71.942085,0.04147,0.22907,0.13147,0.69179,0.23,0.26
13.23675,-71.917572,0.04269,0.09417,0.13534,0.28439,0.19,0.24
14.240453,-71.931976,0.04211,0.17954,0.13349,0.5422,0.23,0.27
14.392303,-71.907814,0.0417,0.18564,0.13219,0.56063,0.23,0.27
14.782796,-71.913559,0.04114,0.2134,0.13041,0.64447,0.23,0.25
14.163603,-71.844841,0.04138,0.13375,0.13117,0.40392,0.22,0.26
13.698917,-71.760323,0.04125,0.07976,0.13075,0.24087,0.2,0.25
13.258108,-71.643761,0.04049,0.05131,0.12835,0.15494,0.18,0.24
15.014473,-71.961395,0.04094,0.21329,0.12977,0.64412,0.23,0.26
15.169767,-71.541702,0.03729,0.17597,0.11822,0.53143,0.24,0.26
18.112667,-71.441185,0.03911,0.0314,0.12399,0.09482,0.24,0.23
15.656626,-71.275955,0.0351,0.05035,0.11128,0.15207,0.21,0.24
20.027448,-71.914421,0.04436,0.0354,0.14062,0.10691,nan,nan
79.238854,-72.332352,0.06104,0.0643,0.19348,0.21925,0.4,0.36
84.837381,-72.192619,0.07062,0.11686,0.22387,0.39851,0.66,0.41
73.206056,-70.268257,0.08766,0.10043,0.27789,0.34245,0.51,0.36
73.248092,-70.298553,0.08638,0.09678,0.27383,0.33003,0.49,0.36
74.650541,-70.110649,0.07445,0.18815,0.23601,0.64161,0.49,0.38
72.73027,-69.984634,0.10059,0.11145,0.31889,0.38004,0.54,0.34
73.885345,-69.962517,0.08388,0.15907,0.26591,0.54243,0.49,0.36
74.545015,-69.949707,0.07906,0.11872,0.25063,0.40484,0.48,0.37
74.205879,-69.808746,0.08479,0.1178,0.26877,0.4017,0.42,0.36
72.63174,-69.56562,0.10294,0.52551,0.3263,1.79201,0.56,0.35
74.162029,-69.570976,0.0877,0.27925,0.27801,0.95226,0.44,0.34
74.198512,-69.607002,0.08733,0.2163,0.27683,0.73759,0.43,0.35
74.151578,-69.557594,0.08778,0.30684,0.27827,1.04633,0.45,0.34
73.900337,-69.449028,0.08814,0.45465,0.27941,1.55034,0.5,0.35
72.992118,-69.426094,0.09833,1.46674,0.31169,5.00158,0.62,0.34
74.464499,-69.394508,0.08532,0.46066,0.27047,1.57085,0.47,0.35
73.653487,-69.339485,0.09019,0.78105,0.28591,2.66337,0.55,0.36
73.559379,-69.21019,0.09138,2.06571,0.28966,7.04408,0.56,0.38
72.288057,-68.959038,0.09341,0.38019,0.29611,1.29646,0.6,0.34
72.308488,-68.96991,0.09391,0.38955,0.29769,1.32837,0.6,0.34
72.754558,-68.86599,0.09416,0.29343,0.29848,1.00058,0.55,0.37
74.652615,-68.842278,0.07619,0.40496,0.24152,1.3809,0.46,0.42
74.638712,-68.847244,0.0764,0.42286,0.24218,1.44196,0.45,0.42
70.940366,-68.140968,0.05613,0.10848,0.17792,0.36992,0.74,0.38
73.796107,-67.169563,0.04801,0.34547,0.15218,1.17806,0.42,0.39
73.791937,-66.845169,0.04421,0.2007,0.14016,0.68437,0.43,0.39
73.543649,-66.599892,0.04208,0.23088,0.13338,0.78729,0.42,0.4
74.288444,-66.621864,0.04355,0.72372,0.13805,2.46787,0.49,0.4
73.91894,-66.428673,0.042,1.45649,0.13313,4.96664,0.52,0.39
74.210815,-66.409729,0.04222,2.95169,0.13384,10.06527,0.55,0.39
74.286767,-66.39032,0.04231,3.17146,0.13412,10.81468,0.55,0.39
77.412202,-71.400597,0.05587,0.1303,0.17712,0.44433,0.55,0.39
75.53078,-71.33699,0.0598,0.13118,0.18957,0.44732,0.54,0.4
75.626004,-70.634857,0.06163,0.20149,0.19536,0.68707,0.39,0.4
76.037142,-70.262787,0.06545,0.13505,0.20746,0.46052,0.49,0.39
79.96583,-69.885681,0.06133,0.55779,0.19443,1.90205,0.56,0.43
79.443194,-69.849213,0.06297,0.8384,0.19963,2.85893,0.54,0.43
79.182754,-69.77739,0.06394,0.64637,0.2027,2.20411,0.54,0.44
79.660998,-69.762985,0.06208,0.9196,0.1968,3.13585,0.49,0.44
79.289897,-69.738876,0.06344,0.75594,0.20112,2.57775,0.51,0.44
78.742711,-69.647102,0.06554,0.32437,0.20776,1.10611,0.54,0.43
78.707893,-69.661682,0.06566,0.32202,0.20813,1.09808,0.55,0.43
79.81816,-69.655548,0.06183,2.27877,0.196,7.77062,0.46,0.44
77.2941,-69.603386,0.06935,0.23193,0.21984,0.79088,0.45,0.4
75.326556,-69.54734,0.07961,0.22623,0.25237,0.77143,0.5,0.36
78.548279,-69.554939,0.06643,0.85343,0.21057,2.91019,0.53,0.4
79.507622,-69.560493,0.0629,1.12298,0.1994,3.82937,0.47,0.42
76.286309,-69.403511,0.07233,0.13166,0.2293,0.44896,0.42,0.39
77.231651,-69.272652,0.06898,0.51278,0.21868,1.74856,0.47,0.41
77.410685,-69.310379,0.06895,0.58078,0.21857,1.98045,0.51,0.4
79.483648,-69.267715,0.06456,2.20422,0.20466,7.51639,0.61,0.45
79.559796,-69.250305,0.06445,2.3114,0.20431,7.88187,0.6,0.45
78.350803,-69.24942,0.06855,1.77565,0.21729,6.05496,0.46,0.4
75.860374,-69.148941,0.06954,0.46958,0.22043,1.60126,0.32,0.38
76.734175,-69.144493,0.06861,0.46347,0.2175,1.58042,0.39,0.41
77.614144,-69.153259,0.06773,0.99197,0.2147,3.38262,0.42,0.4
76.077504,-68.926216,0.0661,0.53492,0.20952,1.82407,0.39,0.39
79.857129,-68.859306,0.0629,0.43325,0.19939,1.47737,0.44,0.42
77.189406,-68.761696,0.06157,1.09288,0.19518,3.72672,0.42,0.39
77.595029,-68.7733,0.06153,1.2029,0.19504,4.10188,0.42,0.39
79.877108,-68.68602,0.06025,0.4982,0.19098,1.69886,0.52,0.42
77.818942,-68.392647,0.05477,0.45842,0.17363,1.56322,0.53,0.43
75.384327,-68.178627,0.05996,0.37562,0.19007,1.28085,0.6,0.43
75.73228,-68.175018,0.05768,0.25015,0.18285,0.85301,0.54,0.43
76.481297,-67.886337,0.05246,0.23804,0.16631,0.81172,0.49,0.41
76.049455,-67.547256,0.05033,0.27624,0.15956,0.94197,0.42,0.38
76.06218,-67.251457,0.04954,0.4621,0.15705,1.57575,0.55,0.42
78.072328,-67.298462,0.05518,0.34933,0.17492,1.19121,0.6,0.4
78.184431,-67.266029,0.05589,0.3984,0.17716,1.35855,0.61,0.41
75.786776,-66.959686,0.04951,0.25835,0.15694,0.88096,0.58,0.43
76.365399,-66.6866,0.04892,0.26492,0.15508,0.90337,0.54,0.42
76.561725,-66.67942,0.04916,0.2025,0.15584,0.69054,0.54,0.41
75.816335,-66.624954,0.04761,0.1615,0.15093,0.55071,0.53,0.43
78.390618,-66.571976,0.05338,0.15221,0.1692,0.51905,0.51,0.41
76.061782,-66.539909,0.04785,0.18104,0.15169,0.61733,0.48,0.41
75.170337,-66.475151,0.04494,0.1846,0.14246,0.62947,0.48,0.44
75.787382,-66.448753,0.04648,0.12797,0.14733,0.43636,0.45,0.43
76.056509,-66.43293,0.04731,0.16541,0.14998,0.56405,0.44,0.41
76.062157,-66.431305,0.04733,0.16456,0.15002,0.56115,0.44,0.41
75.843004,-66.369789,0.04608,0.11082,0.14607,0.37789,0.42,0.41
75.45873,-66.130112,0.04298,0.17387,0.13624,0.59289,0.32,0.39
79.959579,-66.133827,0.0593,0.18511,0.18799,0.63124,0.42,0.4
76.809029,-66.055138,0.04763,0.09168,0.151,0.31263,0.44,0.36
80.445623,-71.328827,0.05802,0.18473,0.18393,0.62991,0.56,0.42
81.230202,-70.270058,0.059,0.17719,0.18704,0.60423,0.31,0.38
80.906046,-70.118706,0.05994,0.3294,0.19001,1.12327,0.37,0.37
82.419476,-70.052818,0.05587,0.36716,0.17712,1.25201,0.35,0.39
81.283955,-69.895432,0.05922,0.81589,0.18773,2.7822,0.45,0.46
80.690377,-69.847679,0.05975,1.02398,0.18939,3.49178,0.52,0.46
83.923293,-69.854126,0.05478,1.17903,0.17365,4.02049,0.59,0.42
84.104967,-69.692101,0.05541,2.81095,0.17566,9.58533,0.59,0.42
83.81932,-69.677345,0.05527,1.85233,0.17521,6.31645,0.53,0.42
80.140506,-69.543167,0.06132,0.80501,0.19439,2.7451,0.46,0.43
82.708743,-69.524811,0.05711,0.26068,0.18103,0.88891,0.31,0.38
80.343293,-69.452255,0.06135,0.24954,0.19448,0.85093,0.42,0.42
81.621463,-69.450912,0.05986,0.24822,0.18976,0.84643,0.29,0.4
82.55616,-69.437645,0.05817,0.22724,0.18441,0.77489,0.26,0.35
82.58725,-69.457428,0.05791,0.22301,0.18358,0.76046,0.26,0.36
84.182111,-69.496521,0.05671,0.87057,0.17976,2.96864,0.47,0.38
84.600885,-69.487045,0.05652,3.94302,0.17917,13.44571,0.56,0.39
84.742052,-69.488762,0.05642,5.53612,0.17885,18.87816,0.62,0.41
84.71284,-69.498001,0.05639,5.67305,0.17876,19.3451,0.61,0.41
84.018773,-69.402321,0.05754,0.64914,0.18239,2.21357,0.46,0.38
84.111621,-69.397614,0.05746,0.71987,0.18216,2.45477,0.49,0.38
84.350933,-69.432236,0.057,1.16899,0.1807,3.98625,0.51,0.38
82.594033,-69.327492,0.05932,0.28901,0.18805,0.98554,0.36,0.38
84.962987,-69.277687,0.05674,3.68839,0.17988,12.5774,0.73,0.42
81.396657,-69.226074,0.06297,0.8134,0.19963,2.77369,0.44,0.41
82.116361,-69.215927,0.06115,0.28004,0.19384,0.95495,0.4,0.39
83.923707,-69.198441,0.05777,3.82442,0.18312,13.04128,0.77,0.44
83.99922,-69.189514,0.05769,4.19316,0.18287,14.29867,0.81,0.44
84.229869,-69.193794,0.05771,6.0025,0.18294,20.46852,0.85,0.43
84.908046,-69.196167,0.05697,7.79107,0.1806,26.56754,0.84,0.44
82.126885,-69.136475,0.06208,0.47262,0.19678,1.61164,0.43,0.39
82.635222,-69.153328,0.06099,0.65256,0.19334,2.22523,0.47,0.39
84.071263,-69.184341,0.05769,4.47859,0.18288,15.27198,0.84,0.44
84.179477,-69.148239,0.05765,5.44539,0.18274,18.56878,0.86,0.44
84.29194,-69.145271,0.05762,8.42351,0.18266,28.72417,0.86,0.44
84.715095,-69.13533,0.05726,22.07406,0.1815,75.27256,0.84,0.49
82.074104,-69.071808,0.06289,0.77395,0.19937,2.63918,0.42,0.39
82.471529,-69.122398,0.06182,0.51399,0.19597,1.75269,0.46,0.39
82.856436,-69.094009,0.06071,0.68132,0.19246,2.3233,0.51,0.4
83.418096,-69.116096,0.05912,0.76176,0.1874,2.59759,0.6,0.42
84.089472,-69.113281,0.05763,3.45149,0.18268,11.76958,0.85,0.43
84.454298,-69.085632,0.05744,16.03985,0.18209,54.6959,0.78,0.46
84.539893,-69.105934,0.05741,21.43383,0.182,73.08935,0.79,0.47
84.564034,-69.067642,0.05732,21.92081,0.18169,74.74996,0.75,0.47
84.654044,-69.085487,0.05727,25.97079,0.18156,88.56038,0.76,0.48
84.65058,-69.099403,0.05729,25.43818,0.18162,86.7442,0.78,0.49
84.678093,-69.095123,0.05726,26.06287,0.18153,88.87439,0.77,0.49
84.668894,-69.099213,0.05728,25.7535,0.18157,87.81943,0.77,0.49
84.676472,-69.082802,0.05725,26.50568,0.18149,90.38438,0.75,0.48
84.673399,-69.087212,0.05726,26.27724,0.18151,89.6054,0.76,0.49
84.671604,-69.086929,0.05726,26.25394,0.18152,89.52595,0.76,0.49
84.684357,-69.101624,0.05727,25.9212,0.18153,88.3913,0.78,0.49
84.674554,-69.103889,0.05728,25.67725,0.18157,87.55942,0.78,0.49
84.680012,-69.104057,0.05727,25.75855,0.18155,87.83666,0.78,0.49
84.663114,-69.105888,0.05729,25.42467,0.18161,86.69813,0.78,0.49
84.649854,-69.102509,0.0573,25.32486,0.18164,86.35776,0.78,0.49
84.689769,-69.096565,0.05726,26.21012,0.1815,89.3765,0.77,0.49
84.737775,-69.10154,0.05722,25.00297,0.18138,85.26012,0.78,0.49
84.692281,-69.104744,0.05726,25.92778,0.18152,88.41373,0.78,0.5
84.690442,-69.106178,0.05726,25.84259,0.18153,88.12324,0.78,0.5
84.769867,-69.069397,0.05718,22.38343,0.18125,76.32748,0.73,0.47
81.973408,-69.032906,0.06357,0.72949,0.20152,2.48756,0.42,0.39
81.963349,-69.015373,0.06381,0.68066,0.20227,2.32106,0.42,0.4
81.967294,-69.006363,0.06391,0.66501,0.20259,2.26767,0.42,0.4
82.714471,-69.049652,0.06164,0.65391,0.19539,2.22984,0.47,0.4
83.600928,-69.008636,0.05893,1.10623,0.1868,3.77225,0.64,0.43
84.015786,-69.025024,0.05783,1.95632,0.18334,6.67106,0.72,0.44
84.551407,-69.01593,0.05721,13.0639,0.18136,44.54791,0.71,0.45
84.722448,-69.033546,0.05718,18.79008,0.18125,64.07417,0.7,0.46
81.969442,-68.985672,0.06413,0.59049,0.2033,2.01358,0.42,0.4
81.939353,-68.985687,0.06419,0.57285,0.20349,1.95344,0.42,0.4
82.091541,-68.996727,0.06379,0.68702,0.2022,2.34273,0.4,0.4
82.218854,-68.991371,0.06356,0.57815,0.20149,1.9715,0.39,0.39
82.233151,-68.983459,0.0636,0.53078,0.20162,1.80998,0.39,0.39
82.036095,-68.92878,0.0645,0.34645,0.20446,1.18138,0.41,0.4
82.130734,-68.898819,0.06459,0.24707,0.20475,0.84252,0.4,0.4
84.041992,-68.928085,0.0581,1.1846,0.18419,4.03949,0.62,0.42
84.134891,-68.900429,0.05802,1.04281,0.18392,3.55597,0.62,0.41
80.220844,-68.8256,0.06275,0.86756,0.19893,2.95838,0.5,0.42
81.645346,-68.868721,0.0655,1.33747,0.20765,4.56076,0.45,0.4
81.688791,-68.831322,0.06566,1.7373,0.20813,5.92419,0.46,0.4
83.585317,-68.855721,0.0594,0.75997,0.18831,2.59148,0.53,0.39
81.997478,-68.811134,0.06544,0.34761,0.20744,1.18535,0.46,0.4
82.01141,-68.811485,0.06543,0.30594,0.20742,1.04325,0.46,0.4
83.597591,-68.599701,0.06021,0.4473,0.19087,1.5253,0.55,0.4
82.967797,-68.544136,0.06313,1.85497,0.20013,6.32544,0.76,0.42
82.354256,-68.466972,0.06512,0.83823,0.20644,2.85836,0.67,0.41
80.749096,-68.029625,0.05506,2.99794,0.17453,10.22297,0.62,0.42
80.596557,-67.899345,0.05346,3.30172,0.16947,11.25887,0.56,0.43
80.561819,-67.859047,0.05306,2.26303,0.16821,7.71694,0.55,0.42
81.292764,-67.85672,0.05315,0.48995,0.16848,1.67074,0.52,0.42
80.959342,-67.764236,0.05237,0.36834,0.166,1.25604,0.51,0.42
83.104007,-67.698242,0.0527,2.30183,0.16706,7.84922,0.54,0.4
83.898897,-67.656158,0.0547,1.40842,0.1734,4.80273,0.62,0.41
84.143504,-67.675377,0.05621,0.73042,0.1782,2.49073,0.61,0.41
83.086306,-67.52153,0.05177,0.64937,0.16411,2.21435,0.48,0.39
83.496123,-67.537704,0.0525,0.90878,0.16642,3.09894,0.56,0.4
81.516514,-67.499176,0.05109,1.02052,0.16194,3.47997,0.55,0.43
81.69618,-67.479385,0.05077,1.12474,0.16095,3.83536,0.51,0.42
83.961629,-67.441521,0.05197,0.75039,0.16473,2.55882,0.54,0.42
82.08476,-67.405075,0.05093,1.03366,0.16143,3.52479,0.46,0.41
83.73109,-67.351929,0.05112,0.36672,0.16205,1.25052,0.48,0.4
80.696242,-67.206306,0.05489,0.37171,0.17401,1.26755,0.5,0.42
82.505194,-67.243576,0.05112,0.23497,0.16205,0.80126,0.31,0.37
82.705807,-67.153381,0.05075,0.14423,0.16088,0.49181,0.26,0.35
83.620125,-67.125839,0.0498,0.15122,0.15787,0.51567,0.26,0.37
83.680276,-67.06958,0.04959,0.14895,0.15719,0.50792,0.22,0.36
82.083504,-67.038734,0.0526,0.14672,0.16674,0.50031,0.34,0.41
82.509449,-67.045898,0.05149,0.18149,0.16322,0.61887,0.23,0.35
82.83041,-67.011963,0.05032,0.12762,0.15952,0.43519,0.2,0.33
83.593595,-67.023216,0.04947,0.14294,0.15682,0.48742,0.2,0.34
83.750996,-67.020187,0.0494,0.15257,0.15658,0.52027,0.21,0.35
83.079759,-66.99791,0.04991,0.11908,0.15822,0.40607,0.2,0.34
80.576873,-66.916389,0.05943,0.21885,0.18838,0.74628,0.44,0.41
84.004767,-66.844955,0.04891,0.15575,0.15504,0.53111,0.27,0.38
82.729433,-66.783691,0.05104,0.11027,0.16179,0.37601,0.27,0.38
83.257318,-66.801491,0.04984,0.11947,0.15799,0.40739,0.28,0.38
83.879608,-66.756744,0.04892,0.11246,0.15508,0.38348,0.29,0.38
84.196636,-66.762772,0.0488,0.22655,0.15468,0.77253,0.35,0.39
83.090473,-66.726135,0.05031,0.11189,0.15949,0.38155,0.31,0.39
82.062731,-66.685516,0.05384,0.10004,0.17069,0.34114,0.32,0.4
81.531756,-66.594673,0.05775,0.21726,0.18307,0.74084,0.38,0.38
82.075515,-66.481117,0.05505,0.08777,0.17451,0.29929,0.25,0.36
81.057266,-66.424736,0.06058,0.71617,0.19203,2.44214,0.45,0.4
83.078431,-66.403351,0.05116,0.97138,0.16218,3.3124,0.28,0.38
80.587785,-66.260262,0.06202,0.14268,0.19659,0.48655,0.44,0.39
81.806541,-66.273705,0.05779,0.50427,0.18321,1.71958,0.4,0.4
81.405049,-66.24147,0.05979,1.74368,0.18954,5.94596,0.48,0.4
81.608258,-66.203194,0.05906,1.43303,0.18723,4.88664,0.46,0.4
81.943503,-66.238586,0.05755,0.28213,0.18244,0.96207,0.39,0.39
82.073984,-66.144203,0.05795,0.22444,0.18371,0.76534,0.38,0.4
82.166977,-66.158905,0.05756,0.14908,0.18246,0.50838,0.38,0.4
82.295268,-66.183044,0.0568,0.09415,0.18005,0.32106,0.36,0.4
82.092332,-66.064278,0.05869,0.24635,0.18605,0.84007,0.34,0.38
82.16983,-66.106171,0.05806,0.17811,0.18404,0.60734,0.36,0.4
81.803598,-66.050995,0.05972,0.51336,0.18932,1.75055,0.37,0.38
82.227691,-66.024529,0.05857,0.17951,0.18567,0.61212,0.34,0.38
85.655485,-70.784775,0.06007,0.41385,0.19041,1.41124,0.57,0.41
87.196465,-70.560646,0.05908,0.29328,0.18729,1.00009,0.45,0.39
85.497118,-69.729179,0.05477,1.21384,0.17363,4.1392,0.6,0.43
85.050738,-69.668045,0.0553,9.08278,0.17531,30.97229,0.72,0.46
85.056237,-69.579239,0.05561,5.74279,0.17628,19.58292,0.69,0.44
85.050053,-69.521866,0.05587,4.17796,0.17709,14.24684,0.67,0.42
85.142888,-69.556831,0.05558,3.71325,0.17618,12.66219,0.66,0.43
85.153858,-69.320625,0.05633,1.68766,0.17857,5.75491,0.68,0.4
85.246491,-69.343178,0.05611,1.26517,0.17787,4.31421,0.66,0.39
86.129225,-69.337624,0.05552,1.81208,0.176,6.17918,0.83,0.4
88.296034,-69.328865,0.05023,0.16137,0.15922,0.55028,0.63,0.37
85.104934,-69.311783,0.05643,2.0376,0.1789,6.94821,0.69,0.4
85.240855,-69.258659,0.05636,1.70593,0.17865,5.81722,0.75,0.41
85.203354,-69.280922,0.05635,1.75492,0.17863,5.98429,0.72,0.41
85.105657,-69.243408,0.0566,2.69927,0.17941,9.20449,0.77,0.42
85.535084,-69.211502,0.05625,1.62663,0.17831,5.54683,0.73,0.41
85.854866,-69.248528,0.05615,1.54476,0.17798,5.26762,0.71,0.41
85.334992,-69.085365,0.05674,2.22503,0.17986,7.58736,0.74,0.43
85.560769,-68.51284,0.05623,0.27651,0.17826,0.94288,0.48,0.39
85.000957,-68.477524,0.05755,0.26457,0.18245,0.90218,0.49,0.38
85.538861,-68.458649,0.05623,0.24086,0.17825,0.82132,0.49,0.39
85.147967,-68.117111,0.05871,0.25006,0.1861,0.85269,0.57,0.39
85.44976,-67.424591,0.05664,0.18789,0.17955,0.64071,0.41,0.38
85.498134,-67.343369,0.05575,0.18705,0.17672,0.63785,0.37,0.36
85.621564,-67.328308,0.05556,0.18104,0.17613,0.61736,0.35,0.36
86.46637,-67.240532,0.05368,0.29202,0.17018,0.9958,0.28,0.36
86.252525,-67.176193,0.05361,0.42653,0.16995,1.45445,0.27,0.36
85.480018,-66.739258,0.04994,0.1273,0.15832,0.43408,0.39,0.41
85.947186,-66.585823,0.04992,0.21563,0.15824,0.73531,0.47,0.41
74.787743,-65.667702,0.03994,0.04519,0.1266,0.1541,0.35,0.4
77.812733,-65.96006,0.05098,0.08743,0.16161,0.29813,0.48,0.39
78.41177,-65.466476,0.05157,0.04885,0.16347,0.16659,0.33,0.41
79.788019,-65.155556,0.06117,0.06302,0.19391,0.21491,nan,nan
83.37404,-65.945999,0.0521,0.20218,0.16515,0.68944,0.47,0.43
80.420956,-65.868645,0.0622,0.12974,0.19719,0.44243,0.46,0.4
80.257105,-65.800743,0.06146,0.11315,0.19482,0.38584,0.49,0.41
80.746689,-65.80143,0.0641,0.13442,0.20321,0.45836,0.46,0.4
81.94343,-65.682083,0.06238,0.10984,0.19776,0.37454,0.53,0.41
