ra,dec,scope
04:49:14.025,-68:58:11.59,magellan_drout
04:50:55.853,-69:25:52.50,magellan_drout
04:51:45.106,-69:30:17.83,magellan_drout
04:51:58.111,-69:25:33.84,magellan_drout
04:52:11.299,-71:48:34.15,magellan_drout
04:52:53.379,-67:05:42.58,magellan_drout
04:54:14.257,-69:12:36.44,magellan_drout
04:54:36.840,-69:20:22.10,magellan_drout
04:54:57.350,-66:45:08.83,magellan_drout
04:55:10.089,-66:50:42.55,magellan_drout
04:55:32.457,-69:57:45.06,magellan_drout
04:55:52.810,-69:42:22.50,magellan_drout
04:56:39.907,-66:44:36.67,magellan_drout
04:56:39.977,-69:41:56.22,magellan_drout
04:56:49.411,-69:48:31.49,magellan_drout
04:59:43.526,-68:31:22.68,magellan_drout
05:00:07.56,-68:26:59.9,magellan_drout
05:00:40.864,-66:28:30.52,magellan_drout
05:03:13.620,-68:33:35.36,magellan_drout
05:05:55.512,-67:53:10.93,magellan_drout
05:05:58.130,-70:32:05.74,magellan_drout
05:06:08.878,-71:15:26.06,magellan_drout
05:06:14.814,-66:40:45.91,magellan_drout
05:06:27.464,-68:30:40.46,magellan_drout
05:07:15.979,-68:53:00.63,magellan_drout
05:09:08.718,-68:59:07.46,magellan_drout
05:09:10.612,-69:36:12.18,magellan_drout
05:10:00.989,-68:54:08.71,magellan_drout
05:10:27.400,-69:09:11.69,magellan_drout
05:11:52.090,-67:09:57.79,magellan_drout
05:12:44.267,-67:15:57.81,magellan_drout
05:13:15.992,-67:17:47.34,magellan_drout
05:13:53.671,-67:03:48.42,magellan_drout
05:14:01.920,-67:27:07.07,magellan_drout
05:14:04.436,-67:15:50.54,magellan_drout
05:14:18.858,-67:15:49.33,magellan_drout
05:17:32.839,-69:45:07.51,magellan_drout
05:18:01.826,-69:33:37.73,magellan_drout
05:18:38.666,-69:45:46.63,magellan_drout
05:19:51.804,-69:53:08.50,magellan_drout
05:21:01.710,-65:48:02.44,magellan_drout
05:21:46.950,-71:19:43.78,magellan_drout
05:22:18.449,-66:54:59.11,magellan_drout
05:22:45.690,-69:50:51.64,magellan_drout
05:24:44.378,-69:37:48.43,magellan_drout
05:26:26.004,-66:12:11.58,magellan_drout
05:27:51.205,-69:00:55.43,magellan_drout
05:27:53.611,-69:01:58.48,magellan_drout
05:28:17.770,-69:04:18.57,magellan_drout
05:28:20.331,-67:24:18.31,magellan_drout
05:28:21.987,-68:59:48.20,magellan_drout
05:28:27.907,-69:12:57.46,magellan_drout
05:28:31.346,-68:53:55.77,magellan_drout
05:28:55.946,-68:59:00.45,magellan_drout
05:29:25.035,-68:28:01.09,magellan_drout
05:30:02.268,-67:02:45.23,magellan_drout
05:30:07.116,-67:15:43.17,magellan_drout
05:30:22.547,-69:19:39.02,magellan_drout
05:30:25.478,-66:57:34.08,magellan_drout
05:30:32.434,-69:09:11.84,magellan_drout
05:30:50.076,-69:31:29.38,magellan_drout
05:30:51.480,-69:02:58.65,magellan_drout
05:30:52.311,-66:49:59.43,magellan_drout
05:31:27.933,-67:24:44.25,magellan_drout
05:31:38.421,-67:28:11.55,magellan_drout
05:32:24.974,-67:41:53.59,magellan_drout
05:32:36.580,-70:48:24.64,magellan_drout
05:33:01.121,-69:22:29.30,magellan_drout
05:33:01.756,-66:48:05.37,magellan_drout
05:33:44.901,-67:00:00.73,magellan_drout
05:34:09.954,-68:59:12.71,magellan_drout
05:34:11.106,-69:25:44.71,magellan_drout
05:34:22.467,-67:01:23.56,magellan_drout
05:34:24.224,-69:00:31.12,magellan_drout
05:34:34.355,-66:58:23.38,magellan_drout
05:34:43.270,-67:04:10.50,magellan_drout
05:35:00.190,-67:01:12.50,magellan_drout
05:35:30.306,-68:15:03.57,magellan_drout
05:35:31.111,-66:45:24.16,magellan_drout
05:35:41.598,-69:51:14.89,magellan_drout
05:35:49.424,-66:42:01.75,magellan_drout
05:36:04.507,-69:24:08.27,magellan_drout
05:36:10.069,-68:55:41.20,magellan_drout
05:36:21.487,-69:06:48.02,magellan_drout
05:36:25.192,-69:41:31.56,magellan_drout
05:36:32.374,-68:54:01.67,magellan_drout
05:36:34.440,-67:40:31.40,magellan_drout
05:36:43.077,-69:08:53.73,magellan_drout
05:36:47.213,-66:45:45.96,magellan_drout
05:36:56.825,-69:16:18.36,magellan_drout
05:37:09.434,-69:19:28.34,magellan_drout
05:38:09.578,-69:06:21.35,magellan_drout
05:39:05.960,-69:16:26.76,magellan_drout
05:40:12.171,-69:40:04.83,magellan_drout
05:40:17.977,-69:28:06.82,magellan_drout
05:40:25.369,-69:14:36.27,magellan_drout
05:40:34.285,-69:33:24.63,magellan_drout
05:40:36.930,-69:19:14.30,magellan_drout
05:40:57.805,-69:15:31.15,magellan_drout
05:40:59.073,-69:20:35.46,magellan_drout
05:41:20.408,-69:05:07.36,magellan_drout
05:41:30.097,-69:19:31.30,magellan_drout
05:42:09.358,-68:27:31.10,magellan_drout
05:42:29.184,-67:19:41.98,magellan_drout
05:44:50.584,-67:29:40.58,magellan_drout
05:45:00.624,-67:10:34.27,magellan_drout
05:49:02.817,-70:02:30.12,magellan_drout
00:41:43.45,-73:43:23.9,magellan_drout
00:50:33.68,-73:15:24.9,magellan_drout
00:52:22.60,-72:39:51.1,magellan_drout
00:52:51.23,-73:06:53.6,magellan_drout
00:53:01.93,-71:38:37.6,magellan_drout
00:53:08.94,-72:29:38.7,magellan_drout
00:53:42.65,-72:17:13.7,magellan_drout
00:54:03.21,-72:31:44.7,magellan_drout
00:58:02.28,-72:17:56.6,magellan_drout
00:58:41.23,-72:26:15.5,magellan_drout
01:02:43.04,-72:07:26.0,magellan_drout
01:04:55.08,-72:02:36.4,magellan_drout
01:08:56.85,-73:02:34.4,magellan_drout
01:12:40.29,-73:52:21.0,magellan_drout
01:15:24.53,-73:30:44.4,magellan_drout
01:17:35.65,-73:27:03.2,magellan_drout
01:24:06.29,-73:14:45.4,magellan_drout
01:29:17.27,-72:43:20.2,magellan_drout