RA,Catalog #,Name,DEC,V_mag,Simbad Spec Class,KFN Spec,Log(Teff),Log(L/Lsun),YSG?,Variability Class,Simbad Types,Date_Mike,Halpha,
05:05:55.512,1,J05055551-6753108,-67:53:10.93,9.13,A2Ia+,,3.867,5.821,,eV,EmO*sg*V*IRUV,"jan17,",PCyg,
05:21:01.710,2,J05210170-6548026,-65:48:02.44,9.68,F8Ia,late F,3.746,5.65,yes,V,*s*yIR,"jan17,",abs,
05:34:22.467,3,J05342246-6701235,-67:01:23.56,9.87,A0Iae,,4.012,5.705,,eV,*V*?Em*sg*V*IR,"jan17,",emi,
05:32:24.974,4,J05322496-6741536,-67:41:53.59,9.91,G0Ia,early G,3.68,5.702,yes,V,*s*yIR->YHGR117,"jan17,apr17",abs,
05:40:12.171,5,J05401217-6940049,-69:40:04.83,9.95,F8Ia,late F,3.711,5.605,yes,V,*s*yIR->YHGR150,"jan17,apr17",abs+emi,
04:55:32.457,6,J04553248-6957450,-69:57:45.06,10.08,F5Ia,mid F,3.782,5.449,yes,N,*s*yIR,"jan17,",abs+emi,
04:54:14.257,7,J04541425-6912366,-69:12:36.44,10.16,G8Ia,late G,3.632,5.777,yes,eV,**iAs*yV*IR,"jan17,",abs+emi,
05:45:00.624,8,J05450060-6710342,-67:10:34.27,10.2,G5I,early G,3.74,5.45,yes,V,*IR,"jan17,",abs+emi,
05:38:09.578,9,J05380957-6906213,-69:06:21.35,10.23,A1Ia+,early A,3.808,5.375,,eV,*sg*IR,"jan17,",emi,
05:30:51.480,10,J05305147-6902587,-69:02:58.65,10.28,A0Ia,,3.838,5.352,,eV,**EmO*Em*sg*V*IR,"jan17,",PCyg,
05:31:38.421,11,J05313841-6728116,-67:28:11.55,10.28,F6Ia,mid F,3.8,5.358,yes,N,*s*yIR,"jan17,mar18,",abs,
05:36:32.374,12,J05363237-6854015,-68:54:01.67,10.29,A9Ia,late A,3.81,5.35,,V,**iAsg*IR,"jan17,mar18,",abs,
05:18:01.826,13,J05180182-6933377,-69:33:37.73,10.31,A5Ia0,,3.834,5.339,,eV,Y*?s?y**IR,"jan17,",abs+emi,
05:36:10.069,14,J05361007-6855411,-68:55:41.20,10.32,F3Ia,early F,3.798,5.343,yes,V,*s*yIR,"jan17,",abs,
05:30:50.076,15,J05305009-6931293,-69:31:29.38,10.34,A0Ia0e:,,3.924,5.385,,eV,****EmO*sg*V*IR,"jan17,",emi,
05:36:04.507,16,J05360450-6924083,-69:24:08.27,10.36,B9Ia,,3.98,5.453,,eV,*sg*s*bIR,"nov17,mar18,",emi,
05:12:44.267,17,J05124426-6715577,-67:15:57.81,10.5,G0I,G,3.782,5.281,yes,eV,IRX*,"jan17,apr17,",abs+emi,
04:50:55.853,18,J04505585-6925525,-69:25:52.50,10.65,F6Ia,mid F,3.789,5.216,yes,eV,*Em*s*yIR,"jan17, mar18",emi,
05:00:40.864,19,J05004088-6628305,-66:28:30.52,10.67,G5I,mid G,3.768,5.226,yes,eV,*IR,"jan17,",abs+emi,
05:28:20.331,20,J05282034-6724182,-67:24:18.31,10.69,G5I,mid G,3.76,5.226,yes,eV,*IR,"jan17,",abs+emi,
05:30:22.547,21,J05302256-6919389,-69:19:39.02,10.69,OB,,3.98,5.321,,eV,EmO*Em*IR,"jan17,mar18,",emi,
05:27:51.205,22,J05275120-6900553,-69:00:55.43,10.7,F2I,early F,3.83,5.183,yes,N,*IR,"jan17,apr17,mar18",abs,
04:51:58.111,23,J04515810-6925339,-69:25:33.84,10.71,B9Ieq,,3.838,5.18,,eV,EmO*Em*s*bIR,"jan17,",PCyg,
05:34:34.355,24,J05343435-6658234,-66:58:23.38,10.73,A0Ia0,early A,3.83,5.171,,V,*sg*IR,"jan17,",PCyg,
05:30:32.434,25,J05303245-6909119,-69:09:11.84,10.73,F0I,,3.867,5.181,yes,eV,*IR,"jan17,apr17,",PCyg,
05:28:31.346,26,J05283137-6853557,-68:53:55.77,10.74,A1Ia0,,3.924,5.225,,N,*sg*IR,"jan17,",PCyg,
04:54:57.350,27,J04545735-6645088,-66:45:08.83,10.77,B8Ia,,3.996,5.316,,eV,*s*bIR,"nov17,",emi,
05:40:57.805,28,J05405780-6915311,-69:15:31.15,10.79,A3Ia,mid A,3.808,5.151,,V,*sg*IR,"jan17,",abs,
05:27:53.611,29,J05275361-6901584,-69:01:58.48,10.81,B5:I,,3.95,5.23,,eV,*IR,"jan17,nov17,",emi,
05:09:10.612,30,J05091058-6936121,-69:36:12.18,10.82,G0I:,early G,3.703,5.276,yes,eV,*IR,"apr17,",abs+emi,
05:42:29.184,31,J05422917-6719419,-67:19:41.98,10.84,F6Ia,mid F,3.802,5.133,yes,N,*s*yIR,"jan17,",abs,
05:35:00.190,32,J05350023-6701126,-67:01:12.50,10.85,A5Ia,,3.892,5.149,,N,*sg*IR,"jan17,",abs,
05:28:27.907,33,J05282792-6912573,-69:12:57.46,10.93,G2Ia,?,3.613,5.557,yes,eV,*s*yIR,"apr17,",abs,
05:36:47.213,34,J05364719-6645459,-66:45:45.96,10.94,G2Ia,early G,3.678,5.296,yes,eV,*s*yIR,"apr17,",abs+emi,
05:05:58.130,35,J05055813-7032056,-70:32:05.74,11.04,K5,mid K,3.744,5.108,,V,*IR,"jan17,apr17,",abs,
05:41:20.408,36,J05412039-6905073,-69:05:07.36,11.2,B2.5Ia,,3.892,5.009,,V,*s*bIR,"jan17,",emi,
05:18:38.666,37,J05183863-6945467,-69:45:46.63,11.24,F6Ia,mid F,3.793,4.978,yes,N,*s*yIR,"jan17,",abs,
04:54:36.840,38,J04543683-6920221,-69:20:22.10,11.26,~,K:,3.598,5.506,,eV,*IR,"nov17,",abs+emi,
05:30:02.268,39,J05300226-6702452,-67:02:45.23,11.29,K5I,mid K,3.597,5.498,,eV,**IR,"nov17,",abs,
05:40:59.073,40,J05405915-6920354,-69:20:35.46,11.3,F6Ia,late F,3.749,4.998,yes,N,*s*yIR,"jan17,",abs,
05:29:25.035,41,J05292502-6828010,-68:28:01.09,11.34,B9IaKn,,3.924,4.985,,V,*sg*s*ys*bIR,"jan17,",emi,
05:14:01.920,42,J05140191-6727069,-67:27:07.07,11.34,B8Ia,late B,3.827,4.927,,V,*sg*s*bIR,"jan17,",emi,
05:30:07.116,43,J05300709-6715431,-67:15:43.17,11.36,B7Ia+,,3.924,4.977,,V,**iCs*bIR,"jan17,",abs,
05:34:09.954,44,J05340996-6859127,-68:59:12.71,11.37,A2Ia,,3.996,5.076,,N,*sg*IR,"apr17,",abs+emi,
05:28:17.770,45,J05281778-6904185,-69:04:18.57,11.37,F0I,early F,3.821,4.916,yes,eV,*IR,"jan17,",abs+emi,
05:35:30.306,46,J05353030-6815035,-68:15:03.57,11.41,~,early G,3.611,5.376,yes,N,**IR,"nov17,",abs,
05:10:27.400,47,J05102739-6909117,-69:09:11.69,11.42,A0Ia,,3.848,4.898,,V,*sg*IR,"jan17,",PCyg,
05:40:25.369,48,J05402535-6914362,-69:14:36.27,11.42,A5Ia,mid A,3.808,4.899,,V,*sg*IR,"jan17,",PCyg,
05:28:21.987,49,J05282196-6859482,-68:59:48.20,11.45,F5Ia,mid F,3.803,4.889,yes,N,*Em*s*yIR,"jan17,",abs,
04:59:43.526,50,J04594353-6831228,-68:31:22.68,11.46,K0,early K,3.735,4.955,,N,*IR,"jan17,",abs,
05:14:04.436,51,J05140442-6715506,-67:15:50.54,11.49,A9Ia,,3.834,4.867,,N,*sg*IR,"jan17,",abs,
04:55:10.089,52,J04551006-6650426,-66:50:42.55,11.55,A5Iab,,3.874,4.857,,N,*sg*IR,"jan17,",abs,
04:56:49.411,53,J04564941-6948314,-69:48:31.49,11.55,M:,K:,3.625,5.253,,V,**IR,"nov17,",abs,
04:56:39.907,54,J04563991-6644367,-66:44:36.67,11.59,A0Ia,,3.996,4.988,,N,*sg*IR,"apr17,",abs,
05:36:21.487,55,J05362147-6906478,-69:06:48.02,11.63,OB,,3.996,4.972,,V,*Em*IR,"jan17,",emi,
05:40:34.285,56,J05403429-6933245,-69:33:24.63,11.67,B7I,,3.874,4.809,,V,*s*yIR,"nov17,",abs,
05:36:43.077,57,J05364307-6908536,-69:08:53.73,11.69,A3Ia,early A,3.802,4.793,,V,*sg*IR,"jan17,",abs,
05:36:25.192,58,J05362519-6941315,-69:41:31.56,11.71,K2III,early K,3.693,4.945,,eV,**V*IR,"nov17,",abs+emi,
05:03:13.620,59,J05031360-6833353,-68:33:35.36,11.76,A0Ia,,4.012,4.949,,V,*sg*s*yIR,"apr17,",abs,
04:56:39.977,60,J04564000-6941562,-69:41:56.22,11.8,K5,mid K,3.746,4.801,,N,*IR,"nov17,",abs,
05:41:30.097,61,J05413010-6919312,-69:19:31.30,11.81,F5I:,mid F,3.827,4.739,yes,N,*IR,"jan17,",abs,
05:22:45.690,62,J05224569-6950516,-69:50:51.64,11.82,~,early G,3.701,4.88,yes,N,Y*?Y*?*IR,"jan17,",abs,
05:35:41.598,63,J05354159-6951148,-69:51:14.89,11.82,A4Iab,early A,3.83,4.735,,N,*sg*IR,"jan17,",abs,
05:44:50.584,64,J05445058-6729405,-67:29:40.58,11.83,G2:Ia,early G,3.684,4.923,yes,cV,*V*?s*ycC*IR,"jan17,",abs,
05:06:27.464,65,J05062746-6830403,-68:30:40.46,11.83,B8Ie,late B / early A,3.824,4.732,,eV,EmO*Em*Em*IR,"jan17,",emi,
05:34:11.106,66,J05341110-6925446,-69:25:44.71,11.85,A9Iab,late A,3.821,4.724,,N,*sg*IR,"jan17,",abs,
05:42:09.358,67,J05420932-6827311,-68:27:31.10,11.89,F8I:,late F,3.773,4.733,yes,N,*IR,"nov17,",abs,
05:35:31.111,68,J05353110-6645242,-66:45:24.16,11.9,F5I:,mid F,3.813,4.705,yes,N,*IR,"jan17,",abs,
05:34:43.270,69,J05344326-6704104,-67:04:10.50,11.92,~,K:,3.596,5.249,,eV,*IR,"nov17,",abs,
05:09:08.718,70,J05090871-6859074,-68:59:07.46,11.93,~,early G,3.674,4.912,yes,N,**IR,"nov17,",abs,
05:07:15.979,71,J05071597-6853006,-68:53:00.63,11.96,~,late F,3.777,4.701,yes,cV,*s*yV*RR*cC*IR,"nov17,",abs,
05:21:46.950,72,J05214694-7119437,-71:19:43.78,12,M,K:,3.642,5,,eV,*IR,"nov17,",abs,
04:49:14.025,73,J04491403-6858116,-68:58:11.59,12.03,A7Iab,A,3.763,4.688,,N,*sg*LP*IR,"nov17,",abs,
05:40:36.930,74,J05403692-6919142,-69:19:14.30,12.03,B6I,,3.838,4.652,,V,*IR,"nov17,",abs+emi,
05:32:36.580,75,J05323656-7048246,-70:48:24.64,12.09,F5I,mid F,3.815,4.629,yes,N,*IR,"nov17,",abs,
05:26:26.004,76,J05262598-6612114,-66:12:11.58,12.11,A2I,early A,3.815,4.621,,V,**iCIRUV,"nov17,",abs,
05:19:51.804,77,J05195179-6953084,-69:53:08.50,12.12,B3I,,3.838,4.616,,V,**IR,"nov17,",abs+emi,
04:52:11.299,78,J04521129-7148341,-71:48:34.15,12.14,~,early G,3.652,4.907,yes,N,s?y*IR,"nov17,",abs,
05:39:05.960,79,J05390594-6916267,-69:16:26.76,12.14,B7I,late B,3.803,4.613,,V,*IR,"nov17,",abs+emi,
05:06:14.814,80,J05061481-6640459,-66:40:45.91,12.15,F7I,late F,3.78,4.623,yes,cV,*V*Ce*cC*IR,"nov17,",abs,
05:33:01.756,81,J05330175-6648053,-66:48:05.37,12.18,M:,K:,3.561,5.359,,V,*LP*IR,"nov17,",abs,
05:13:53.671,82,J05135366-6703486,-67:03:48.42,12.21,F5?I?,late F,3.742,4.643,yes,cV,*V*Ce*cC*IR,"nov17,",abs+emi,
05:36:56.825,83,J05365682-6916183,-69:16:18.36,12.21,B8I,,3.848,4.582,,N,**IR,"nov17,",abs,
05:14:18.858,84,J05141885-6715493,-67:15:49.33,12.21,K5-N3,mid K,3.613,5.045,,eV,*IR,"nov17,",abs,
05:11:52.090,85,J05115205-6709577,-67:09:57.79,12.22,B2III,early B,3.779,4.595,,V,*IR,"nov17,",abs,
05:24:44.378,86,J05244436-6937483,-69:37:48.43,12.22,A5Ib,,3.838,4.576,,N,*IR,"nov17,",abs,
05:06:08.878,87,J05060887-7115260,-71:15:26.06,12.26,~,late F,3.765,4.593,yes,V,*s*yV*Ce*cC*IR,"nov17,",abs,
05:22:18.449,88,J05221844-6654590,-66:54:59.11,12.26,F8Ib,mid F,3.784,4.575,yes,N,*IR,"nov17,",abs,
05:37:09.434,89,J05370943-6919283,-69:19:28.34,12.26,~,B,3.848,4.562,,N,*IR,"nov17,",abs,
04:51:45.106,90,J04514507-6930177,-69:30:17.83,12.3,A7I,,3.842,4.544,,N,*IR,"nov17,",abs,
05:36:34.440,91,J05363444-6740313,-67:40:31.40,12.36,F8I:,late F,3.791,4.531,yes,N,*IR,"nov17,",abs,
05:35:49.424,92,J05354942-6642017,-66:42:01.75,12.36,~,early F,3.808,4.523,yes,cV,*V*?s*yV*Ce*IRIR,"nov17,",abs,
05:10:00.989,93,J05100098-6854089,-68:54:08.71,12.37,F2I,early F,3.808,4.519,yes,N,*IR,"nov17,",abs,
04:54:23.770,94,J04542376-7054057,-70:54:05.80,12.44,F8I,late F,3.775,4.511,yes,cV,*V*Ce*cC*IR,,,
05:00:07.56 ,95,J05000756-6826599,-68:26:59.9,,,early G:,,,maybe,,,"jan17,nov17,",abs+emi,
05:33:01.121,96,J05330109-6922292,-69:22:29.30,11.71,,B,,,,,,"nov17,",abs,
05:31:27.933,97,J05312793-6724442,-67:24:44.25,11.79,,B,,,,,,"nov17,",abs,
05:49:02.817,98,J05490285-7002302,-70:02:30.12,12.02,,B,,,,,,"mar18,",PCyg,
05:30:52.311,99,J05305231-6649594,-66:49:59.43,12.17,,B,,,,,,"mar18,",abs+emi,
05:28:55.946,100,J05285595-6859004,-68:59:00.45,12.17,,B,,,,,,"mar18,",abs,
05:40:17.977,101,J05401796-6928067,-69:28:06.82,11.6,,B,,,,,,"mar18,",abs,
04:55:52.810,102,J04555280-6942224,-69:42:22.50,12.2,,B,,,,,,"mar18,",abs,
05:13:15.992,103,J05131599-6717472,-67:17:47.34,11.76,,B,,,,,,"mar18,",abs,
05:17:32.839,104,J05173283-6945074,-69:45:07.51,11.84,,B,,,,,,"mar18,",abs,
05:34:24.224,105,J05342422-6900310,-69:00:31.12,12.25,,B,,,,,,"mar18,",abs,
05:30:25.478,106,J05302547-6657340,-66:57:34.08,12.29,,B,,,,,,"mar18,",abs,
05:33:44.901,107,J05334489-6700006,-67:00:00.73,12.5,,B,,,,,,"mar18,",abs,
04:52:53.379,108,J04525337-6705425,-67:05:42.58,12.6,,B,,,,,,"mar18,",abs,