ra,dec,RAJ2000,DEJ2000,Bmag,e_Bmag,Vmag,e_Vmag,gmag,e_gmag,rmag,e_rmag,imag,e_imag
6.639692,-73.274483                     ,006.6396380,-73.2744984,13.648, 2,13.635, 1,13.589, 1,13.727, 2,13.904, 4

8.648353,-72.544128,,,,,,,,,,,,

9.27237,-73.437759                      ,009.2723224,-73.4377737,15.066, 6,13.562, 1,14.260, 1,13.063, 1,12.647, 3

9.490297,-73.511185                     ,009.4903130,-73.5111798,14.119, 2,13.303, 2,13.686, 2,13.048, 2,12.831, 5

9.800761,-72.943527                     ,009.8007298,-72.9435364,14.560, 1,12.936, 0,13.720, 2,12.431, 1,11.926, 2

10.431021,-73.72332                     ,010.4310277,-73.7233059,13.290,18,12.160,20,12.609,28,11.771,21,11.457,21

10.798535,-73.386368                    ,010.7985189,-73.3863220,12.086, 1,12.018, 1,11.980, 1,12.088, 1,12.232, 1

11.325652,-73.256996,,,,,,,,,,,,

11.593131,-73.321968                    ,011.5931400,-73.3219642,      ,  ,      ,  ,      ,  ,      ,  ,      ,

11.743508,-72.273781                    ,011.7435059,-72.2738162,14.456, 2,13.233, 1,      ,  ,      ,  ,      ,

11.800913,-73.109222                    ,011.8008889,-73.1092009,12.437, 1,12.398, 0,12.343, 1,12.475, 1,12.686, 1

11.871639,-73.027054                    ,011.8717262,-73.0270406,12.367, 0,12.084, 1,12.184, 1,12.043, 1,12.087, 1

11.959739,-73.239655                    ,011.9598009,-73.2396356,12.316, 1,12.158, 1,12.176, 1,12.201, 1,12.348, 1

11.963402,-73.287605                    ,011.9635021,-73.2876148,      ,  ,      ,  ,      ,  ,      ,  ,      ,

12.100888,-73.225922                    ,012.1009036,-73.2259098,14.971, 6,13.910, 1,14.438, 1,13.607, 1,13.218, 1

12.129686,-73.191269                    ,012.1297333,-73.1912800,14.717, 3,14.177, 1,      ,  ,      ,  ,      ,

12.201496,-72.650162                    ,012.2015424,-72.6501595,      ,  ,      ,  ,      ,  ,      ,  ,      ,

12.352271,-73.30378                     ,012.3523383,-73.3038064,13.541, 1,11.771, 1,12.607, 1,11.163, 1,10.681, 1

12.364528,-72.680344                    ,012.3645980,-72.6803817,15.578, 5,14.372, 1,14.950, 1,13.978, 1,13.535, 1

12.422279,-73.237427                    ,012.4222645,-73.2372531,      ,  ,      ,  ,      ,  ,      ,  ,      ,

12.490582,-73.66832                     ,012.4908639,-73.6683895,12.710, 2,12.733, 1,12.630, 1,12.893, 1,13.012, 1

12.525349,-73.129242                    ,012.5253274,-73.1292509,11.110, 1,10.966, 0,11.201, 1,11.012, 1,11.128, 1

12.54733,-72.189705                     ,012.5472856,-72.1897264,15.094,11,13.520, 5,14.234, 1,      ,  ,12.504, 2

12.603344,-72.000328                    ,012.6033186,-72.0003589,15.004, 1,13.343, 1,14.176, 1,12.814, 1,12.312, 1

12.631599,-73.478493                    ,012.6315974,-73.4784864,11.263, 0,11.157, 1,11.302, 1,11.209, 1,11.351, 1

12.640352,-73.25692                     ,012.6403489,-73.2569287,12.750, 1,11.965, 1,12.314, 1,11.728, 1,11.537, 1

12.654134,-73.12825                     ,012.6540442,-73.1282664,      ,  ,      ,  ,      ,  ,      ,  ,      ,

12.807108,-73.340614                    ,012.8070024,-73.3406370,13.334, 0,13.139, 1,13.171, 1,13.178, 1,13.215, 1

12.822944,-73.282799                    ,012.8229195,-73.2828273,12.580, 2,12.491, 1,12.466, 1,12.545, 1,12.607, 1

12.876572,-73.269402                    ,012.8765456,-73.2694153,12.192, 0,12.120, 2,12.093, 1,12.210, 1,12.307, 1

12.909401,-72.790192                    ,012.9094371,-72.7901939,14.545, 3,13.808, 1,14.056, 1,13.543, 1,13.343, 1

12.914673,-73.308701                    ,012.9146424,-73.3087112,13.698, 1,13.604, 1,13.562, 1,13.725, 1,13.846, 1

12.999947,-73.059242                    ,012.9999403,-73.0592539,      ,  ,      ,  ,      ,  ,      ,  ,      ,

13.015799,-71.944138                    ,013.0158009,-71.9441509,15.683, 4,14.465, 1,      ,  ,      ,  ,      ,

13.021573,-72.123528                    ,013.0215774,-72.1235070,      ,  ,      ,  ,      ,  ,      ,  ,      ,

13.046056,-73.343498                    ,013.0460350,-73.3435098,12.753, 1,12.580, 1,12.589, 1,12.617, 1,12.674, 1

13.079405,-73.156387                    ,013.0794186,-73.1564467,13.973, 2,13.319, 1,13.643, 1,13.070, 1,12.784, 1

13.094174,-72.664154                    ,013.0941677,-72.6642003,12.199,99,11.340,99,      ,  ,      ,  ,      ,

13.110996,-72.624344                    ,013.1109577,-72.6243864,      ,  ,      ,  ,      ,  ,      ,  ,      ,

13.114879,-73.315651                    ,013.1148800,-73.3156709,12.585, 1,12.550, 1,12.481, 1,12.652, 1,12.826, 1

13.131268,-72.193748                    ,013.1312183,-72.1937617,      ,  ,      ,  ,      ,  ,      ,  ,      ,

13.182248,-72.03167                     ,013.1821830,-72.0316787,13.921, 1,13.510, 1,      ,  ,      ,  ,      ,

13.209195,-72.222206                    ,013.2091039,-72.2222131,      ,  ,      ,  ,      ,  ,      ,  ,      ,

13.213406,-73.114868                    ,013.2134800,-73.1149003,11.120, 1,10.981, 1,11.161, 1,11.033, 1,11.124, 1

13.23675,-71.917572                     ,013.2367062,-71.9175681,14.220, 2,13.061, 1,13.628, 2,12.715, 3,12.367, 2

13.242589,-72.397987                    ,013.2425633,-72.3979987,      ,  ,      ,  ,      ,  ,      ,  ,      ,

13.258108,-71.643761                    ,013.2580627,-71.6437670,12.305, 0,11.832, 1,12.031, 0,11.718, 3,11.615, 0

13.285954,-72.136147                    ,013.2859318,-72.1361262,15.521, 4,14.072, 1,      ,  ,      ,  ,      ,

13.306341,-72.267021                    ,013.3063589,-72.2670012,      ,  ,      ,  ,      ,  ,      ,  ,      ,

13.394229,-73.092438                    ,013.3942798,-73.0924300,      ,  ,      ,  ,      ,  ,      ,  ,      ,

13.409233,-72.809013                    ,013.4091774,-72.8090487,13.583, 1,13.580, 1,13.489, 1,13.724, 1,13.857, 1

13.413244,-72.062836                    ,013.4132695,-72.0628345,13.255,18,13.057, 1,      ,  ,      ,  ,13.290, 1

13.513381,-72.529045                    ,013.5133795,-72.5290848,11.946,99,11.809,99,      ,  ,      ,  ,      ,

13.576145,-72.372658                    ,013.5761615,-72.3726964,      ,  ,      ,  ,      ,  ,      ,  ,      ,

13.592742,-72.338356                    ,013.5926921,-72.3383820,      ,  ,      ,  ,      ,  ,      ,  ,      ,

13.615561,-72.266136                    ,013.6156524,-72.2661059,13.726, 1,13.523, 1,      ,  ,      ,  ,      ,

13.692348,-72.222366                    ,013.6923959,-72.2223467,      ,  ,      ,  ,      ,  ,      ,  ,      ,

13.698917,-71.760323                    ,013.6988777,-71.7603295,      ,  ,      ,  ,      ,  ,      ,  ,      ,

13.701472,-72.723511                    ,013.7015677,-72.7235206,15.475, 5,14.314, 1,      ,  ,      ,  ,      ,

13.740135,-73.077827                    ,013.7401150,-73.0778559,      ,  ,      ,  ,      ,  ,      ,  ,      ,

13.765738,-73.010216                    ,013.7657103,-73.0102598,      ,  ,      ,  ,      ,  ,      ,  ,      ,

13.77444,-72.180992                     ,013.7744527,-72.1809762,15.404, 4,13.997, 1,      ,  ,      ,  ,      ,

13.843193,-72.277374                    ,013.8432095,-72.2773625,      ,  ,      ,  ,      ,  ,      ,  ,      ,

13.844402,-72.089409                    ,013.8443556,-72.0893756,12.960, 0,12.561, 0,12.731, 1,12.453, 1,12.414, 1

13.979501,-72.675148                    ,013.9794618,-72.6751667,      ,  ,      ,  ,      ,  ,      ,  ,      ,

13.982381,-72.452698                    ,013.9823224,-72.4527309,      ,  ,      ,  ,      ,  ,      ,  ,      ,

13.983587,-71.984108                    ,013.9835412,-71.9840998,13.964, 1,13.055, 2,13.483, 2,12.794, 1,12.562, 3

14.035505,-72.272568                    ,014.0354900,-72.2725348,      ,  ,      ,  ,      ,  ,      ,  ,      ,

14.052653,-72.272827                    ,014.0526021,-72.2728023,      ,  ,      ,  ,      ,  ,      ,  ,      ,

14.057833,-72.459015                    ,014.0578459,-72.4590125,      ,  ,      ,  ,      ,  ,      ,  ,      ,

14.065371,-72.462967                    ,014.0654339,-72.4629531,      ,  ,      ,  ,      ,  ,      ,  ,      ,

14.075,-72.463905                       ,014.0750427,-72.4638931,      ,  ,      ,  ,      ,  ,      ,  ,      ,

14.078349,-72.463211                    ,014.0784248,-72.4631942,11.557, 1,11.314, 1,      ,  ,      ,  ,11.070, 1

14.087156,-72.462318                    ,014.0873133,-72.4623131,      ,  ,      ,  ,      ,  ,      ,  ,      ,

14.091104,-72.464333                    ,014.0911318,-72.4643350,      ,  ,      ,  ,      ,  ,      ,  ,      ,

14.110164,-73.473137                    ,014.1101256,-73.4731445,14.470, 3,12.776, 0,13.583, 0,12.202, 2,11.692, 1

14.156336,-72.027702                    ,014.1563121,-72.0276150,12.660, 1,12.435, 1,12.513, 1,12.428, 1,12.444, 1

14.163603,-71.844841                    ,014.1635230,-71.8448539,14.547, 0,13.327, 2,13.942, 0,12.867, 0,12.399, 2

14.240453,-71.931976                    ,014.2404995,-71.9319153,14.829, 1,13.637, 1,14.223, 2,13.297, 3,12.976, 0

14.392303,-71.907814                    ,014.3922595,-71.9078298,16.195, 6,14.670, 1,15.340, 1,14.163, 4,13.684, 1

14.440073,-72.026474                    ,014.4400406,-72.0264189,15.514, 3,14.072, 1,14.716, 1,13.658, 1,13.268, 0

14.509452,-72.29908                     ,014.5094753,-72.2990484,12.289, 1,12.004, 1,      ,  ,      ,  ,      ,

14.521509,-72.216705                    ,014.5214986,-72.2166803,15.448, 8,14.094, 0,      ,  ,      ,  ,      ,

14.603494,-72.42289                     ,014.6035083,-72.4228628,      ,  ,      ,  ,      ,  ,      ,  ,      ,

14.650906,-72.204704                    ,014.6509189,-72.2046850,15.350, 3,14.217, 2,      ,  ,      ,  ,13.422, 5

14.671736,-72.437637                    ,014.6717668,-72.4376270,11.570, 1,11.456, 1,11.510, 1,11.553, 1,11.658, 0

14.698428,-71.942085                    ,014.6983783,-71.9420864,13.171, 1,13.138, 1,13.076, 0,13.260, 2,13.427, 1

14.724634,-72.20134                     ,014.7246998,-72.2013423,15.013, 5,13.358, 1,      ,  ,      ,  ,12.335, 3

14.726427,-71.943985                    ,014.7263827,-71.9439970,12.204, 0,12.055, 1,12.083, 1,12.095, 1,12.202, 2

14.782796,-71.913559                    ,014.7827553,-71.9135834,15.508, 4,14.087, 0,14.791, 0,13.637, 2,13.163, 1

14.860701,-72.165016                    ,014.8607298,-72.1649937,11.373, 2,11.538, 2,11.375, 1,11.730, 1,11.944, 1

14.871415,-72.017967                    ,014.8714456,-72.0179225,12.638, 0,12.585, 1,12.567, 1,12.568, 2,12.727, 1

14.896359,-72.241386                    ,014.8963412,-72.2413484,      ,  ,      ,  ,      ,  ,      ,  ,      ,

14.940584,-72.748978                    ,014.9405124,-72.7490053,12.037, 2,12.154, 4,12.033, 4,12.271, 2,12.544, 4

14.953141,-72.273399                    ,014.9531842,-72.2733770,      ,  ,      ,  ,      ,  ,      ,  ,      ,

15.014473,-71.961395                    ,015.0144983,-71.9613767,      ,  ,      ,  ,      ,  ,      ,  ,      ,

15.039916,-72.566467                    ,015.0400092,-72.5664648,15.252, 3,13.676, 1,14.420, 2,13.139, 1,12.616, 2

15.051331,-72.155411                    ,015.0513495,-72.1554042,15.140, 6,13.640, 3,14.382, 1,13.175, 1,12.660, 1

15.169767,-71.541702                    ,015.1697833,-71.5417148,11.765, 1,11.601, 1,11.636, 0,11.644, 0,11.726, 2

15.225637,-72.860222                    ,015.2255277,-72.8601939,      ,  ,      ,  ,      ,  ,      ,  ,      ,

15.261213,-72.198441                    ,015.2612015,-72.1984031,15.237, 4,14.285, 1,14.773, 3,14.000, 1,13.772, 7

15.287348,-72.262398                    ,015.2873721,-72.2623809,      ,  ,      ,  ,      ,  ,      ,  ,      ,

15.315233,-72.543571                    ,015.3152142,-72.5435698,11.514, 1,11.406, 1,11.422, 1,11.419, 0,11.526, 1

15.320793,-72.292                       ,015.3208112,-72.2919837,11.416, 1,11.384, 1,11.359, 0,11.470, 1,11.624, 1

15.332641,-72.284523                    ,015.3326527,-72.2845067,15.392, 4,13.825, 1,      ,  ,      ,  ,      ,

15.364306,-72.118401                    ,015.3643045,-72.1183723,12.243, 1,12.160, 1,12.137, 1,12.247, 1,12.390, 1

15.489279,-72.071449                    ,015.4892821,-72.0714178,12.434, 0,12.283, 0,12.311, 1,12.308, 1,12.385, 0

15.532258,-72.292458                    ,015.5322992,-72.2924695,15.411, 4,14.205, 1,      ,  ,      ,  ,      ,

15.656626,-71.275955                    ,015.6566839,-71.2759395,13.475, 1,13.389, 1,13.352, 1,13.469, 1,13.572, 1

15.679321,-72.123909                    ,015.6793165,-72.1238875,11.916, 0,11.589, 1,11.712, 0,11.560, 2,11.560, 1

15.706694,-72.1707                      ,015.7066850,-72.1706898,10.899, 1,10.806, 1,10.804, 1,10.913, 1,11.032, 0

15.845589,-72.603508                    ,015.8455806,-72.6035331,      ,  ,      ,  ,      ,  ,      ,  ,      ,

15.886565,-72.41571                     ,015.8865880,-72.4157425,15.162, 2,13.747, 2,14.403, 1,13.268, 1,12.831, 1

15.934614,-72.539604                    ,015.9346221,-72.5396275,13.046, 0,13.030, 1,12.977, 1,13.094, 2,13.248, 1

15.978696,-72.824409                    ,015.9787518,-72.8243906,      ,  ,      ,  ,      ,  ,      ,  ,      ,

16.064517,-72.75563                     ,016.0645000,-72.7556309,13.742, 0,12.162, 0,12.896, 1,11.692, 1,11.278, 1

16.103029,-72.009552                    ,016.1030400,-72.0095553,14.724, 1,13.790, 1,14.189, 3,13.483, 3,13.258, 4

16.126022,-72.362282                    ,016.1260198,-72.3622589,13.114, 1,13.040, 1,13.035, 0,13.111, 2,13.246, 1

16.148901,-72.070976                    ,016.1489250,-72.0709689,15.207, 5,13.705, 1,14.411, 2,13.247, 0,12.770, 1

16.220421,-72.143562                    ,016.2204400,-72.1435564,11.317, 1,11.213, 1,11.204, 2,11.292, 0,11.404, 2

16.229481,-72.043449                    ,016.2295024,-72.0434553,11.684, 1,11.039, 1,11.334, 1,10.872, 1,10.712, 0

16.233804,-72.251961                    ,016.2338648,-72.2519473,14.452, 3,13.085, 0,13.741, 1,12.574, 0,12.089, 1

16.234879,-72.043686                    ,016.2350709,-72.0436862,      ,  ,      ,  ,      ,  ,      ,  ,      ,

16.352517,-72.924828                    ,016.3524862,-72.9248467,14.621, 1,13.297, 2,13.947, 1,12.839, 2,12.379, 2

16.370598,-72.67263                     ,016.3706239,-72.6726181,14.056, 2,12.688, 1,13.354, 1,12.256, 2,11.855, 1

16.484653,-72.329117                    ,016.4846589,-72.3291048,11.628, 1,11.629, 2,11.562, 1,11.725, 2,11.936, 3

16.573929,-72.243042                    ,016.5740765,-72.2430492,      ,  ,      ,  ,      ,  ,      ,  ,      ,

16.667566,-72.47924                     ,016.6676271,-72.4792470,14.287, 1,12.785, 1,13.521, 1,12.292, 2,11.829, 1

16.757307,-73.177071                    ,016.7573406,-73.1770795,15.181, 4,13.780, 0,14.436, 1,13.355, 2,12.923, 2

16.782522,-72.511818,,,,,,,,,,,,

16.825903,-72.467659                    ,016.8259030,-72.4676845,10.124, 1, 9.941, 1,      ,  ,      ,  , 9.695, 1

17.236885,-73.042908                    ,017.2368845,-73.0428906,11.458, 1,11.335, 0,11.384, 3,11.395, 1,11.510, 1

17.552019,-72.62529                     ,017.5519995,-72.6252773,15.190, 3,13.634, 2,14.411, 3,13.103, 3,12.577, 1

17.62284,-72.826271                     ,017.6227895,-72.8262700,14.977, 3,13.517, 1,14.215, 1,13.060, 3,12.604, 2

17.758444,-72.115479                    ,017.7583824,-72.1154895,14.393, 1,13.872, 2,14.119, 1,13.674, 1,13.452, 2

17.855835,-73.284515                    ,017.8558192,-73.2845164,15.044, 3,13.667, 1,14.332, 4,13.206, 1,12.701, 1

17.881686,-73.579437                    ,017.8817006,-73.5794520,15.192, 4,13.674, 3,14.374, 3,13.211, 1,12.722, 4

17.929814,-72.124306                    ,017.9298648,-72.1243137,12.219, 0,12.135, 0,12.108, 0,12.213, 1,12.343, 1

18.112667,-71.441185                    ,018.1127783,-71.4411892,      ,  ,      ,  ,      ,  ,      ,  ,      ,

18.146575,-73.159828                    ,018.1465545,-73.1598642,15.325, 2,13.903, 1,14.584, 2,13.403, 0,12.925, 1

18.284948,-73.339905                    ,018.2849980,-73.3399423,13.397, 0,12.787, 1,13.071, 2,12.672, 1,12.529, 1

18.377089,-73.336182                    ,018.3770824,-73.3362050,10.643,11,10.414, 4,10.904, 5,10.247, 1,10.304, 1

18.40252,-72.920547                     ,018.4026424,-72.9205573,14.896, 7,13.438, 0,14.156, 1,13.010, 1,12.588, 1

18.475151,-73.397247                    ,018.4751377,-73.3972803,13.559, 1,13.071, 2,13.302, 0,13.016, 2,12.922, 0

18.47522,-72.861008                     ,018.4752577,-72.8610117,14.713, 2,13.187, 1,13.945, 4,12.727, 0,12.232, 3

18.59014,-73.212502                     ,018.5902206,-73.2125139,11.623, 0,11.523, 0,11.570, 1,11.594, 1,11.749, 2

18.616893,-72.664871                    ,018.6169371,-72.6648689,14.390, 3,13.341, 1,13.844, 3,13.053, 2,12.782, 4

18.79781,-73.142822                     ,018.7978374,-73.1428278,15.284, 6,13.729, 1,14.472, 1,13.189, 2,12.707, 3

18.852198,-73.512329                    ,018.8522142,-73.5123378,12.751, 3,12.111, 1,12.404, 0,11.966, 1,11.817, 1

19.242433,-73.71965                     ,019.2425133,-73.7196312,14.846, 8,13.914, 1,14.303, 3,13.659, 1,13.414, 2

19.61984,-72.823036                     ,019.6197674,-72.8230448,13.892, 2,13.819, 1,13.794, 1,13.933, 1,14.096, 6

19.827769,-72.804893                    ,019.8277577,-72.8049214,15.622, 1,14.393, 1,15.006, 2,13.987, 3,13.573, 0

20.027448,-71.914421                    ,020.0274971,-71.9144353,14.847, 2,13.164, 1,13.984, 3,12.601, 1,12.062, 3

20.054984,-73.284607                    ,020.0549833,-73.2845981,      ,  ,      ,  ,      ,  ,      ,  ,      ,

20.086937,-73.271645                    ,020.0869500,-73.2716431,15.078, 2,13.572, 1,14.298, 2,13.073, 3,12.592, 1

20.165176,-72.784286                    ,020.1652042,-72.7842862,15.379, 1,14.062, 1,14.703, 1,13.661, 1,13.218, 1

20.217238,-72.543243                    ,020.2173074,-72.5432484,14.630, 1,13.106, 2,13.839, 0,12.626, 2,12.149, 1

20.407462,-72.884239                    ,020.4074974,-72.8842489,15.473, 3,14.229, 1,14.832, 2,13.847, 1,13.416, 2

20.561633,-72.68409                     ,020.5618250,-72.6841037,15.283, 4,13.872, 2,14.570, 2,13.417, 2,12.978, 3

20.688973,-73.862312                    ,020.6889703,-73.8623137,13.804, 4,13.554, 1,13.645, 0,13.577, 3,13.564, 1

20.689613,-72.776115                    ,020.6896836,-72.7761131,15.450, 1,14.121, 1,14.749, 2,13.764, 0,13.353, 2

20.964646,-73.678734                    ,020.9646009,-73.6787814,15.780, 3,14.355, 1,15.004, 2,13.857, 3,13.404, 4

21.135223,-72.74614                     ,021.1352880,-72.7461100,15.540, 1,14.244, 2,14.868, 4,13.854, 0,13.407, 1

21.466391,-72.954132                    ,021.4663786,-72.9541231,15.373, 1,14.100, 1,14.717, 0,13.671, 3,13.229, 2