ra,dec,RAJ2000,e_RAJ2000,DEJ2000,e_DEJ2000,Bmag_APASS,e_Bmag_APASS,Vmag_APASS,e_Vmag_APASS,gmag_APASS,e_gmag_APASS,rmag_APASS,e_rmag_APASS,imag_APASS,e_imag_APASS

7.521702,-73.913918,007.5217959, 19,-73.9138820, 19,14.173, 2,13.705, 3,13.889, 3,13.590, 2,13.519, 2

7.746443,-73.741425,007.7464995, 19,-73.7414187, 18,14.441, 3,13.926, 2,14.107, 0,13.782, 2,13.667, 4

7.925977,-73.53167,007.9259677, 18,-73.5316684, 18,15.788, 1,14.438, 3,15.086, 2,14.009, 2,13.574, 3

7.948884,-73.599243,007.9488268, 20,-73.5992370, 20,15.495, 3,14.311, 2,14.853, 2,13.907, 3,13.535, 5

7.980047,-73.578545,007.9800233, 22,-73.5785628, 19,16.109, 5,14.566, 1,15.326, 2,14.127, 3,13.652, 1

7.981742,-73.585571,007.9817339, 18,-73.5855864, 16,15.357, 5,13.891, 2,14.607, 2,13.425, 3,12.943, 3

8.228736,-73.821953,008.2287956, 20,-73.8219642, 19,14.602,21,14.055,12,14.277,17,13.926,13,13.802,13

8.560188,-73.619049,008.5601268, 20,-73.6190942, 21,15.681, 4,14.237, 1,14.928, 1,13.817, 0,13.354, 4

8.637665,-73.873337,008.6376142, 17,-73.8733420, 17,13.293, 3,13.201, 1,13.171, 1,13.271, 1,      ,

8.763608,-73.549622,008.7635353, 19,-73.5496798, 19,15.326, 3,13.892, 3,14.586, 2,13.459, 1,13.008, 2

8.763859,-74.203384,008.7638550, 17,-74.2034003, 19,14.943, 4,13.402, 3,14.137, 1,12.899, 2,12.418, 2

8.989162,-73.734062,008.9891659, 19,-73.7340675, 19,15.548, 6,14.237, 4,14.843, 4,13.782, 4,13.297, 4

9.124077,-73.918602,009.1239386, 20,-73.9186342, 20,13.996, 1,13.818, 3,13.836, 2,13.818, 3,13.849, 7

9.380191,-74.411057,009.3800530, 20,-74.4110595, 20,15.808, 6,14.376, 3,15.025, 2,13.974, 2,13.531, 4

9.508638,-73.630348,009.5085130, 15,-73.6303637, 16,14.242, 2,13.636, 1,13.898, 2,13.463, 1,13.266, 4

9.563685,-73.017746,009.5636421, 16,-73.0177456, 16,      ,  ,      ,  ,      ,  ,      ,  ,      ,

9.57867,-73.525597,009.5786550, 18,-73.5255762, 18,15.103, 0,14.053, 2,14.536, 3,13.775, 0,13.458, 1

9.818972,-72.032875,009.8190795, 21,-72.0328737, 18,14.786, 1,14.077, 1,      ,  ,      ,  ,13.697, 5

10.190774,-72.673569,010.1907539, 17,-72.6735753, 17,15.424, 2,13.987, 2,14.685, 1,13.508, 1,12.982, 0

10.191936,-73.717102,010.1919824, 18,-73.7170903, 18,15.079, 3,14.292, 4,14.576, 7,14.097, 2,13.881, 1

10.512744,-73.888428,010.5127124, 20,-73.8884178, 22,15.727, 6,14.326, 2,14.992, 3,13.856, 5,13.351, 7

10.598432,-73.412109,010.5983580, 19,-73.4120784, 17,15.563, 2,14.119, 2,14.783, 1,13.698, 1,13.223, 1

10.721161,-73.596092,010.7211324, 17,-73.5960603, 16,13.800, 0,13.315, 1,13.497, 1,13.206, 1,13.118, 6

10.745516,-73.29184,010.7454365, 24,-73.2917834, 18,14.357, 2,13.788, 0,14.023, 1,13.675, 1,13.499, 1

10.95191,-73.613548,010.9518474, 16,-73.6135420, 17,14.740, 7,13.713, 3,14.181, 1,13.421, 1,13.171, 1

11.004765,-72.995163,011.0047956, 15,-72.9951037, 15,15.265, 6,13.817, 1,14.486, 1,13.360, 1,12.910, 1

11.045316,-73.212608,011.0453218, 17,-73.2125612, 18,15.184, 4,14.107, 1,14.588, 1,13.794, 1,13.549, 1

11.210925,-72.885483,011.2109571, 24,-72.8854450, 20,      ,  ,      ,  ,      ,  ,      ,  ,      ,

11.399051,-73.293671,011.3990542, 16,-73.2936320, 16,      ,  ,      ,  ,      ,  ,      ,  ,      ,

11.476636,-72.93116,011.4765915, 22,-72.9311492, 23,      ,  ,      ,  ,      ,  ,      ,  ,      ,

11.510007,-73.350014,011.5099539, 16,-73.3499887, 17,15.187, 1,13.845, 2,14.432, 0,13.411, 0,12.928, 0

11.554412,-72.935364,011.5544042, 24,-72.9353859, 47,13.115, 2,13.062, 1,13.010, 1,13.159, 1,13.336, 1

11.624906,-72.593178,011.6249518, 82,-72.5930700, 83,      ,  ,      ,  ,      ,  ,      ,  ,      ,

11.642234,-72.821014,011.6422289, 18,-72.8209934, 19,13.537, 2,13.459, 1,13.441, 1,13.575, 1,13.714, 1

11.666625,-73.208763,011.6666433, 24,-73.2087312, 19,13.798, 1,13.653, 2,13.638, 1,13.668, 1,13.790, 1

11.692539,-73.666313,011.6925150, 20,-73.6663017, 20,15.811, 7,14.475, 0,15.153, 1,13.977, 1,13.580, 1

11.721182,-72.714394,011.7212862, 15,-72.7143692, 15,13.255,13,12.501, 7,12.763, 1,12.268, 1,12.092, 1

11.753848,-73.370476,011.7538383, 17,-73.3704345, 16,      ,  ,      ,  ,      ,  ,      ,  ,      ,

11.760545,-72.919182,011.7606077, 18,-72.9191462, 17,13.669, 1,13.190, 2,13.383, 1,13.054, 1,12.971, 1

11.782004,-73.745392,011.7819683, 18,-73.7453728, 18,14.740, 1,13.560, 1,      ,  ,      ,  ,12.637, 1

11.78622,-73.236649,011.7862245, 15,-73.2366406, 15,13.821, 3,13.085, 1,13.454, 1,12.693, 1,12.249, 1

11.793363,-72.96051,011.7935018, 24,-72.9605037, 29,14.903, 4,14.058, 1,14.445, 1,13.821, 1,13.550, 1

11.805479,-72.704842,011.8056271, 21,-72.7048328, 22,16.046, 7,14.673, 1,15.340, 1,14.216, 1,      ,

11.938212,-73.307259,011.9381589, 19,-73.3072678, 20,      ,  ,      ,  ,      ,  ,      ,  ,      ,

11.955413,-73.095612,011.9554845, 19,-73.0955820, 19,      ,  ,      ,  ,      ,  ,      ,  ,      ,

11.992086,-72.815269,011.9921524, 20,-72.8152553, 20,14.133, 1,13.767, 1,13.892, 1,13.711, 1,13.649, 1

12.00486,-73.387062,012.0048395, 20,-73.3870239, 20,      ,  ,      ,  ,      ,  ,      ,  ,      ,

12.009524,-73.403946,012.0095683, 21,-73.4039153, 21,      ,  ,      ,  ,      ,  ,      ,  ,      ,

12.026228,-73.110535,012.0262789, 15,-73.1105481, 15,12.756, 1,12.468, 1,12.554, 0,12.443, 0,12.387, 0

12.036872,-73.505272,012.0369342, 17,-73.5052581, 21,13.135, 0,13.060, 2,13.005, 1,13.064, 1,13.187, 1

12.078882,-73.249702,012.0790403, 16,-73.2497506, 28,13.139, 0,13.141, 1,13.048, 1,13.262, 1,13.454, 1

12.115704,-73.446945,012.1154050, 21,-73.4469039,105,12.986, 2,12.968, 1,12.910, 1,13.065, 1,13.152, 1

12.132593,-72.986565,012.1326324, 15,-72.9865353, 15,15.253, 1,13.664, 3,14.383, 1,13.150, 1,12.654, 1

12.138712,-73.209274,012.1387968, 19,-73.2092592, 19,      ,  ,      ,  ,      ,  ,      ,  ,      ,

12.144304,-73.154884,012.1443668, 21,-73.1548814, 21,      ,  ,      ,  ,      ,  ,      ,  ,      ,

12.146544,-72.369522,012.1466009, 16,-72.3695317, 16,15.149, 3,13.578, 1,14.320, 1,13.041, 1,12.541, 1

12.158935,-73.246552,012.1589871, 20,-73.2465395, 20,13.624, 2,13.512, 0,13.498, 1,13.538, 1,13.699, 1

12.189284,-72.924294,012.1893424, 19,-72.9242731, 19,      ,  ,      ,  ,      ,  ,      ,  ,      ,

12.257829,-72.901375,012.2578803, 32,-72.9013581, 21,      ,  ,      ,  ,      ,  ,      ,  ,      ,

12.299215,-72.692955,012.2992933, 17,-72.6929739, 17,15.081, 3,13.525, 1,14.252, 1,12.970, 1,12.492, 1

12.302837,-73.392799,012.3028883, 19,-73.3928198, 20,13.810, 1,13.791, 2,13.698, 1,13.858, 1,14.003, 1

12.314714,-73.202988,012.3147636, 19,-73.2030300, 17,13.483, 3,13.310, 1,13.337, 1,13.362, 1,13.461, 1

12.319302,-73.147079,012.3193477, 22,-73.1471164, 26,13.964, 1,13.805, 1,13.809, 1,13.861, 1,13.982, 1

12.385136,-72.487221,012.3852768, 18,-72.4872575, 20,15.605, 5,14.289, 1,14.870, 1,13.875, 1,13.459, 1

12.393755,-72.881355,012.3938409, 19,-72.8813656, 20,15.079, 3,14.164, 1,      ,  ,      ,  ,      ,

12.419711,-73.236916,012.4196306, 28,-73.2369364, 29,15.384, 5,14.099, 1,14.656, 0,13.676, 1,13.184, 0

12.42137,-72.301399,012.4213495, 26,-72.3014281, 20,15.230, 1,13.915, 1,14.555, 1,13.495, 1,13.040, 4

12.449533,-73.411659,012.4495039, 20,-73.4116656, 21,15.531, 2,14.333, 3,14.895, 1,13.956, 1,13.487, 1

12.482258,-73.047455,012.4822562, 17,-73.0474470, 17,14.748, 3,13.591, 1,14.155, 1,13.130, 1,12.670, 1

12.488276,-72.405502,012.4882253, 28,-72.4055123, 20,13.961, 1,13.912, 1,13.860, 1,14.031, 1,14.248, 1

12.498361,-73.07341,012.4983606, 18,-73.0734067, 18,14.028, 2,13.649, 2,13.764, 1,13.520, 1,13.460, 1

12.501577,-72.983681,012.5015648, 26,-72.9836617, 21,14.121, 1,13.807, 0,13.890, 1,13.781, 1,13.757, 1

12.549769,-73.354309,012.5497821, 20,-73.3543214, 18,      ,  ,      ,  ,      ,  ,      ,  ,      ,

12.554437,-73.286179,012.5543774, 19,-73.2861784, 18,14.110, 2,13.588, 1,13.794, 1,13.482, 1,13.325, 1

12.56634,-73.169647,012.5662586, 18,-73.1696459, 19,      ,  ,      ,  ,      ,  ,      ,  ,      ,

12.569629,-73.138657,012.5696224, 26,-73.1386567, 35,13.966, 3,13.880, 2,13.869, 1,13.940, 1,14.181, 1

12.575341,-72.455956,012.5753348, 20,-72.4559556, 20,      ,  ,      ,  ,      ,  ,      ,  ,      ,

12.588534,-73.102638,012.5885324, 16,-73.1026384, 19,      ,  ,      ,  ,      ,  ,      ,  ,      ,

12.619976,-72.752563,012.6199727, 70,-72.7525584, 14,13.302, 5,12.299, 1,12.741, 1,12.001, 1,11.718, 1

12.620275,-73.120697,012.6202798, 19,-73.1207128, 19,13.928, 1,13.826, 3,13.806, 1,13.898, 1,      ,

12.629437,-72.872421,012.6294489, 15,-72.8724100, 15,      ,  ,      ,  ,      ,  ,      ,  ,      ,

12.638301,-72.962532,012.6383248, 17,-72.9625312, 17,13.429, 3,13.280, 1,      ,  ,      ,  ,      ,

12.669093,-72.834183,012.6690798, 17,-72.8341762, 20,13.871, 2,13.668, 1,13.705, 1,13.676, 1,13.762, 1

12.694161,-72.241043,012.6941777, 30,-72.2410798, 19,15.729, 1,14.222, 1,14.922, 1,13.713, 1,13.206, 4

12.708537,-73.394318,012.7085177, 18,-73.3943434, 19,13.656, 1,13.527, 1,13.503, 0,13.593, 0,13.723, 0

12.758097,-73.268562,012.7581409, 17,-73.2685634, 17,      ,  ,      ,  ,      ,  ,      ,  ,      ,

12.779685,-72.998734,012.7796965, 20,-72.9987475, 16,      ,  ,      ,  ,      ,  ,      ,  ,      ,

12.788992,-72.809959,012.7889539, 19,-72.8099806, 19,13.131, 1,12.994, 0,13.005, 1,13.063, 1,13.176, 1

12.799663,-72.471596,012.7996350, 16,-72.4716170, 17,12.669, 1,12.566, 1,12.535, 1,12.644, 1,12.754, 1

12.806897,-72.550446,012.8068892, 18,-72.5504453, 18,      ,  ,      ,  ,      ,  ,      ,  ,      ,

12.816462,-73.159111,012.8165456, 16,-73.1591312, 16,      ,  ,      ,  ,      ,  ,      ,  ,      ,

12.826005,-72.723526,012.8260333, 17,-72.7235334, 17,15.216, 5,13.837, 1,14.491, 1,13.392, 1,12.940, 1

12.833997,-73.136757,012.8339227, 19,-73.1367712, 21,      ,  ,      ,  ,      ,  ,      ,  ,      ,

12.857086,-72.763344,012.8571518, 18,-72.7633356, 18,      ,  ,      ,  ,      ,  ,      ,  ,      ,

12.858666,-72.888458,012.8586665, 18,-72.8884484, 18,      ,  ,      ,  ,      ,  ,      ,  ,      ,

12.883954,-73.309235,012.8839650, 18,-73.3092567, 18,      ,  ,      ,  ,      ,  ,      ,  ,      ,

12.90685,-72.433243,012.9068392, 16,-72.4332339, 20,14.760, 2,13.087, 1,13.855, 1,12.541, 1,11.994, 1

12.911544,-72.972351,012.9116000, 20,-72.9723437, 24,      ,  ,      ,  ,      ,  ,      ,  ,      ,

12.9154,-73.232407,012.9153903, 20,-73.2324212, 18,      ,  ,      ,  ,      ,  ,      ,  ,      ,

12.921972,-72.933441,012.9219724, 21,-72.9334303, 22,      ,  ,      ,  ,      ,  ,      ,  ,      ,

12.941341,-72.59816,012.9412548, 17,-72.5981498, 18,      ,  ,      ,  ,      ,  ,      ,  ,      ,

12.999333,-72.766563,012.9993574, 16,-72.7665737, 39,12.960, 1,12.834, 1,12.817, 1,12.899, 1,13.056, 1

13.001509,-73.0895,013.0014439, 14,-73.0895506, 15,14.677, 3,13.715, 1,14.151, 1,13.387, 1,      ,

13.033491,-72.280327,013.0334550, 18,-72.2803487, 18,      ,  ,      ,  ,      ,  ,      ,  ,      ,

13.038654,-72.99086,013.0387015, 15,-72.9908625, 15,13.808, 2,13.717, 1,13.642, 2,14.394,86,13.854, 7

13.048194,-73.329536,013.0482668, 17,-73.3295556, 14,14.424, 2,13.346, 1,13.834, 1,12.975, 1,12.627, 1

13.050167,-72.627411,013.0501559, 23,-72.6274500, 18,      ,  ,      ,  ,      ,  ,      ,  ,      ,

13.051069,-72.727928,013.0511312, 21,-72.7279448, 21,      ,  ,      ,  ,      ,  ,      ,  ,      ,

13.068365,-73.705978,013.0683277, 20,-73.7059956, 19,16.021, 3,14.579, 1,15.233, 1,14.094, 1,13.586, 1

13.079881,-71.911369,013.0798324, 22,-71.9113887, 21,15.872, 3,14.422, 3,15.066, 1,14.042, 1,13.554, 1

13.089044,-72.665497,013.0889753, 31,-72.6655837, 32,      ,  ,      ,  ,      ,  ,      ,  ,      ,

13.104091,-72.684158,013.1040748, 51,-72.6842095, 15,      ,  ,      ,  ,      ,  ,      ,  ,      ,

13.127266,-72.319092,013.1272071, 20,-72.3191228, 20,      ,  ,      ,  ,      ,  ,      ,  ,      ,

13.1284,-73.220673,013.1284339, 16,-73.2207187, 16,12.718, 1,12.467, 1,12.538, 1,12.476, 1,12.436, 1

13.1457,-72.433815,013.1457124, 17,-72.4338698, 17,      ,  ,      ,  ,      ,  ,      ,  ,      ,

13.14854,-72.851479,013.1485583, 16,-72.8514628, 16,      ,  ,      ,  ,      ,  ,      ,  ,      ,

13.162501,-73.009697,013.1624553, 16,-73.0097223, 15,13.656, 1,13.456, 1,13.473, 1,13.480, 1,13.512, 1

13.163567,-72.740128,013.1635898, 18,-72.7401664, 18,15.114, 4,13.808, 1,14.390, 1,13.308, 1,12.814, 1

13.1687,-72.745171,013.1687465, 23,-72.7451839, 19,      ,  ,      ,  ,      ,  ,      ,  ,      ,

13.169555,-72.756119,013.1695545, 15,-72.7561387, 40,12.635, 1,12.561, 1,12.524, 1,12.637, 1,12.797, 1

13.173921,-73.065315,013.1740121, 26,-73.0653275, 27,15.561, 6,14.293, 1,14.813, 1,13.840, 1,13.437, 1

13.189993,-73.073402,013.1900309, 28,-73.0734234, 17,12.964, 1,12.849, 1,12.813, 1,12.868, 1,      ,

13.201415,-72.968979,013.2014230, 20,-72.9689703, 20,      ,  ,      ,  ,      ,  ,      ,  ,      ,

13.211746,-72.775291,013.2117659, 18,-72.7753159, 18,13.654, 1,13.571, 1,13.520, 0,13.591, 0,13.748, 0

13.233808,-72.232277,013.2338300, 21,-72.2322550, 20,      ,  ,      ,  ,      ,  ,      ,  ,      ,

13.237359,-72.394661,013.2373324, 21,-72.3946678, 21,      ,  ,      ,  ,      ,  ,      ,  ,      ,

13.241423,-72.580956,013.2414021, 21,-72.5809645, 21,      ,  ,      ,  ,      ,  ,      ,  ,      ,

13.245275,-73.139763,013.2453006, 22,-73.1397675, 29,      ,  ,      ,  ,      ,  ,      ,  ,      ,

13.249078,-73.441971,013.2490853, 21,-73.4419656, 19,15.552, 4,14.029, 1,14.700, 1,13.550, 1,13.080, 1

13.256099,-72.399757,013.2560874, 17,-72.3997856, 18,      ,  ,      ,  ,      ,  ,      ,  ,      ,

13.256905,-72.508492,013.2568565, 16,-72.5085034, 15,      ,  ,      ,  ,      ,  ,      ,  ,      ,

13.259931,-72.498817,013.2598359, 18,-72.4988153, 18,14.918, 3,14.042, 1,      ,  ,      ,  ,      ,

13.268429,-72.562134,013.2683392, 33,-72.5621156, 21,      ,  ,      ,  ,      ,  ,      ,  ,      ,

13.279305,-72.171394,013.2793195, 21,-72.1713798, 26,      ,  ,      ,  ,      ,  ,      ,  ,      ,

13.309965,-72.641273,013.3099321, 20,-72.6412923, 20,      ,  ,      ,  ,      ,  ,      ,  ,      ,

13.315513,-72.367493,013.3155042, 17,-72.3675023, 17,      ,  ,      ,  ,      ,  ,      ,  ,      ,

13.316536,-73.259033,013.3165250, 29,-73.2590687, 32,13.082, 1,12.900, 1,12.902, 1,12.943, 1,12.970, 1

13.327935,-72.551033,013.3278574, 19,-72.5510570, 18,      ,  ,      ,  ,      ,  ,      ,  ,      ,

13.329248,-71.703796,013.3291383, 20,-71.7038000, 20,15.570, 5,14.125, 2,14.810, 2,13.655, 3,13.194, 3

13.33919,-72.287971,013.3391965, 16,-72.2879770, 16,13.749,99,12.031,99,      ,  ,      ,  ,      ,

13.339863,-71.844383,013.3397850, 19,-71.8443889, 19,13.812, 1,13.606, 1,13.657, 1,13.622, 4,13.656, 2

13.345563,-72.413216,013.3455300, 19,-72.4132231, 18,      ,  ,      ,  ,      ,  ,      ,  ,      ,

13.348422,-72.783722,013.3483898, 14,-72.7837364, 14,      ,  ,      ,  ,      ,  ,      ,  ,      ,

13.350006,-73.11042,013.3500003, 65,-73.1103964, 65,      ,  ,      ,  ,      ,  ,      ,  ,      ,

13.358685,-72.489899,013.3586283, 19,-72.4898706, 18,      ,  ,      ,  ,      ,  ,      ,  ,      ,

13.378453,-73.231285,013.3784774, 23,-73.2312995, 24,      ,  ,      ,  ,      ,  ,      ,  ,      ,

13.378894,-72.532722,013.3788521, 16,-72.5327473, 16,      ,  ,      ,  ,      ,  ,      ,  ,      ,

13.405291,-72.398819,013.4052474, 15,-72.3988431, 15,      ,  ,      ,  ,      ,  ,      ,  ,      ,

13.407487,-72.422089,013.4075330, 20,-72.4221270, 19,      ,  ,      ,  ,      ,  ,      ,  ,      ,

13.407679,-72.54425,013.4076006, 14,-72.5442900, 32,      ,  ,      ,  ,      ,  ,      ,  ,      ,

13.412949,-72.393631,013.4128783, 24,-72.3936706, 18,      ,  ,      ,  ,      ,  ,      ,  ,      ,

13.415298,-72.535828,013.4152236, 18,-72.5358631, 14,      ,  ,      ,  ,      ,  ,      ,  ,      ,

13.417728,-72.409355,013.4176927, 20,-72.4093864, 17,      ,  ,      ,  ,      ,  ,      ,  ,      ,

13.42474,-72.908089,013.4247380, 20,-72.9080939, 21,      ,  ,      ,  ,      ,  ,      ,  ,      ,

13.427622,-72.287094,013.4276909, 31,-72.2871270, 13,      ,  ,      ,  ,      ,  ,      ,  ,      ,

13.433085,-72.089363,013.4331286, 15,-72.0893431, 19,13.304, 1,13.205, 0,      ,  ,      ,  ,13.332, 1

13.440647,-72.894165,013.4406771, 14,-72.8941706, 14,      ,  ,      ,  ,      ,  ,      ,  ,      ,

13.442446,-72.531502,013.4423933, 18,-72.5315242, 26,      ,  ,      ,  ,      ,  ,      ,  ,      ,

13.446713,-73.248802,013.4467345, 21,-73.2488442, 19,14.029, 1,13.697, 1,13.774, 1,13.666, 1,13.608, 1

13.470145,-71.632614,013.4700968, 15,-71.6326250, 15,15.101, 6,13.713, 2,14.382, 3,13.295, 2,12.842, 0

13.477901,-72.437256,013.4779274, 19,-72.4372981, 21,      ,  ,      ,  ,      ,  ,      ,  ,      ,

13.485679,-72.911011,013.4856515, 17,-72.9110053, 20,      ,  ,      ,  ,      ,  ,      ,  ,      ,

13.495741,-72.362373,013.4957674, 18,-72.3624031, 18,      ,  ,      ,  ,      ,  ,      ,  ,      ,

13.495896,-72.262009,013.4959203, 15,-72.2620425, 21,      ,  ,      ,  ,      ,  ,      ,  ,      ,

13.507475,-72.317116,013.5074245, 17,-72.3171350, 17,      ,  ,      ,  ,      ,  ,      ,  ,      ,

13.511337,-73.25885,013.5113048, 54,-73.2588898, 17,13.160, 1,12.976, 1,12.989, 1,12.965, 1,13.065, 1

13.525363,-73.061119,013.5254215, 27,-73.0611392, 20,      ,  ,      ,  ,      ,  ,      ,  ,      ,

13.531955,-72.380341,013.5319445, 16,-72.3803717, 16,13.846, 1,13.548, 1,13.608, 1,13.390, 1,13.384, 1

13.540397,-72.374336,013.5403533, 17,-72.3743609, 17,      ,  ,      ,  ,      ,  ,      ,  ,      ,

13.567612,-72.239929,013.5677224, 23,-72.2398989, 22,      ,  ,      ,  ,      ,  ,      ,  ,      ,

13.59046,-72.508453,013.5904792, 16,-72.5084800, 14,      ,  ,      ,  ,      ,  ,      ,  ,      ,

13.610954,-72.679138,013.6109527, 27,-72.6791662, 21,      ,  ,      ,  ,      ,  ,      ,  ,      ,

13.611973,-72.883247,013.6119800, 14,-72.8832853, 19,      ,  ,      ,  ,      ,  ,      ,  ,      ,

13.620808,-72.742271,013.6208368, 22,-72.7423089, 14,13.000, 1,13.102, 1,      ,  ,      ,  ,      ,

13.627097,-72.570183,013.6270333, 15,-72.5701981, 15,      ,  ,      ,  ,      ,  ,      ,  ,      ,

13.638384,-72.180771,013.6384359, 19,-72.1807414, 17,15.956, 7,14.281, 1,      ,  ,      ,  ,      ,

13.648799,-72.665016,013.6488000, 18,-72.6650181, 15,      ,  ,      ,  ,      ,  ,      ,  ,      ,

13.653195,-72.309631,013.6532521, 16,-72.3096134, 16,      ,  ,      ,  ,      ,  ,      ,  ,      ,

13.65933,-72.601669,013.6593521, 19,-72.6016720, 21,      ,  ,      ,  ,      ,  ,      ,  ,      ,

13.672227,-73.240891,013.6723103, 19,-73.2409464, 19,14.091, 1,13.731, 1,13.852, 1,13.688, 1,13.696, 1

13.672755,-72.237221,013.6728030, 14,-72.2371909, 22,      ,  ,      ,  ,      ,  ,      ,  ,      ,

13.67278,-72.486137,013.6727668, 17,-72.4861317, 23,      ,  ,      ,  ,      ,  ,      ,  ,      ,

13.673452,-73.128853,013.6734180, 18,-73.1289067, 21,      ,  ,      ,  ,      ,  ,      ,  ,      ,

13.693553,-72.46489,013.6934595, 17,-72.4648298, 17,      ,  ,      ,  ,      ,  ,      ,  ,      ,

13.699284,-71.76387,013.6992536, 17,-71.7638859, 17,      ,  ,      ,  ,      ,  ,      ,  ,      ,

13.699347,-71.414688,013.6993009, 17,-71.4146917, 17,13.817, 2,13.718, 2,13.724, 1,13.812, 5,13.905, 1

13.70945,-73.0466,013.7094130, 26,-73.0466409, 20,15.535, 5,14.189, 1,14.787, 1,13.726, 1,13.258, 1

13.712406,-73.099899,013.7124621, 22,-73.0999562, 22,      ,  ,      ,  ,      ,  ,      ,  ,      ,

13.726891,-73.15094,013.7268824, 16,-73.1510042, 16,      ,  ,      ,  ,      ,  ,      ,  ,      ,

13.761648,-72.768044,013.7616348, 20,-72.7680812, 18,14.897, 3,14.231, 1,14.497, 1,13.977, 1,13.777, 1

13.767206,-72.472443,013.7671974, 18,-72.4724328, 17,13.791, 1,13.358, 1,13.460, 1,13.247, 1,13.159, 1

13.784495,-72.567459,013.7844845, 16,-72.5675175, 16,      ,  ,      ,  ,      ,  ,      ,  ,      ,

13.789353,-72.515457,013.7893680, 14,-72.5154562, 14,      ,  ,      ,  ,      ,  ,      ,  ,      ,

13.79491,-72.45266,013.7948430, 46,-72.4526606, 19,      ,  ,      ,  ,      ,  ,      ,  ,      ,

13.802364,-72.436417,013.8023142, 30,-72.4364270, 41,      ,  ,      ,  ,      ,  ,      ,  ,      ,

13.803228,-72.51178,013.8031930, 14,-72.5117773, 14,      ,  ,      ,  ,      ,  ,      ,  ,      ,

13.813378,-72.33728,013.8133850, 16,-72.3372625, 19,      ,  ,      ,  ,      ,  ,      ,  ,      ,

13.841566,-71.789406,013.8415324, 16,-71.7894189, 20,13.336, 1,13.263, 2,13.229, 1,13.358, 0,13.490, 1

13.863108,-71.555687,013.8631121, 17,-71.5557025, 20,14.899, 2,13.301, 1,14.060, 2,12.796, 0,12.260, 3

13.865672,-72.729294,013.8657177, 14,-72.7293381, 19,      ,  ,      ,  ,      ,  ,      ,  ,      ,

13.869121,-72.487114,013.8690189, 17,-72.4871353, 17,      ,  ,      ,  ,      ,  ,      ,  ,      ,

13.875625,-72.480446,013.8755733, 18,-72.4804720, 20,      ,  ,      ,  ,      ,  ,      ,  ,      ,

13.89679,-72.545395,013.8967871, 19,-72.5454314, 19,      ,  ,      ,  ,      ,  ,      ,  ,      ,

13.924053,-72.303223,013.9241224, 22,-72.3031789, 21,      ,  ,      ,  ,      ,  ,      ,  ,      ,

13.948352,-72.658638,013.9484062, 18,-72.6586823, 18,13.353, 1,13.339, 1,13.239, 1,13.362, 1,13.495, 1

13.952626,-73.043114,013.9525768, 20,-73.0431673, 21,      ,  ,      ,  ,      ,  ,      ,  ,      ,

13.972648,-72.196625,013.9726998, 18,-72.1966123, 19,13.528, 1,13.492, 2,      ,  ,      ,  ,      ,

13.995879,-71.522568,013.9958600, 22,-71.5225506, 22,15.694, 1,14.481, 1,15.070, 2,14.078, 3,13.664, 1

13.998293,-72.175369,013.9983698, 20,-72.1753731, 24,      ,  ,      ,  ,      ,  ,      ,  ,      ,

14.002332,-72.83284,014.0022927, 19,-72.8328981, 19,      ,  ,      ,  ,      ,  ,      ,  ,      ,

14.004046,-72.460983,014.0040450, 20,-72.4610109, 19,      ,  ,      ,  ,      ,  ,      ,  ,      ,

14.007276,-72.499931,014.0072439, 16,-72.4999192, 15,      ,  ,      ,  ,      ,  ,      ,  ,      ,

14.018476,-71.629814,014.0184727, 21,-71.6297959, 21,15.987, 5,14.487, 1,15.198, 1,14.016, 3,13.540, 5

14.029873,-72.470512,014.0299230, 18,-72.4705156, 17,      ,  ,      ,  ,      ,  ,      ,  ,      ,

14.037303,-72.277908,014.0372339, 18,-72.2778856, 18,      ,  ,      ,  ,      ,  ,      ,  ,      ,

14.045771,-72.44059,014.0457865, 19,-72.4405770, 19,      ,  ,      ,  ,      ,  ,      ,  ,      ,

14.057666,-72.04567,014.0575992, 17,-72.0455950, 17,13.384, 1,13.331, 3,      ,  ,      ,  ,      ,

14.061519,-72.42244,014.0615386, 22,-72.4224184, 22,      ,  ,      ,  ,      ,  ,      ,  ,      ,

14.087205,-72.84552,014.0871789, 18,-72.8455512, 18,13.940, 1,13.705, 1,13.754, 1,13.665, 1,13.737, 2

14.090327,-72.459961,014.0903865, 20,-72.4599570, 21,      ,  ,      ,  ,      ,  ,      ,  ,      ,

14.094011,-72.476639,014.0940656, 63,-72.4766192, 26,      ,  ,      ,  ,      ,  ,      ,  ,      ,

14.099992,-72.487503,014.0999874, 15,-72.4874875, 18,      ,  ,      ,  ,      ,  ,      ,  ,      ,

14.10552,-72.471741,014.1055089, 16,-72.4717212, 18,      ,  ,      ,  ,      ,  ,      ,  ,      ,

14.113846,-72.468483,014.1139992, 23,-72.4684634, 23,      ,  ,      ,  ,      ,  ,      ,  ,      ,

14.115696,-73.507523,014.1156283, 15,-73.5075475, 16,15.178, 5,13.706, 2,14.411, 2,13.221, 2,12.747, 5

14.127534,-72.231476,014.1275012, 24,-72.2314153, 26,15.626, 5,14.382, 1,      ,  ,      ,  ,13.573, 2

14.128729,-71.77256,014.1286350, 18,-71.7725745, 19,14.880, 2,14.177, 0,14.542, 2,13.871, 1,13.514, 1

14.129824,-72.152824,014.1298171, 19,-72.1527367, 26,15.632, 5,14.190, 1,      ,  ,      ,  ,      ,

14.148048,-72.254349,014.1480036, 24,-72.2543137, 19,      ,  ,      ,  ,      ,  ,      ,  ,      ,

14.159138,-72.310638,014.1590612, 16,-72.3106034, 16,13.358, 1,13.216, 1,      ,  ,      ,  ,13.494, 2

14.19015,-72.242996,014.1900868, 18,-72.2429670, 19,      ,  ,      ,  ,      ,  ,      ,  ,      ,

14.200639,-71.179138,014.2006695, 18,-71.1791620, 19,15.507, 1,14.066, 2,14.747, 4,13.625, 1,13.172, 3

14.242771,-72.521553,014.2427468, 17,-72.5215442, 17,13.563, 1,13.398, 1,13.460, 1,13.488, 2,13.563, 3

14.255295,-72.14254,014.2552880, 18,-72.1424964, 23,      ,  ,      ,  ,      ,  ,      ,  ,      ,

14.264679,-72.334267,014.2646403, 19,-72.3342459, 18,      ,  ,      ,  ,      ,  ,      ,  ,      ,

14.268831,-72.494507,014.2688168, 16,-72.4945062, 17,      ,  ,      ,  ,      ,  ,      ,  ,      ,

14.270352,-72.241432,014.2702839, 18,-72.2414050, 18,      ,  ,      ,  ,      ,  ,      ,  ,      ,

14.276385,-72.254517,014.2764092, 17,-72.2545012, 17,      ,  ,      ,  ,      ,  ,      ,  ,      ,

14.299565,-72.369591,014.2994927, 17,-72.3695698, 24,15.234, 4,14.022, 1,14.592, 1,13.688, 1,13.341, 5

14.311585,-71.504509,014.3116442, 16,-71.5045012, 18,15.457, 0,14.039, 1,14.693, 3,13.608, 2,13.144, 1

14.338515,-72.110527,014.3385230, 18,-72.1104884, 18,15.682, 6,14.168, 1,14.855, 1,13.683, 1,13.241, 1

14.347047,-72.02668,014.3470415, 16,-72.0265981, 16,13.354, 1,13.296, 0,13.263, 1,13.326, 1,13.460, 1

14.37155,-72.161362,014.3715603, 18,-72.1613106, 18,13.843, 2,13.479, 0,      ,  ,      ,  ,      ,

14.385288,-72.100685,014.3852783, 18,-72.1006414, 18,15.552, 0,13.946, 1,14.661, 1,13.416, 1,12.962, 1

14.391292,-72.070297,014.3912174, 17,-72.0702353, 17,14.144, 1,13.372, 1,13.746, 1,13.151, 0,12.938, 1

14.408075,-72.058754,014.4081112, 17,-72.0587089, 19,15.229, 4,13.829, 1,14.508, 1,13.380, 1,12.927, 1

14.44261,-72.705765,014.4425133, 17,-72.7057670, 73,13.036, 1,12.908, 1,12.930, 1,12.982, 1,13.047, 2

14.472133,-72.412888,014.4721074, 17,-72.4128303, 17,      ,  ,      ,  ,      ,  ,      ,  ,      ,

14.472561,-72.083511,014.4725559, 18,-72.0834392, 19,15.860, 5,14.382, 1,15.101, 1,13.892, 1,13.406, 1

14.481763,-72.422295,014.4817689, 19,-72.4222400, 19,      ,  ,      ,  ,      ,  ,      ,  ,      ,

14.487046,-73.562134,014.4869777, 14,-73.5621584, 14,13.910, 0,12.588, 0,13.222, 1,12.189, 1,11.793, 3

14.506239,-72.594238,014.5061180, 22,-72.5942137, 22,13.478, 1,13.332, 1,13.376, 1,13.360, 0,13.413, 0

14.507126,-72.326561,014.5071789, 15,-72.3265278, 15,      ,  ,      ,  ,      ,  ,      ,  ,      ,

14.558781,-71.969238,014.5587862, 18,-71.9691814, 24,15.768, 4,14.256, 1,14.981, 4,13.783, 2,13.327, 1

14.596641,-72.359787,014.5966927, 13,-72.3597531, 13,12.547,99,12.167,99,      ,  ,      ,  ,      ,

14.689378,-72.276627,014.6894065, 23,-72.2766209, 20,15.762, 5,14.336, 1,14.999, 1,13.962, 1,13.475, 1

14.71651,-72.348312,014.7165595, 18,-72.3482981, 18,      ,  ,      ,  ,      ,  ,      ,  ,      ,

14.722887,-72.360008,014.7229233, 16,-72.3599714, 16,13.536, 1,13.385, 1,13.413, 1,13.478, 1,13.532, 4

14.727953,-72.849892,014.7278492, 18,-72.8499356, 18,15.231, 3,13.784, 2,14.457, 1,13.341, 2,12.886, 3

14.729435,-72.552078,014.7293533, 18,-72.5520670, 18,14.107, 3,13.331, 0,13.753, 2,13.042, 1,12.760, 2

14.733524,-71.976097,014.7336118, 20,-71.9760725, 20,      ,  ,      ,  ,      ,  ,      ,  ,      ,

14.739664,-72.288078,014.7397115, 28,-72.2880434, 24,      ,  ,      ,  ,      ,  ,      ,  ,      ,

14.775518,-71.783722,014.7755003, 17,-71.7837353, 17,15.675, 4,14.084, 1,14.800, 7,13.602, 1,13.130, 1

14.804474,-72.377014,014.8044653, 22,-72.3769842, 22,15.088,16,14.173, 1,14.680, 4,13.776, 1,      ,

14.821316,-71.810242,014.8213392, 20,-71.8102753, 20,15.928, 4,14.511, 1,      ,  ,      ,  ,      ,

14.872271,-72.330978,014.8722909, 16,-72.3309528, 15,      ,  ,      ,  ,      ,  ,      ,  ,      ,

14.916991,-72.226891,014.9170248, 15,-72.2268442, 12,12.969, 1,12.767, 1,      ,  ,      ,  ,12.822, 1

14.925954,-72.163506,014.9259165, 16,-72.1634750, 15,15.632, 6,14.156, 1,14.928, 1,13.636, 1,13.085, 1

15.005334,-72.48336,015.0053806, 12,-72.4833784, 12,      ,  ,      ,  ,      ,  ,      ,  ,      ,

15.007992,-72.017464,015.0080453, 15,-72.0174314, 13,13.851, 1,13.433, 1,      ,  ,      ,  ,      ,

15.026778,-72.428185,015.0268098, 16,-72.4281864, 16,      ,  ,      ,  ,      ,  ,      ,  ,      ,

15.054616,-72.334679,015.0545898, 13,-72.3346720, 15,13.753, 1,13.426, 1,13.560, 2,13.370, 2,13.356, 2

15.056647,-72.352814,015.0566433, 19,-72.3527978, 18,15.842, 2,14.483, 2,15.149, 2,14.082, 6,13.629, 3

15.098814,-72.631149,015.0988836, 19,-72.6311620, 20,15.712, 1,14.374, 1,15.064, 0,13.965, 0,13.526, 1

15.138538,-72.563477,015.1386389, 20,-72.5634984, 20,15.889, 1,14.428, 1,15.137, 1,14.007, 2,13.492, 7

15.145673,-72.366623,015.1458524, 17,-72.3666503, 17,      ,  ,      ,  ,      ,  ,      ,  ,      ,

15.154256,-72.690392,015.1543462, 18,-72.6904306, 18,15.436, 6,14.089, 1,14.765, 1,13.643, 1,13.233, 1

15.201425,-73.687996,015.2014665, 16,-73.6880142, 17,13.125, 3,13.057, 0,13.039, 0,13.136, 0,13.282, 3

15.210984,-72.48114,015.2110274, 12,-72.4811314, 12,      ,  ,      ,  ,      ,  ,      ,  ,      ,

15.267479,-72.440582,015.2674171, 17,-72.4405681, 17,14.021, 1,13.942, 1,13.909, 1,14.037, 0,14.150, 1

15.302052,-72.268593,015.3020427, 12,-72.2685667, 12,12.801, 1,12.704, 1,12.695, 0,12.747, 1,12.857, 2

15.340866,-71.954842,015.3408568, 16,-71.9548239, 13,13.289, 1,13.123, 1,13.132, 1,13.163, 1,13.249, 1

15.444264,-72.437416,015.4442206, 20,-72.4374089, 24,15.839, 4,14.478, 1,15.136, 2,14.005, 1,13.579, 2

15.444664,-72.562927,015.4446742, 17,-72.5629373, 85,      ,  ,      ,  ,      ,  ,      ,  ,      ,

15.456195,-72.095955,015.4561903, 13,-72.0959153, 13,13.737, 2,12.885, 1,13.290, 1,12.639, 0,12.379, 0

15.554542,-72.939476,015.5544736, 24,-72.9395103, 25,      ,  ,      ,  ,      ,  ,      ,  ,      ,

15.61304,-72.279282,015.6130392, 13,-72.2792950, 12,13.000, 1,12.785, 0,12.831, 0,12.775, 1,12.800, 2

15.645905,-72.505547,015.6459195, 15,-72.5055517, 20,      ,  ,      ,  ,      ,  ,      ,  ,      ,

15.646989,-72.192581,015.6469415, 16,-72.1925934, 16,15.498, 5,14.177, 1,14.821, 1,13.776, 1,13.399, 1

15.658785,-72.135178,015.6588230, 36,-72.1351628, 12,12.834, 1,12.766, 0,12.746, 2,12.843, 1,13.024, 1

15.664665,-71.832069,015.6646824, 16,-71.8320950, 16,      ,  ,      ,  ,      ,  ,      ,  ,      ,

15.664685,-72.301323,015.6646621, 21,-72.3013287, 17,      ,  ,      ,  ,      ,  ,      ,  ,      ,

15.666333,-72.190926,015.6663380, 14,-72.1909128, 12,      ,  ,      ,  ,      ,  ,      ,  ,      ,

15.705051,-72.156441,015.7050674, 17,-72.1564128, 14,13.706, 1,13.477, 0,13.547, 1,13.498, 1,13.522, 5

15.727274,-72.545883,015.7271627, 16,-72.5458934, 16,13.282, 1,13.216, 1,13.179, 2,13.253, 1,      ,

15.739019,-73.128609,015.7390150, 22,-73.1286662, 27,16.097, 5,14.683, 1,15.367, 1,14.175, 1,13.665, 4

15.752757,-72.503365,015.7527624, 13,-72.5033778, 13,13.475, 1,13.168, 1,13.292, 1,13.161, 2,13.146, 0

15.771704,-72.154785,015.7717524, 17,-72.1547689, 16,      ,  ,      ,  ,      ,  ,      ,  ,      ,

15.781884,-72.210083,015.7819439, 13,-72.2100925, 15,13.125, 1,12.996, 2,13.004, 1,13.034, 1,13.133, 1

15.787205,-71.930763,015.7871736, 12,-71.9307712, 12,15.130, 0,13.336, 0,14.196, 3,12.744, 2,12.106, 2

15.841267,-72.84407,015.8412703, 17,-72.8441014, 18,15.600, 0,14.249, 1,14.863, 4,13.794, 1,13.446, 1

15.856523,-72.042595,015.8565274, 13,-72.0426062, 13,13.486, 1,13.243, 1,      ,  ,      ,  ,      ,

15.898766,-72.283546,015.8987400, 13,-72.2835620, 14,13.524, 1,13.351, 1,13.396, 3,13.317, 0,13.339, 1

15.940762,-72.818794,015.9407571, 19,-72.8188509, 20,15.484, 4,14.108, 1,14.801, 1,13.641, 1,13.144, 1

15.947997,-72.071434,015.9479912, 12,-72.0714620, 12,12.977, 1,12.689, 5,12.792, 2,12.693, 1,12.764, 1

15.954565,-73.712296,015.9545542, 18,-73.7123828, 23,15.068, 2,13.632, 1,14.299, 1,13.254, 1,12.805, 3

15.977364,-72.827797,015.9774221, 45,-72.8277953, 33,      ,  ,      ,  ,      ,  ,      ,  ,      ,

15.993419,-71.90551,015.9933580, 11,-71.9055231, 14,13.193, 1,12.790, 0,12.925, 1,12.721, 2,12.760, 1

15.995159,-72.385849,015.9951524, 13,-72.3858275, 13,14.722, 5,13.483, 1,14.094, 0,13.068, 1,12.681, 1

16.024857,-73.818291,016.0248339, 35,-73.8182845, 14,13.371, 2,13.049, 3,13.173, 1,13.012, 1,13.000, 0

16.029622,-72.642746,016.0296489, 21,-72.6427189, 15,      ,  ,      ,  ,      ,  ,      ,  ,      ,

16.050177,-72.978088,016.0501074, 22,-72.9781178, 22,      ,  ,      ,  ,      ,  ,      ,  ,      ,

16.101214,-72.178276,016.1011677, 19,-72.1782628, 23,      ,  ,      ,  ,      ,  ,      ,  ,      ,

16.113623,-72.547836,016.1136036, 33,-72.5478145, 14,12.892, 0,12.821, 1,12.802, 1,12.892, 0,13.005, 2

16.180614,-71.649818,016.1805824, 15,-71.6498209, 15,15.566, 3,14.172, 1,14.868, 1,13.711, 4,13.246, 1

16.197788,-72.044441,016.1977995, 17,-72.0444439, 17,      ,  ,      ,  ,      ,  ,      ,  ,      ,

16.230061,-72.513527,016.2300236, 16,-72.5135425, 20,      ,  ,      ,  ,      ,  ,      ,  ,      ,

16.24057,-72.385185,016.2405589, 15,-72.3851720, 13,13.257, 1,13.096, 1,13.110, 1,13.101, 1,13.156, 1

16.264754,-72.108932,016.2647765, 13,-72.1089423, 13,13.612, 1,13.169, 1,13.357, 1,13.048, 2,12.908, 1

16.297483,-72.724457,016.2974924, 16,-72.7244745, 20,13.445, 1,13.387, 2,13.361, 2,13.517, 1,13.691, 2

16.299472,-71.72628,016.2994715, 13,-71.7262795, 13,      ,  ,      ,  ,      ,  ,      ,  ,      ,

16.382862,-72.763603,016.3829150, 18,-72.7635984, 18,15.719, 2,14.339, 2,14.986, 0,13.885, 1,13.419, 2

16.445653,-71.772797,016.4456724, 13,-71.7727812, 12,13.076, 2,13.014, 1,12.976, 1,13.005, 3,13.148, 1

16.457567,-72.369637,016.4576330, 14,-72.3696278, 14,13.819, 1,13.729, 1,13.715, 1,13.768, 1,13.891, 2

16.537387,-72.402466,016.5374471, 19,-72.4024720, 11,12.370, 1,12.363, 2,12.311, 1,12.460, 0,12.648, 0

16.553088,-72.631592,016.5531336, 12,-72.6315845, 24,13.056, 0,12.939, 1,12.959, 0,13.002, 0,13.144, 0

16.562863,-72.560211,016.5628750, 14,-72.5601959, 17,      ,  ,      ,  ,      ,  ,      ,  ,      ,

16.563437,-72.591248,016.5634339, 13,-72.5912367, 13,13.353, 1,13.158, 1,13.230, 1,13.190, 1,13.217, 4

16.571746,-72.462975,016.5717368, 14,-72.4629862, 13,13.189, 1,13.315, 2,13.190, 3,13.440, 3,13.698, 1

16.671322,-72.896004,016.6714512, 20,-72.8960100, 18,15.279, 1,14.360, 1,14.972, 3,13.998, 3,      ,

16.791081,-73.498528,016.7910968, 18,-73.4985595, 18,15.799, 2,14.467, 1,15.110, 1,14.110, 6,13.692, 3

16.823183,-73.22393,016.8232112, 19,-73.2239489, 25,15.016, 4,13.952, 3,14.468, 1,13.653, 3,13.331, 2

16.834747,-72.852707,016.8347083, 25,-72.8527050, 21,      ,  ,      ,  ,      ,  ,      ,  ,      ,

16.846935,-72.442535,016.8468865, 14,-72.4425684, 14,13.447, 1,13.373, 1,13.345, 1,13.453, 1,13.577, 4

16.875432,-72.409515,016.8753862, 16,-72.4095570, 17,15.490, 5,14.215, 2,14.830, 2,13.802, 1,13.362, 1

16.897636,-72.276939,016.8976242, 17,-72.2769287, 15,15.654, 1,14.274, 2,14.900, 2,13.853, 1,13.410, 2

16.956915,-72.214272,016.9568974, 12,-72.2142984, 12,13.423, 3,13.179, 1,13.249, 1,13.163, 1,13.162, 3

16.976536,-72.683044,016.9764568, 13,-72.6830828, 13,12.611, 1,12.531, 1,12.516, 1,12.638, 1,12.790, 1

16.982439,-72.673393,016.9823586, 17,-72.6734409, 22,15.255,13,14.069, 1,14.689, 1,13.674, 1,13.224, 3

17.022895,-72.14518,017.0229006, 12,-72.1452256, 12,13.117, 1,12.981, 1,12.983, 3,13.048, 1,13.136, 0

17.030683,-71.81395,017.0306827, 13,-71.8139731, 12,      ,  ,      ,  ,      ,  ,      ,  ,      ,

17.048329,-72.521729,017.0482665, 19,-72.5217617, 18,14.995, 1,13.903, 2,14.418, 2,13.595, 2,13.310, 3

17.051814,-71.691063,017.0518245, 11,-71.6910914, 13,13.072, 1,12.686, 1,12.833, 2,12.636, 2,12.573, 1

17.061598,-72.624634,017.0615530, 15,-72.6246484, 15,13.652, 1,13.237, 1,13.414, 0,13.116, 0,13.050, 2

17.063286,-72.503166,017.0631815, 14,-72.5031992, 14,      ,  ,      ,  ,      ,  ,      ,  ,      ,

17.121713,-72.45359,017.1214974, 14,-72.4536648, 15,      ,  ,      ,  ,      ,  ,      ,  ,      ,

17.226705,-73.999603,017.2265612, 17,-73.9995831, 19,16.055, 6,14.625, 1,15.310, 0,14.117, 7,13.747, 4

17.22848,-72.414505,017.2283789, 14,-72.4144659, 13,13.888,11,13.527, 5,13.705, 8,13.412, 0,13.261, 1

17.314073,-72.275597,017.3140615, 15,-72.2755667, 15,15.421, 3,14.012, 1,14.705, 2,13.555, 1,13.107, 2

17.321614,-71.556213,017.3216045, 18,-71.5562189, 16,      ,  ,      ,  ,      ,  ,      ,  ,      ,

17.334506,-71.411934,017.3345774, 22,-71.4119409, 17,      ,  ,      ,  ,      ,  ,      ,  ,      ,

17.354747,-72.260063,017.3547874, 20,-72.2600498, 14,15.370, 4,13.909, 2,14.643, 1,13.433, 1,13.005, 3

17.629456,-73.466484,017.6294386, 34,-73.4664892, 19,15.812,12,14.390, 2,15.064, 1,13.970, 2,13.538, 1

17.689535,-73.286728,017.6895253, 27,-73.2867534, 17,15.743, 1,14.288, 1,14.995, 1,13.876, 2,13.365, 1

17.793628,-73.086525,017.7935489, 14,-73.0865325, 14,13.908, 1,13.603, 1,13.717, 1,13.602, 2,13.556, 1

18.18153,-73.294205,018.1815509, 19,-73.2942259, 13,13.054, 1,12.944, 0,12.935, 0,12.993, 1,13.111, 1

18.234879,-73.533585,018.2349736, 27,-73.5336159, 21,15.783, 1,14.437, 1,15.093, 1,13.982, 1,13.536, 4

18.263969,-73.205635,018.2639636, 20,-73.2056998, 20,15.320, 4,13.998, 2,14.647, 1,13.593, 0,13.110, 2

18.325872,-73.363472,018.3258856, 14,-73.3635053, 14,14.154, 4,13.144, 1,13.634, 1,12.903, 0,12.597, 0

18.409569,-73.278755,018.4095783, 17,-73.2787750, 15,13.313, 0,13.184, 0,13.173, 1,13.341, 1,13.500, 4

18.6571,-71.876244,018.6570171, 17,-71.8762459, 17,15.426, 2,14.052, 3,14.661, 3,13.622, 0,13.176, 1

18.69335,-73.35096,018.6932906, 16,-73.3509806, 15,14.838, 0,13.709, 0,14.270, 1,13.260, 0,12.838, 1

18.752301,-73.799683,018.7523565, 31,-73.7997003, 28,15.797, 1,14.463, 1,15.137, 2,14.005, 2,13.525, 8

18.756336,-73.666168,018.7563974, 20,-73.6661650, 20,14.851, 4,13.908, 1,14.349, 3,13.597, 1,13.325, 2

18.861405,-73.337494,018.8614524, 15,-73.3375014, 15,      ,  ,      ,  ,      ,  ,      ,  ,      ,

18.869048,-73.260292,018.8690471, 12,-73.2603100, 12,12.954, 1,12.842, 2,12.846, 1,12.928, 1,13.030, 0

19.104533,-73.146667,019.1045359, 21,-73.1466695, 14,      ,  ,      ,  ,      ,  ,      ,  ,      ,

19.219859,-73.216873,019.2197836, 15,-73.2168995, 15,      ,  ,      ,  ,      ,  ,      ,  ,      ,

19.275741,-73.647217,019.2757795, 17,-73.6472103, 18,15.561, 6,14.101, 2,14.840, 1,13.634, 1,13.145, 2

19.3377,-73.595901,019.3377274, 15,-73.5959034, 15,13.779, 2,13.382, 1,13.520, 2,13.301, 1,13.220, 1

19.345612,-73.35466,019.3455924, 12,-73.3546737, 12,15.251, 0,13.745, 1,14.466, 1,13.315, 0,12.831, 1

19.363246,-72.677254,019.3632962, 13,-72.6772575, 13,14.835, 0,14.007, 1,14.412, 1,13.729, 1,13.350, 0

19.417553,-73.202896,019.4176639, 13,-73.2028748, 16,13.885, 0,13.620, 1,13.705, 1,13.628, 1,13.662, 4

19.435629,-73.481575,019.4356418, 14,-73.4815700, 14,15.328, 1,14.004, 1,14.619, 1,13.564, 1,13.141, 3

19.470878,-73.62368,019.4708545, 15,-73.6236606, 15,13.637,10,13.190, 4,13.348, 4,13.112, 4,13.022, 2

19.917681,-73.335297,019.9176706, 17,-73.3352862, 23,      ,  ,      ,  ,      ,  ,      ,  ,      ,

19.928189,-73.5327,019.9281574, 20,-73.5327006, 33,15.948, 5,14.511, 2,15.223, 2,14.060, 5,13.610, 1

68.923506,-72.361092,068.9234606, 15,-72.3610681, 15,12.955, 2,12.660, 2,12.745, 5,12.666, 2,12.660, 3

69.807742,-71.735428,069.8077548, 14,-71.7354006, 14,13.534, 6,13.012, 2,13.224, 7,12.893, 2,12.805, 4

70.332642,-70.115997,070.3326415, 20,-70.1160012, 20,15.910,20,14.307, 1,15.022, 1,13.817, 4,13.285, 1

70.510723,-70.524918,070.5106833, 23,-70.5249189, 23,      ,  ,      ,  ,      ,  ,      ,  ,      ,

70.779561,-70.458649,070.7795262, 31,-70.4586714, 23,13.267, 1,13.103, 1,13.122, 4,13.119, 1,13.198, 1

70.956826,-69.304626,070.9568606, 46,-69.3046525, 19,13.702, 1,13.511, 1,13.572, 1,13.562, 1,13.621, 1

71.327625,-69.27739,071.3276530, 20,-69.2774031, 19,      ,  ,      ,  ,      ,  ,      ,  ,      ,

71.40502,-70.251076,071.4050265, 23,-70.2510920, 21,14.454,30,13.466,16,13.939,24,13.181,14,13.108,34

71.533928,-68.915482,071.5339833, 20,-68.9154881, 20,15.937, 5,14.253, 1,15.063, 1,13.708, 1,13.238, 1

71.888462,-69.242455,071.8884353, 16,-69.2424670, 16,12.681, 1,12.463, 1,12.537, 1,12.490, 1,12.535, 1

71.975142,-69.179344,071.9751139, 16,-69.1793456, 16,12.619, 1,12.476, 1,12.514, 1,12.534, 1,12.611, 1

72.030049,-69.468002,072.0300598, 18,-69.4680073, 18,13.431, 1,13.265, 1,15.494,90,13.186,17,13.401, 1

72.255617,-68.976868,072.2555468, 27,-68.9768381, 20,14.263, 1,13.502, 1,13.874, 1,13.308, 1,13.082, 1

72.268664,-68.907272,072.2686071, 19,-68.9072612, 19,13.561, 1,13.210, 1,13.360, 1,13.162, 1,13.170, 1

72.30168,-69.456535,072.3016424,  3,-69.4565300,  3,10.649, 1,10.469, 1,10.595, 1,10.486, 1,10.579, 4

72.306186,-69.787003,072.3062312, 17,-69.7870014, 17,      ,  ,      ,  ,      ,  ,      ,  ,      ,

72.329389,-69.431839,072.3293936, 15,-69.4318237, 25,11.623, 1,11.518, 1,11.521, 1,11.585, 1,11.736, 4

72.47404,-69.754547,072.4741445, 17,-69.7545195, 16,      ,  ,      ,  ,      ,  ,      ,  ,      ,

72.485769,-69.755859,072.4858739, 16,-69.7558334, 16,      ,  ,      ,  ,      ,  ,      ,  ,      ,

72.513294,-68.259689,072.5133209, 20,-68.2596745, 23,14.739, 0,13.784, 1,14.251, 1,13.530, 1,13.181,16

72.569551,-69.969131,072.5695821, 18,-69.9690978, 17,      ,  ,      ,  ,      ,  ,      ,  ,      ,

72.572915,-69.397163,072.5729168, 19,-69.3971334, 17,12.959, 1,12.844, 1,12.859, 1,12.910, 1,13.004, 1

72.593866,-69.332047,072.5938598, 21,-69.3320173, 17,12.871, 1,12.705, 1,12.756, 1,12.775, 1,12.894, 1

72.654389,-69.99234,072.6544474, 17,-69.9923112, 17,      ,  ,      ,  ,      ,  ,      ,  ,      ,

72.662716,-69.983589,072.6627224, 38,-69.9835673, 38,      ,  ,      ,  ,      ,  ,      ,  ,      ,

72.667214,-69.712425,072.6673374, 18,-69.7123828, 31,13.402, 2,13.234, 4,13.232, 1,13.238, 1,13.202, 7

72.732719,-69.431274,072.7327180, 15,-69.4312509, 15,11.194, 1,10.672, 1,10.913, 1,10.588, 1,10.541, 2

72.782142,-70.277702,072.7820353, 17,-70.2776812, 35,12.429, 2,12.276, 2,12.289, 3,12.310, 0,12.368, 4

72.806542,-69.194733,072.8065830, 17,-69.1947309, 25,12.876, 0,12.698, 0,12.757, 0,12.745, 0,12.817, 0

72.810664,-68.962128,072.8106368, 23,-68.9621200, 19,13.495, 1,13.347, 1,13.399, 1,13.357, 1,13.114, 1

72.937831,-69.504936,072.9379389, 25,-69.5049564, 14,12.503, 1,12.276, 1,12.355, 1,12.307, 1,12.364, 1

72.937915,-69.77256,072.9378862, 16,-69.7724878, 19,12.743, 6,12.723, 6,12.679, 1,12.828, 1,12.961, 2

72.941734,-68.886284,072.9416489, 18,-68.8862373, 18,13.643, 1,13.123, 1,13.351, 1,12.987, 1,12.842, 1

72.976371,-69.024078,072.9763636, 19,-69.0240820, 32,12.875, 1,12.656, 1,12.732, 1,12.702, 1,12.757, 1

73.033181,-66.818192,073.0332227, 18,-66.8182056, 18,13.375, 2,13.122, 5,13.194, 0,12.985, 7,12.790, 3

73.039665,-70.505318,073.0396712, 13,-70.5053439, 36,12.659, 2,12.531, 5,12.511, 3,12.574, 2,12.638, 3

73.073257,-66.912819,073.0732386, 19,-66.9128259, 19,13.534, 2,13.331, 5,13.361, 2,13.316, 4,13.318, 9

73.080188,-69.078506,073.0801398, 14,-69.0785003, 14,11.911, 1,11.559, 1,11.706, 1,11.517, 1,11.466, 0

73.222376,-67.095154,073.2224145, 18,-67.0951620, 15,12.705, 3,12.561, 3,12.569, 2,12.616, 3,12.678, 6

73.245894,-69.880737,073.2459900, 15,-69.8807406, 15,15.040, 5,13.719, 3,14.302, 1,13.308, 1,12.961, 8

73.291444,-66.960022,073.2914271, 15,-66.9600214, 15,13.360, 1,13.239, 3,13.246, 1,13.277, 3,13.337, 4

73.297462,-68.648354,073.2973898, 23,-68.6483237, 23,12.832, 1,12.731, 1,12.755, 6,12.794, 2,12.950, 3

73.355576,-68.916763,073.3555603, 19,-68.9167273, 18,14.793, 1,13.244, 1,13.993, 1,12.785, 1,12.376, 2

73.394164,-67.078598,073.3942677, 14,-67.0785350, 14,12.135, 1,12.086, 3,12.041, 2,12.169, 3,12.301, 5

73.404957,-69.718651,073.4050230, 37,-69.7186014, 19,12.859, 3,12.616, 1,12.643, 1,12.609, 1,12.591, 3

73.422152,-69.073898,073.4221312, 17,-69.0738517, 27,13.148, 1,12.665, 1,12.899, 1,12.557, 1,12.460, 1

73.512351,-69.834541,073.5124700, 16,-69.8345300, 16,12.827, 2,12.672, 3,12.682, 2,12.690, 1,12.717, 6

73.523972,-69.765968,073.5240106, 19,-69.7659467, 19,13.526, 1,13.434, 1,13.370, 1,13.466, 1,13.575,10

73.566326,-66.301208,073.5663489, 17,-66.3012114, 17,13.556, 1,13.456, 2,13.420, 1,13.522, 2,13.607, 5

73.573663,-67.093658,073.5737359, 17,-67.0936159, 17,      ,  ,      ,  ,      ,  ,      ,  ,      ,

73.59903,-70.901611,073.5990706, 21,-70.9016020, 35,13.592,25,12.815, 4,13.544,38,12.845,33,12.574,19

73.645546,-66.646965,073.6454021, 18,-66.6469714, 19,12.812, 1,12.559, 1,12.642, 1,12.558, 1,12.652,17

73.672778,-69.4366,073.6728433, 68,-69.4365803, 16,12.616, 1,12.457, 1,12.494, 1,12.513, 1,12.604, 2

73.678207,-69.285744,073.6781974, 35,-69.2857053, 24,13.455, 1,13.359, 1,13.366, 1,13.430, 1,13.506, 1

73.691707,-68.962776,073.6916815, 29,-68.9627339, 16,12.336, 1,12.260, 1,12.238, 0,12.335, 0,12.469, 0

73.708893,-66.939491,073.7089415, 14,-66.9394620, 20,12.656, 3,12.596, 4,12.530, 2,12.647, 4,12.756, 6

73.738997,-66.752464,073.7389724,  3,-66.7524428,  3,10.844, 3,10.817, 3,10.783, 1,10.905, 1,11.082, 5

73.764138,-68.222588,073.7640948, 18,-68.2225564, 18,13.413, 2,13.151, 1,13.206, 5,13.153, 1,13.152, 2

73.770646,-69.798615,073.7706030, 18,-69.7985864, 18,13.583, 1,13.311, 4,13.345, 1,13.291, 3,13.204, 5

73.7762,-67.475845,073.7762583, 17,-67.4758231, 17,15.050, 2,14.000, 4,14.496, 5,13.651, 8,13.329,12

73.790355,-69.486183,073.7903580, 17,-69.4861712, 15,13.355, 0,13.128, 5,13.160, 3,13.095, 4,13.104, 0

73.83998,-67.436485,073.8400174,  5,-67.4364625,  3,11.318, 1,11.198, 2,11.248,10,11.225, 1,11.351, 4

73.887955,-67.338417,073.8879853, 15,-67.3383734, 19,12.802, 3,12.741, 1,12.696, 2,12.810, 3,12.940, 3

73.919471,-69.87233,073.9193486, 16,-69.8723220, 16,12.736, 2,12.685, 2,12.611, 2,12.749, 1,12.858, 6

73.970039,-69.706245,073.9700218, 53,-69.7062170, 18,12.544, 4,12.420, 4,12.388, 1,12.451, 3,12.488, 3

73.974836,-66.416481,073.9747953, 85,-66.4164912, 57,12.912, 1,12.788, 2,12.810, 3,12.826, 1,12.914, 3

73.978905,-69.725128,073.9789000, 17,-69.7251381, 48,13.199, 1,12.969, 5,12.979, 2,12.936, 6,12.967, 4

74.058839,-67.413483,074.0589524, 18,-67.4134617, 22,12.925, 2,12.806, 1,12.790, 1,12.848, 4,12.931, 4

74.063274,-66.20369,074.0633795, 16,-66.2037067, 16,13.152, 2,12.952, 2,13.006, 2,12.948, 1,13.012, 2

74.073144,-66.305267,074.0731362, 16,-66.3052675, 16,13.158, 2,13.053, 2,13.047, 1,13.096, 1,13.240, 4

74.108788,-69.673508,074.1088327, 17,-69.6734834, 16,      ,  ,      ,  ,      ,  ,      ,  ,      ,

74.114236,-67.933502,074.1143371, 14,-67.9335242, 14,12.737, 2,12.468, 2,12.554, 2,12.454, 4,12.486, 2

74.114566,-69.379623,074.1146474, 17,-69.3796620, 16,13.688, 1,12.910, 1,13.209, 4,12.692, 7,12.565,13

74.118794,-69.711594,074.1188480, 47,-69.7116114, 17,13.144, 3,13.061, 2,13.015, 2,13.142, 2,13.215, 6

74.127341,-66.302498,074.1273521, 17,-66.3025042, 17,13.383, 2,13.185, 2,13.223, 2,13.209, 2,13.276, 4

74.145976,-66.875214,074.1459748, 19,-66.8751975, 16,13.384, 2,13.138, 5,13.194, 2,13.133, 7,13.114, 4

74.147677,-68.25647,074.1476753, 26,-68.2564570, 20,15.259, 3,13.929, 1,14.522, 3,13.488, 4,13.129, 1

74.163857,-67.330376,074.1638583, 15,-67.3303520, 21,12.454, 2,12.396, 1,12.344, 1,12.474, 3,12.608, 5

74.166683,-69.698967,074.1666839, 16,-69.6989792, 17,12.582, 2,11.791, 1,12.104, 3,11.548, 4,11.354, 5

74.182526,-67.488174,074.1826942, 15,-67.4881620, 16,13.487, 1,13.448, 2,13.380, 1,13.531, 1,13.676, 2

74.213229,-66.530151,074.2131474, 28,-66.5301823, 42,12.890, 3,12.818, 1,12.808, 2,12.884, 2,13.022, 5

74.227917,-67.086021,074.2279456, 20,-67.0859759, 40,13.108, 1,12.674, 4,12.840, 1,12.575, 4,12.503, 2

74.231543,-67.486946,074.2316812, 17,-67.4869570, 20,15.705, 1,14.387, 1,14.983, 3,13.706, 2,13.511, 1

74.257486,-67.995209,074.2574718, 15,-67.9951625, 15,14.134,20,13.082, 9,13.573,14,12.768, 6,12.504, 2

74.284954,-67.046066,074.2849480, 15,-67.0460792, 14,13.089, 2,12.873, 3,12.906, 2,12.876, 5,12.868, 6

74.286438,-66.866669,074.2863356, 24,-66.8666300, 18,15.586, 3,14.131, 7,14.781, 3,13.648, 6,13.199, 5

74.290445,-67.022011,074.2903715, 18,-67.0220131, 19,13.742, 4,13.680, 4,13.610, 1,13.743, 5,13.891, 7

74.295525,-67.340118,074.2955753, 16,-67.3401170, 16,13.228, 4,13.104, 1,13.107, 3,13.167, 2,13.252, 2

74.320065,-68.410988,074.3200006, 13,-68.4109653, 16,11.257,13,11.104, 1,11.175, 1,11.142, 1,11.351,10

74.353067,-68.844727,074.3531365,103,-68.8446534,119,      ,  ,      ,  ,      ,  ,      ,  ,      ,

74.420186,-66.786026,074.4201236, 15,-66.7860306, 15,15.017, 1,13.703, 1,14.316, 1,13.279, 1,12.924, 8

74.432613,-66.857719,074.4325474, 34,-66.8577117, 15,13.445, 5,13.358, 6,13.319, 1,13.395, 5,13.444, 6

74.434938,-69.521049,074.4349474, 23,-69.5210475, 16,13.293, 2,13.153, 1,13.153, 1,13.208, 1,13.272, 2

74.437683,-65.708374,074.4377009, 15,-65.7083720, 22,14.052, 6,13.254, 0,13.610, 2,13.013, 1,12.823, 2

74.445788,-69.215889,074.4458374, 16,-69.2159314, 15,14.912, 5,13.483, 1,14.107, 0,13.091, 4,12.711, 4

74.447295,-69.391327,074.4472424, 18,-69.3913395, 17,      ,  ,      ,  ,      ,  ,      ,  ,      ,

74.467946,-69.392502,074.4678798, 39,-69.3925037, 32,11.758, 3,11.531, 1,11.619, 0,11.545, 0,11.379, 0

74.489212,-69.538612,074.4893130, 15,-69.5385834, 36,12.619, 7,12.556, 0,12.525, 1,12.646, 1,12.772, 1

74.512659,-68.906418,074.5127036, 14,-68.9064231, 14,13.108, 3,12.899, 1,12.937, 2,12.923, 1,13.008, 2

74.523225,-69.454338,074.5233009, 16,-69.4542962, 16,14.011,59,13.054,27,13.509,41,12.786,21,12.538, 9

74.527298,-67.241653,,,,,,,,,,,,,,

74.537554,-67.306412,074.5376618, 14,-67.3064187, 14,13.408, 4,13.328, 1,13.282, 3,13.417, 4,13.476, 5

74.565514,-70.532059,074.5656468, 41,-70.5320509, 42,      ,  ,      ,  ,      ,  ,      ,  ,      ,

74.636575,-70.346024,074.6366512, 15,-70.3460367, 15,13.739,63,12.877,34,13.411,50,12.730,28,12.472,15

74.668893,-70.527405,074.6689615, 16,-70.5274003, 20,13.063, 1,13.056, 1,12.970, 2,13.178, 2,13.354, 3

74.676973,-69.690598,074.6769159, 18,-69.6905714, 18,15.172, 7,13.461, 2,14.231, 6,12.961, 3,12.450, 1

74.714423,-67.052444,074.7144845, 16,-67.0524656, 16,13.178, 3,13.170, 6,13.073, 2,13.255, 6,13.394,10

74.717101,-69.425728,074.7171486, 18,-69.4256739, 17,13.044, 2,12.768, 1,12.835, 2,12.751, 3,12.748, 1

74.834295,-68.843079,074.8343180, 16,-68.8430378, 14,13.431, 1,12.909, 1,13.128, 0,12.821, 0,12.765, 3

74.921413,-69.4561,074.9214324, 31,-69.4560945, 19,14.847,30,13.809,20,14.217,31,13.478,19,13.067,30

74.931386,-68.523003,074.9314368, 15,-68.5229939, 15,12.146, 3,11.443, 2,11.755, 0,11.262, 0,11.125, 3

74.952992,-67.818863,074.9530859, 14,-67.8188317, 14,12.652, 3,12.547, 2,12.529, 2,12.613, 2,12.717, 2

74.964046,-70.222679,074.9640350, 14,-70.2227131, 28,12.713, 2,12.628, 2,12.580, 3,12.708, 2,12.821, 2

74.998596,-67.085793,074.9985900, 13,-67.0857964, 14,13.417, 1,13.113, 4,13.184, 1,13.071, 4,13.031, 3

75.031533,-68.449997,075.0315050, 36,-68.4500192, 19,13.860,29,12.379,28,13.082,31,11.902,28,11.315, 4

75.04305,-67.152191,075.0430315, 17,-67.1522089, 17,13.644, 4,13.561, 5,13.519, 3,13.599, 4,13.639,11

75.133394,-67.940735,075.1333730, 17,-67.9407550, 17,13.395, 5,13.322, 3,13.286, 4,13.395, 1,13.517, 1

75.136946,-70.496994,075.1370250, 26,-70.4970262, 14,12.614, 2,12.616, 2,12.522, 2,12.745, 1,12.955, 6

75.158007,-67.764633,075.1581274, 15,-67.7646334, 15,13.279, 4,13.146, 1,13.140, 3,13.174, 2,13.250, 4

75.206093,-68.119324,075.2060998, 24,-68.1193659, 25,12.891,99,12.815,99,      ,  ,      ,  ,      ,

75.206554,-68.434021,075.2065095, 26,-68.4339984, 19,13.346, 2,13.259, 1,13.217, 1,13.306, 2,13.433, 2

75.209047,-69.642174,075.2090133, 18,-69.6421512, 17,13.154, 3,13.017, 1,12.986, 3,13.100, 1,13.209, 2

75.229871,-66.637321,075.2298124, 15,-66.6373189, 16,13.687,87,12.981,62,13.533,84,12.973,61,12.622,34

75.24744,-66.644096,075.2474177, 15,-66.6440764, 81,13.576, 4,13.488, 2,13.449, 1,13.556, 2,13.738, 7

75.255055,-66.10524,075.2550018, 14,-66.1052445, 14,13.046, 4,12.969, 2,12.932, 0,13.040, 1,13.174, 4

75.343363,-70.258026,075.3432592, 17,-70.2580398, 17,12.891, 4,12.924, 1,12.815, 1,13.065, 5,13.260, 2

75.380222,-66.954361,075.3802224, 21,-66.9543587, 19,15.290, 4,13.920,10,14.554, 1,13.426, 1,13.090,10

75.386393,-68.220688,075.3863898, 19,-68.2206545, 21,12.679, 1,12.546, 1,12.547, 1,12.568, 1,12.648, 1

75.461606,-69.414696,075.4617068, 21,-69.4147106, 20,13.632, 5,13.517, 3,13.503, 1,13.623, 1,13.704, 1

75.480705,-70.525101,075.4806800, 25,-70.5250945, 18,13.742, 5,13.368, 4,13.515, 6,13.169, 4,12.947,10

75.508911,-70.1511,075.5089574, 17,-70.1510884, 17,12.916, 3,12.815, 1,12.772, 2,12.895, 2,13.001, 3

75.57528,-66.10759,075.5752509, 16,-66.1075831, 36,      ,  ,      ,  ,      ,  ,      ,  ,      ,

75.744805,-65.93792,075.7448633, 13,-65.9378645, 17,12.669, 3,12.502, 1,12.520, 1,12.517, 4,12.574, 4

75.767477,-70.950439,075.7674724, 29,-70.9504348, 20,13.465, 1,13.334, 2,13.321, 5,13.388, 3,13.515, 5

75.783619,-66.230949,075.7836780, 23,-66.2309825, 18,14.036,40,13.172,23,13.677,29,13.016,17,12.751,10

75.792006,-70.16497,075.7920224, 16,-70.1649603, 16,      ,  ,      ,  ,      ,  ,      ,  ,      ,

75.849929,-68.925583,075.8499568, 13,-68.9255745, 13,12.585, 2,12.476, 2,12.450, 0,12.560, 0,12.694, 1

75.936254,-69.100464,075.9362827, 18,-69.1004620, 24,12.587, 6,12.505, 5,12.478, 3,12.594, 4,12.711, 2

75.951584,-66.133018,075.9516448, 16,-66.1329875, 15,15.364, 6,13.693, 2,14.464, 3,13.173, 3,12.683, 5

75.956276,-68.934052,075.9563027, 28,-68.9340409, 17,14.031,27,13.291,13,13.614,16,13.121, 4,12.949, 4

76.021395,-69.018661,076.0215024, 23,-69.0186245, 23,13.443, 3,13.214, 4,13.288, 1,13.262, 2,13.255, 1

76.04151,-67.330482,076.0415083, 17,-67.3304892, 14,11.782, 7,11.773, 4,11.724, 1,11.832, 1,11.989, 4

76.051742,-67.416496,076.0517142, 15,-67.4165156, 14,13.372, 5,13.170, 1,13.228, 1,13.223, 1,13.179, 1

76.059927,-66.431381,,,,,,,,,,,,,,

76.064453,-69.026779,076.0645677, 25,-69.0266981, 22,14.089, 3,13.449, 1,13.735, 1,13.271, 1,13.198, 1

76.149149,-68.748634,076.1491274, 19,-68.7486212, 21,12.313, 4,12.127, 3,12.155, 0,12.118, 4,12.201, 3

76.167037,-68.949463,076.1671100, 19,-68.9494125, 25,13.103, 1,12.981, 1,12.961, 1,13.055, 1,13.228, 1

76.209054,-68.13121,076.2090418, 18,-68.1312170, 13,12.055, 4,12.074, 4,11.974, 6,12.152, 7,12.335, 3

76.217287,-69.062897,076.2174012, 18,-69.0628295, 18,13.413, 3,12.727, 3,13.056, 1,12.594, 1,12.437, 1

76.229829,-68.551895,076.2298174, 17,-68.5519170, 16,13.616, 3,13.301, 2,13.397, 1,13.270, 1,13.246, 3

76.229918,-68.967377,076.2299883, 25,-68.9673192, 19,13.812, 4,13.302, 4,13.518, 4,13.190, 4,13.110, 5

76.304923,-68.553238,076.3049409, 22,-68.5532409,149,12.692, 1,12.592, 1,12.572, 3,12.662, 2,12.771, 2

76.336289,-70.741852,076.3363118, 14,-70.7418742, 14,11.403, 3,11.369, 5,11.376,12,11.456, 5,11.673,15

76.341489,-67.120789,076.3414780, 14,-67.1207387, 13,12.689, 3,12.472, 2,12.514, 1,12.497, 1,12.504, 1

76.371157,-68.965065,076.3711939, 19,-68.9650281, 18,13.760, 3,13.655, 2,13.633, 1,13.736, 4,13.871,10

76.424819,-67.751686,076.4247792, 13,-67.7516734, 22,12.533, 3,12.341, 1,12.375, 2,12.357, 5,12.429, 7

76.474828,-68.180702,076.4749109, 13,-68.1807014, 16,12.058,29,12.075,26,11.804, 1,11.964, 1,12.276,22

76.492217,-70.534889,076.4921774, 23,-70.5349017, 14,11.896, 4,10.987, 2,11.440,11,10.765, 2,10.633, 9

76.536993,-71.25724,076.5368883, 13,-71.2572612, 41,14.048,73,13.005,46,13.369,61,12.647,40,12.528,32

76.568824,-68.368561,076.5688224, 14,-68.3685728, 14,15.215, 3,13.517, 1,14.295, 4,13.038, 1,12.597, 4

76.580081,-71.470123,076.5800686, 32,-71.4701075, 22,13.220, 4,12.989, 3,13.040, 5,12.970, 4,13.080, 8

76.595263,-69.819595,076.5952924, 18,-69.8195912, 17,13.567, 4,13.395, 3,13.407, 3,13.511,10,13.529, 3

76.614421,-68.511215,076.6144330, 14,-68.5112350, 16,12.111, 1,11.834, 3,11.924, 5,11.799, 4,11.801, 4

76.614966,-68.364449,076.6150150, 19,-68.3644481, 19,      ,  ,      ,  ,      ,  ,      ,  ,      ,

76.63928,-68.363991,076.6392848, 22,-68.3639884, 23,12.255, 4,11.916, 6,12.151, 5,11.746, 4,11.597, 1

76.68745,-68.346352,076.6874680, 14,-68.3463434, 14,13.112, 2,12.946, 1,12.964, 1,12.956, 1,13.051, 8

76.690052,-68.986404,076.6901145, 26,-68.9863370, 18,13.161, 3,12.864, 2,12.944, 2,12.843, 4,12.833, 3

76.693142,-69.049408,076.6932439, 81,-69.0494809, 18,13.187, 2,12.748, 1,12.920, 2,12.660, 0,12.557, 3

76.69987,-70.037064,076.6998768, 16,-70.0370284, 16,14.011,61,12.976,41,13.417,49,12.719,38,12.382,35

76.782532,-68.888756,076.7825945, 15,-68.8887325, 18,15.036,28,13.806,36,14.366,34,13.461,33,13.151,34

76.814063,-70.200775,076.8140715, 18,-70.2008020, 21,14.046, 5,13.283, 0,13.595, 2,13.119, 1,13.004,15

76.816581,-68.883507,076.8165871, 25,-68.8834839, 18,13.165,24,12.256,17,12.673,20,12.004,13,11.793, 9

76.828802,-68.427116,076.8288592, 20,-68.4270992, 12,13.008, 3,12.778, 1,12.816, 1,12.778, 3,12.782, 4

76.833749,-70.454239,076.8337574, 52,-70.4542462, 16,14.031,48,13.207,36,13.547,43,12.989,30,12.882,21

76.871172,-68.311821,076.8712180, 18,-68.3118587, 13,12.915, 2,12.817, 1,12.795, 2,12.859, 1,12.982, 3

76.878954,-65.3396,076.8789418, 14,-65.3395714, 14,13.039, 4,12.908, 1,12.897, 2,12.972, 4,13.062, 3

76.938948,-69.162407,076.9390089, 19,-69.1624348, 18,      ,  ,      ,  ,      ,  ,      ,  ,      ,

76.976827,-69.458702,076.9769115, 50,-69.4586431, 37,13.305, 1,13.103, 1,13.117, 1,13.134, 1,13.187, 1

76.977897,-68.676727,076.9779056, 42,-68.6767075, 17,13.134, 1,12.992, 0,12.977, 1,13.061, 3,13.154, 5

76.998653,-66.655083,076.9985859, 27,-66.6550398, 15,13.225, 5,13.055, 2,13.069, 3,13.112, 2,13.208, 5

77.004271,-67.097099,077.0042189, 24,-67.0971056, 42,12.900, 6,12.664, 3,12.751, 0,12.625, 0,12.628, 1

77.02987,-66.98938,077.0298568, 21,-66.9893942, 33,13.074, 2,13.061, 5,12.999, 1,13.136, 1,13.326, 2

77.076109,-68.779739,077.0759636, 14,-68.7797317, 19,13.839,73,13.081,48,13.441,43,12.870,26,12.629,17

77.160077,-67.785843,077.1599421, 14,-67.7858564, 16,12.874, 4,12.781, 1,12.763, 2,12.866, 3,12.969, 2

77.242485,-68.48764,077.2424403, 14,-68.4876728, 14,13.440, 3,12.846, 3,13.091, 1,12.691, 2,12.557, 3

77.286327,-68.985405,077.2861918, 14,-68.9853912, 21,12.991, 1,12.312, 2,12.607, 1,12.151, 3,12.041, 4

77.333966,-70.457497,077.3339006, 26,-70.4575098, 14,13.976,21,13.003,16,13.431,17,12.748,16,12.520,28

77.357488,-70.553963,077.3574548, 20,-70.5539900, 50,13.073, 3,13.001, 3,12.949, 3,13.094, 3,13.312,16

77.366182,-68.85215,077.3661356, 18,-68.8521312, 18,      ,  ,      ,  ,      ,  ,      ,  ,      ,

77.418324,-71.04985,077.4182445, 23,-71.0498931, 18,15.159, 6,13.661, 2,14.347, 3,13.173, 3,12.836, 9

77.472865,-68.612206,077.4728324, 18,-68.6121909, 24,13.560, 3,13.413, 3,13.410, 1,13.460, 3,13.563, 3

77.504119,-68.902481,077.5041239, 49,-68.9024228, 23,12.694, 4,12.317, 3,12.446, 2,12.238, 2,12.255, 2

77.527956,-67.315636,077.5280786, 16,-67.3156198, 16,13.723, 4,13.624, 1,13.610, 3,13.709, 0,13.837, 4

77.544668,-68.243187,077.5446674, 33,-68.2432053, 15,12.689, 2,12.397, 1,12.471, 1,12.370, 2,12.381, 5

77.579111,-65.274826,077.5791250, 17,-65.2748328, 21,13.435, 4,13.382, 1,13.316, 1,13.487, 4,13.648, 3

77.660807,-69.715027,077.6609677, 51,-69.7150531, 65,      ,  ,      ,  ,      ,  ,      ,  ,      ,

77.770308,-70.243507,077.7703571, 50,-70.2435445, 37,13.710, 4,12.904, 2,13.278, 3,12.705, 2,12.507, 3

77.773078,-68.018791,,,,,,,,,,,,,,

77.904951,-69.304825,077.9050142, 24,-69.3048150, 31,16.351,71,13.967, 5,14.835, 1,13.481, 1,13.014, 1

77.946825,-69.4328,077.9469100, 70,-69.4327673, 70,      ,  ,      ,  ,      ,  ,      ,  ,      ,

77.960234,-69.351288,077.9603330, 20,-69.3512870, 18,13.483, 1,13.308, 1,13.315, 1,13.341, 1,13.407, 1

77.964982,-70.576408,077.9649462, 15,-70.5764103, 20,13.313, 4,13.136, 1,13.156, 1,13.170, 4,13.342,19

77.966916,-67.166054,077.9670018, 13,-67.1660381, 12,12.621, 3,12.269, 3,12.430, 3,12.125, 1,11.954, 1

78.028352,-67.198875,078.0284427, 31,-67.1988734, 14,13.378, 4,13.335, 1,13.282, 2,13.410, 1,13.543, 1

78.141871,-65.826668,078.1418315, 14,-65.8267003, 23,13.281, 1,13.176, 1,13.163, 2,13.237, 1,13.349, 4

78.197533,-69.23555,078.1975524, 20,-69.2355525, 23,13.652, 2,13.571, 2,13.535, 1,13.689, 5,      ,

78.22591,-69.236984,078.2259374, 46,-69.2369823, 42,13.325, 1,13.208, 2,13.193, 1,13.265, 2,13.344, 5

78.285377,-70.139542,078.2853533, 17,-70.1395562, 17,14.823, 2,13.061, 9,13.886, 4,12.516, 6,12.007, 5

78.316665,-67.296463,078.3166768, 14,-67.2964525, 14,11.846, 2,11.731, 0,11.748, 4,11.761, 2,11.873, 2

78.319998,-69.556137,078.3200559, 29,-69.5561570, 24,      ,  ,      ,  ,      ,  ,      ,  ,      ,

78.37822,-69.539902,078.3782562,  3,-69.5399059,  3,10.782, 1,10.656, 1,10.628, 1,10.732, 1,10.841, 1

78.42998,-68.964081,078.4300042, 25,-68.9641184, 21,15.582, 1,13.987, 6,14.734, 2,13.446, 5,13.003, 3

78.454106,-67.446625,078.4541818, 41,-67.4466214, 77,13.449, 5,13.310, 5,13.302, 1,13.277, 1,13.366, 1

78.471043,-67.376289,078.4710789, 14,-67.3762820, 14,11.720, 4,11.403, 1,11.533, 2,11.358, 2,11.339, 2

78.473614,-67.063515,078.4736350, 14,-67.0634567, 15,13.233,74,12.379,38,12.761,56,12.135,28,11.941,18

78.507998,-67.451942,078.5080083, 20,-67.4519645, 16,11.431, 2,11.330, 1,11.408,14,11.370, 2,11.487, 2

78.518418,-67.264061,078.5184327, 13,-67.2640437, 13,11.701, 2,11.457, 1,11.579, 9,11.451, 2,11.501, 1

78.546107,-69.543488,078.5460180, 42,-69.5435148, 13,11.400, 1,11.125, 1,11.180, 1,11.153, 1,11.200, 1

78.56421,-68.978951,078.5642183, 25,-68.9790239, 22,14.923, 2,14.311, 6,14.591, 2,14.121, 8,13.938, 5

78.578573,-67.263702,078.5786268, 13,-67.2637181, 14,13.860, 1,12.195, 2,12.986, 3,11.666, 0,11.201, 2

78.870786,-66.810394,078.8707730, 14,-66.8104023, 32,13.269, 2,12.545, 2,12.859, 1,12.361, 3,12.300, 3

78.901303,-69.431702,078.9013153, 32,-69.4317428, 22,      ,  ,      ,  ,      ,  ,      ,  ,      ,

78.933622,-68.991867,078.9335848, 39,-68.9918728, 30,13.140, 4,12.988, 3,12.983, 1,13.024, 7,13.077, 4

79.075968,-67.240059,079.0759668, 28,-67.2400495, 14,12.474, 3,12.352, 1,12.340, 1,12.403, 3,12.478, 2

79.170383,-69.656197,079.1706168, 69,-69.6562620, 69,      ,  ,      ,  ,      ,  ,      ,  ,      ,

79.386792,-69.752083,079.3868265, 14,-69.7520887, 14,11.944, 7,11.840, 1,11.804, 2,11.885, 1,11.971, 3

79.434664,-69.342567,079.4346798, 17,-69.3425912, 28,13.169, 1,13.137, 1,13.031, 1,13.236, 1,13.435, 1

79.554313,-69.874611,079.5543118, 28,-69.8746314, 16,13.033, 6,12.929, 1,12.892, 0,12.992, 0,13.096, 1

79.557173,-68.49041,079.5572133, 19,-68.4904198, 20,13.160, 2,12.965, 2,12.986, 1,12.980, 4,13.005, 3

79.579719,-68.718452,079.5797559, 29,-68.7184509, 16,13.466, 4,13.094, 4,13.228, 1,13.013, 3,12.972, 2

79.593344,-69.545151,079.5933745, 16,-69.5451537, 19,      ,  ,      ,  ,      ,  ,      ,  ,      ,

79.594847,-69.488861,079.5948277, 17,-69.4888778, 16,13.068, 1,12.896, 1,12.905, 1,12.984, 1,12.937, 1

79.604903,-69.686317,079.6048627, 19,-69.6863223, 28,12.992, 7,12.961, 1,12.890, 2,13.055, 2,13.143, 5

79.712597,-72.120125,079.7125574, 15,-72.1201442, 16,14.864, 5,13.432, 2,14.094, 2,13.006, 4,12.664, 4

79.815808,-68.934425,079.8158039, 21,-68.9344262, 16,14.750, 8,13.331, 7,14.034, 4,12.830, 7,12.336, 3

79.846065,-65.858719,,,,,,,,,,,,,,

80.009071,-68.063393,080.0090789, 14,-68.0633931, 14,13.076, 2,11.960, 0,12.463, 1,11.666, 3,11.439, 0

80.035374,-68.918663,080.0354080, 16,-68.9186723, 15,13.195, 2,12.852, 5,12.935, 1,12.796, 1,12.786, 5

80.095831,-69.038193,080.0958759, 15,-69.0382112, 18,14.331, 2,13.194, 1,13.601, 1,      ,  ,      ,

80.105058,-69.498871,080.1050639, 66,-69.4988812, 14,13.411, 2,13.342, 1,13.248, 1,13.403, 1,13.574, 1

80.180023,-69.487755,080.1800586, 13,-69.4877698, 13,13.284, 1,13.221, 1,13.115, 1,13.220, 1,13.252, 9

80.265148,-68.048332,080.2651324, 25,-68.0483514, 15,12.639, 3,12.501, 1,12.518, 1,12.538, 1,12.592, 2

80.313532,-69.444946,080.3135527, 12,-69.4449403, 22,11.361, 1,11.297, 1,11.231, 1,11.416, 1,11.596, 1

80.325135,-69.513069,080.3251256, 13,-69.5130892, 13,13.534, 1,13.167, 1,13.252, 1,13.092, 1,13.078, 1

80.325806,-66.908684,080.3258003, 18,-66.9087025, 25,13.033, 1,12.875, 1,12.878, 1,12.858, 1,12.907, 0

80.54487,-69.096001,080.5449118, 19,-69.0960253, 37,12.766, 4,12.642, 4,12.629, 1,12.663, 3,12.725, 7

80.574008,-69.353386,080.5739921, 31,-69.3534192, 26,13.404, 1,13.322, 1,13.262, 1,13.403, 1,13.556, 1

80.590077,-69.404907,080.5900674, 41,-69.4049214, 15,12.762, 1,12.550, 1,12.556, 1,12.562, 1,12.607, 1

80.629679,-65.371346,080.6297262, 32,-65.3713262, 22,13.565, 3,12.846, 2,13.178, 1,12.676, 3,12.469, 2

80.637892,-68.277718,080.6379133, 22,-68.2777292, 17,12.997, 1,12.938, 1,12.891, 1,13.006, 1,13.133, 2

80.648671,-68.899925,080.6487303, 16,-68.8999245, 16,13.674, 5,13.226, 6,13.413, 0,13.069, 5,12.912, 4

80.743821,-65.801697,080.7438900, 16,-65.8016995, 44,13.209, 0,13.008, 1,13.060, 2,13.024, 0,13.064, 2

80.802722,-68.781891,080.8027386, 16,-68.7819512, 23,13.092, 3,13.026, 5,12.984, 1,13.065, 4,13.130, 4

80.84795,-69.656616,080.8478580, 39,-69.6566164, 13,12.837, 6,12.651, 2,12.658, 5,12.704, 3,12.754, 4

80.906945,-68.777267,080.9070100, 19,-68.7773148, 19,15.799, 3,14.258, 2,15.013, 8,13.767, 8,13.222, 3

80.984144,-65.937645,080.9842889, 19,-65.9377106, 18,15.662, 6,14.021, 2,14.875, 4,13.495, 2,12.984, 1

80.987903,-69.777115,,,,,,,,,,,,,,

80.988021,-69.776245,080.9877833, 50,-69.7762773, 36,16.332,19,14.929, 1,      ,  ,      ,  ,13.484,11

81.00443,-71.160744,081.0044277, 43,-71.1609084, 42,      ,  ,      ,  ,      ,  ,      ,  ,      ,

81.007614,-69.85527,081.0075974, 15,-69.8552673, 15,      ,  ,      ,  ,      ,  ,      ,  ,      ,

81.067416,-69.658638,081.0673674, 15,-69.6586356, 21,15.207, 2,13.677, 4,14.413, 9,13.214, 5,12.733, 2

81.086366,-67.662697,081.0863665, 19,-67.6627064, 19,15.664, 1,14.198, 2,14.894, 1,13.709, 1,13.267, 1

81.107683,-69.514938,081.1077068, 16,-69.5149695, 16,      ,  ,      ,  ,      ,  ,      ,  ,      ,

81.121322,-72.285049,081.1213798, 17,-72.2850467, 17,14.433,65,13.668,35,14.002,48,13.445,26,13.205,12

81.135044,-68.498512,081.1351368, 22,-68.4985337, 14,14.627, 5,13.032, 1,13.808, 6,12.559, 5,12.122, 1

81.156232,-69.532639,081.1562439, 16,-69.5326525, 14,13.428, 3,13.284, 1,13.292, 4,13.313, 3,13.379, 1

81.184848,-69.630096,081.1849074, 14,-69.6301231, 23,12.384, 5,12.173, 1,12.210, 1,12.195, 2,12.244, 2

81.271244,-72.03624,081.2711777, 18,-72.0362634, 37,14.280, 3,14.014, 1,14.083, 1,13.999, 3,14.031, 7

81.279504,-66.04464,081.2794477, 18,-66.0446125, 67,13.349, 2,13.288, 2,13.259, 1,13.338, 1,13.429, 1

81.284448,-67.644135,081.2844409, 16,-67.6441548, 38,13.796, 5,12.652, 4,13.191, 4,12.332, 5,12.042, 3

81.294778,-66.265808,081.2948198, 17,-66.2658020, 18,13.157, 3,12.965, 1,13.003, 1,13.005, 3,13.060, 4

81.320819,-69.582993,081.3209245, 16,-69.5829775, 14,      ,  ,      ,  ,      ,  ,      ,  ,      ,

81.351781,-66.568855,081.3518162, 20,-66.5688548, 24,14.327, 4,13.626, 1,13.987, 2,13.420, 1,13.240, 3

81.353718,-69.862534,081.3536986, 17,-69.8625481, 15,      ,  ,      ,  ,      ,  ,      ,  ,      ,

81.401093,-69.037949,081.4011171, 18,-69.0379428, 19,14.778, 6,13.925, 5,14.388, 1,13.609, 1,      ,

81.40648,-65.975014,081.4064824, 18,-65.9749995, 15,13.408, 1,13.274, 1,13.285, 0,13.336, 2,13.439, 5

81.421781,-69.241486,081.4218027, 13,-69.2414848, 13,13.182, 1,12.489, 1,12.761, 1,12.318, 1,12.172, 1

81.460458,-66.405823,081.4604862, 33,-66.4057939, 22,      ,  ,      ,  ,      ,  ,      ,  ,      ,

81.495743,-66.038406,081.4957409, 44,-66.0383803, 18,13.307, 1,13.184, 1,13.179, 1,13.219, 2,13.315, 1

81.505768,-66.761322,081.5057221, 15,-66.7613267, 22,12.818, 5,12.711, 2,12.742, 6,12.816, 4,12.938, 2

81.574316,-66.050484,081.5743324, 37,-66.0504787, 22,      ,  ,      ,  ,      ,  ,      ,  ,      ,

81.600296,-68.04702,081.6002230, 18,-68.0470739, 19,14.448, 1,13.374, 1,13.945, 1,12.985, 1,      ,

81.662074,-69.423714,081.6620674, 14,-69.4237139, 14,13.944, 2,13.329, 1,13.643, 1,13.009, 1,12.680, 1

81.681947,-65.962448,081.6819153, 20,-65.9624753, 24,13.073, 3,12.860, 3,12.921, 1,12.900, 1,12.964, 5

81.721598,-69.044411,081.7215662, 15,-69.0443867, 15,13.257, 6,13.184, 2,13.137, 1,13.283, 1,13.391, 1

81.732915,-69.980225,081.7328389, 17,-69.9802181, 17,14.074,81,13.348,56,13.659,68,13.151,49,13.000,43

81.74923,-69.082756,081.7493145, 15,-69.0827800, 14,13.599, 4,13.296, 2,13.401, 1,13.300, 1,      ,

81.76531,-66.011261,081.7653353, 18,-66.0112670, 14,13.314, 1,13.206, 0,13.206, 3,13.264, 1,13.286, 3

81.775145,-66.746681,081.7751856, 15,-66.7467017, 50,      ,  ,      ,  ,      ,  ,      ,  ,      ,

81.879173,-66.582611,081.8791492, 18,-66.5825964, 19,13.520, 2,13.446, 1,13.437, 0,13.534, 1,13.706, 3

81.953638,-66.03801,081.9536680, 17,-66.0380053, 19,13.548, 3,13.290, 2,13.374, 2,13.316, 1,13.317, 0

81.97569,-68.328835,081.9756077,121,-68.3287989,127,      ,  ,      ,  ,      ,  ,      ,  ,      ,

81.978051,-68.328995,,,,,,,,,,,,,,

82.070179,-69.104988,082.0701553, 14,-69.1049939, 15,13.808, 2,13.333, 1,13.526, 1,13.255, 1,13.199, 1

82.091548,-67.296677,082.0915459, 15,-67.2966870, 16,13.133, 1,13.222, 1,      ,  ,      ,  ,      ,

82.110799,-66.517159,082.1107739, 26,-66.5171292, 20,13.048, 3,12.867, 4,12.917, 1,12.880, 0,12.957, 1

82.133568,-69.200859,082.1334815, 22,-69.2008689, 13,12.333, 1,12.278, 1,      ,  ,      ,  ,      ,

82.140347,-69.147591,082.1402586, 15,-69.1476128, 16,13.221, 2,13.174, 1,      ,  ,      ,  ,      ,

82.148558,-69.028488,082.1485227, 15,-69.0284831, 15,13.287, 1,13.169, 1,      ,  ,      ,  ,      ,

82.166598,-69.050812,082.1665695, 14,-69.0508178, 14,12.955, 1,12.929, 1,      ,  ,      ,  ,      ,

82.185051,-69.228806,082.1849586, 14,-69.2288081, 24,12.521, 1,12.514, 1,      ,  ,      ,  ,      ,

82.187213,-71.970413,082.1871842, 16,-71.9704464, 19,12.954, 2,12.818, 1,12.826, 1,12.861, 1,12.941, 4

82.194611,-69.431656,082.1946018, 14,-69.4316681, 14,13.328, 1,12.762, 1,12.957, 1,12.596, 1,12.485,13

82.256902,-66.649391,082.2569656, 18,-66.6494123, 16,      ,  ,      ,  ,      ,  ,      ,  ,      ,

82.258115,-66.221855,082.2580756, 16,-66.2218539, 39,13.731, 1,13.300, 3,13.499, 1,13.227, 3,13.169, 0

82.267326,-69.355209,082.2673524, 15,-69.3552203, 15,      ,  ,      ,  ,      ,  ,      ,  ,      ,

82.282834,-66.600044,082.2828418, 17,-66.6000625, 17,      ,  ,      ,  ,      ,  ,      ,  ,      ,

82.339233,-66.535522,082.3391903,113,-66.5355495, 39,15.284, 6,13.736, 2,14.486, 3,13.231, 0,12.777, 1

82.349941,-69.471077,082.3499315, 16,-69.4711031, 16,13.504, 1,13.432, 1,13.330, 1,13.475, 1,13.618, 0

82.49221,-69.386147,082.4921880, 14,-69.3861506, 15,13.555, 1,13.410, 1,13.409, 3,13.429, 7,13.563, 6

82.510236,-65.933891,082.5102350, 15,-65.9338253, 24,13.523, 3,12.894, 4,13.191, 4,12.772, 1,12.654, 2

82.555391,-69.353394,082.5553265, 14,-69.3533892, 12,12.652, 1,12.614, 1,      ,  ,      ,  ,      ,

82.580741,-65.90361,082.5806977, 16,-65.9035600, 20,      ,  ,      ,  ,      ,  ,      ,  ,      ,

82.606141,-66.959465,082.6061715, 16,-66.9594762, 60,12.352, 7,12.290, 4,12.234, 1,12.342, 1,12.437, 1

82.612863,-67.102829,082.6128509, 16,-67.1028350, 16,15.333, 3,13.862, 1,14.589, 1,13.349, 1,12.809, 1

82.623667,-66.622704,082.6236906, 12,-66.6227184, 26,12.794, 3,12.412, 1,12.577, 3,12.349, 1,12.306, 0

82.656436,-69.722893,082.6563818, 12,-69.7228812, 12,13.843, 1,13.136, 2,13.417, 4,12.950, 1,12.807, 1

82.657663,-68.410896,082.6576768, 22,-68.4108875, 15,12.252, 3,12.208, 1,12.153, 1,12.296, 4,12.453, 4

82.66349,-69.119286,082.6633789, 25,-69.1192870, 17,14.487, 1,13.858, 3,      ,  ,      ,  ,      ,

82.67394,-69.192993,082.6738974, 12,-69.1929839, 16,12.870,11,12.717,13,12.765,14,12.692, 8,12.791, 4

82.684413,-68.60955,082.6843489, 13,-68.6095625, 15,13.452, 5,13.057, 1,13.212, 5,12.947, 2,12.844, 4

82.71537,-67.028183,082.7153424, 13,-67.0282142, 22,12.920, 1,12.427, 1,12.617, 1,12.327, 1,12.258, 3

82.717271,-68.693733,082.7171842, 63,-68.6937495, 14,12.624, 2,12.493, 2,12.486, 3,12.554, 2,12.652, 5

82.751967,-69.18647,082.7519295, 15,-69.1864837, 19,      ,  ,      ,  ,      ,  ,      ,  ,      ,

82.791314,-67.030815,082.7913142, 16,-67.0308395, 17,14.789, 5,13.486, 4,14.096, 1,13.010, 1,12.611, 1

82.840846,-70.957069,082.8407518, 14,-70.9570903, 17,13.593,20,12.559,10,13.039,15,12.254, 7,11.981, 8

82.869474,-71.389946,082.8694386, 33,-71.3899517, 26,13.853, 3,13.351, 2,13.579, 2,13.238, 1,13.160, 1

82.910079,-67.469894,082.9100927,  3,-67.4698787,  3,10.864,99,10.275,99,      ,  ,      ,  ,      ,

82.956683,-71.060585,082.9566212, 17,-71.0605737, 40,13.282, 6,13.265, 5,13.221, 4,13.351, 5,13.458, 4

82.982888,-69.023308,082.9828453, 15,-69.0233078, 15,13.278, 1,13.172, 2,13.175, 3,13.227, 4,13.271, 6

83.015543,-66.657982,083.0155348, 17,-66.6579875, 27,12.726, 4,12.526, 2,12.591, 3,12.563, 1,12.666, 4

83.069673,-66.395912,083.0696309, 18,-66.3958923, 18,      ,  ,      ,  ,      ,  ,      ,  ,      ,

83.086202,-68.846603,083.0862000, 15,-68.8465881, 14,13.639, 5,13.188, 1,13.358, 3,13.095, 1,13.043, 4

83.117512,-69.606491,083.1174903, 17,-69.6064687, 15,13.867, 3,13.182, 2,13.476, 4,12.995, 1,12.776, 2

83.150667,-69.017799,083.1506777, 16,-69.0178000, 17,13.214, 2,13.091, 3,      ,  ,      ,  ,13.376, 8

83.15235,-70.806839,083.1523989, 15,-70.8068409, 35,12.372, 3,12.066, 1,12.173, 1,12.036, 2,12.039, 3

83.187091,-66.874779,083.1871312, 17,-66.8747845, 40,12.472, 3,12.431, 1,12.367, 1,12.524, 1,12.676, 3

83.242337,-67.555969,083.2423512, 31,-67.5559781, 17,12.537, 8,12.432, 1,12.420, 2,12.496, 1,12.599, 2

83.25456,-69.374802,083.2545689, 12,-69.3748048, 22,11.823, 2,11.685, 3,11.699, 3,11.709, 3,11.786, 5

83.291798,-67.733246,083.2918230, 13,-67.7332487, 22,13.375, 6,12.284, 0,12.786, 2,11.937, 0,11.566, 3

83.371852,-67.338905,083.3718592, 15,-67.3389109, 15,15.174, 3,13.465, 1,14.230, 6,12.925, 2,12.438, 1

83.400133,-67.500008,083.4001112, 27,-67.5000123, 14,13.467, 5,13.011, 0,13.191, 1,12.908, 1,12.827, 2

83.401523,-69.386848,083.4015192, 14,-69.3868417, 14,14.752, 1,13.585,28,14.201,20,13.117,18,12.833,16

83.437062,-67.000183,083.4371006, 24,-67.0002009, 22,12.745, 1,12.526, 1,      ,  ,      ,  ,12.608, 3

83.475324,-68.799622,083.4752642, 16,-68.7996223, 16,13.578, 4,13.332, 2,13.402, 1,13.345, 2,13.370, 3

83.492801,-68.694839,083.4927598, 17,-68.6948550, 49,12.943, 5,12.860, 1,12.829, 2,12.894, 1,13.030, 4

83.504781,-70.712234,083.5047580, 26,-70.7122512, 30,12.450, 1,12.374, 1,12.318, 2,12.419, 1,12.559, 4

83.535131,-68.717476,083.5350992, 21,-68.7174823, 21,13.456, 3,13.264, 2,13.285, 3,13.284, 3,13.331, 4

83.546271,-69.42907,083.5462698, 26,-69.4290837, 21,12.116, 2,11.846, 3,11.943, 4,11.821, 2,11.853, 2

83.578245,-69.438858,083.5782198, 14,-69.4388548, 14,12.817, 1,12.793, 4,12.744, 6,12.857, 3,12.984, 2

83.579468,-67.108109,083.5794486, 12,-67.1081220, 15,12.371, 7,12.534, 3,12.366, 1,12.709, 2,12.928, 2

83.666828,-67.502647,083.6668021, 12,-67.5026556, 26,12.509,13,12.438, 2,12.494, 1,12.404, 1,      ,

83.724042,-69.133911,083.7241492, 15,-69.1338998, 19,15.444, 4,13.642, 6,14.522, 1,12.967, 5,12.344, 2

83.728128,-67.71991,083.7281589, 15,-67.7199148, 15,13.700, 4,13.326, 0,13.460, 1,13.277, 2,13.270, 2

83.805197,-69.24292,083.8052224, 14,-69.2429317, 18,12.877, 2,12.706, 3,12.718, 5,12.720, 2,12.765, 1

83.863142,-69.231224,083.8631445, 17,-69.2312364, 13,12.296, 0,12.292, 2,12.226, 4,12.367, 3,12.510, 1

83.899876,-69.118477,083.8998836, 16,-69.1184984, 13,12.989, 6,12.823, 3,12.837, 6,12.853, 3,12.895, 1

83.900594,-68.534393,083.9005956, 15,-68.5343970, 20,13.624,41,13.007,26,13.245,33,12.864,23,12.718,20

83.935222,-66.882256,083.9352224, 14,-66.8822373, 29,12.238, 6,12.319, 2,12.197, 1,12.448, 2,12.655, 3

83.955935,-66.700485,083.9559045, 19,-66.7004714, 22,13.698, 3,12.807, 3,13.214, 3,12.583, 1,12.402, 3

84.059698,-69.191147,084.0597712, 15,-69.1911573, 15,      ,  ,      ,  ,      ,  ,      ,  ,      ,

84.073025,-68.963707,084.0730109, 15,-68.9637320, 14,12.807, 1,12.279, 1,      ,  ,      ,  ,      ,

84.080953,-68.224899,084.0809809, 14,-68.2249070, 18,15.482,12,13.944, 1,14.679, 1,13.426, 1,12.952, 1

84.223679,-70.35643,084.2237280, 46,-70.3564262, 25,13.647, 3,13.270, 1,13.379, 4,13.196, 3,13.140, 2

84.236771,-69.271767,084.2367274, 13,-69.2717725, 14,12.354, 1,12.165, 3,12.212, 5,12.159, 2,12.185, 1

84.26094,-69.643074,084.2608477, 11,-69.6429628, 11,12.246, 6,12.285, 1,12.167, 1,12.347, 2,12.449, 2

84.266308,-69.167656,084.2663209, 14,-69.1676948, 16,13.226, 8,12.974, 1,13.036, 7,12.950, 1,12.921, 7

84.289308,-69.324539,084.2892827, 26,-69.3245281, 30,12.385, 2,12.204, 1,12.257, 7,12.203, 1,12.217, 4

84.311686,-70.506462,084.3116883, 14,-70.5064803, 38,15.540, 6,13.838, 1,14.674, 3,13.288, 3,12.761, 4

84.382455,-70.299202,084.3824636, 27,-70.2992039, 16,15.257, 7,13.904, 1,14.578, 3,13.367, 1,12.883, 4

84.392608,-69.45929,084.3925924, 18,-69.4593123, 14,      ,  ,      ,  ,      ,  ,      ,  ,      ,

84.43914,-69.309685,084.4391227, 16,-69.3096912, 23,      ,  ,12.848, 1,      ,  ,      ,  ,12.874, 2

84.521252,-69.296501,084.5212398, 15,-69.2965170, 15,13.106, 6,12.953, 4,12.966, 2,12.978, 5,      ,

84.576233,-69.067322,084.5762900,101,-69.0673145, 45,      ,  ,      ,  ,      ,  ,      ,  ,      ,

84.611746,-69.764206,084.6117636, 12,-69.7642150, 20,11.108, 1,11.003, 1,10.998, 1,11.004, 1,11.058, 1

84.661939,-69.13736,084.6619503, 14,-69.1373931, 14,13.088, 5,12.478, 6,12.683, 0,12.317, 9,12.196, 5

84.677308,-69.017288,084.6773556, 18,-69.0173323, 49,      ,  ,      ,  ,      ,  ,      ,  ,      ,

84.679486,-69.025673,084.6795383, 26,-69.0257262, 44,13.215, 6,13.138, 2,13.119, 5,13.211, 3,13.290, 4

84.690958,-66.614372,084.6910139, 16,-66.6143795, 17,14.519, 2,13.456, 1,14.021, 1,13.017, 2,12.654, 2

84.721164,-70.717834,084.7211956, 18,-70.7178489, 16,12.672, 1,12.295, 3,12.396, 4,12.201, 4,12.169, 3

84.738261,-68.948074,084.7381956, 16,-68.9481023, 21,12.808, 3,12.706, 3,12.681, 3,12.737, 2,12.880, 1

84.76943,-67.879074,084.7694512, 16,-67.8791075, 21,13.144, 5,13.055, 2,13.028, 1,13.127, 2,13.266, 2

84.77477,-69.274086,084.7747359, 15,-69.2741131, 21,12.594, 7,12.175, 5,12.328, 2,12.084, 6,11.985, 2

84.783639,-70.337944,084.7836756, 57,-70.3379492, 30,      ,  ,      ,  ,      ,  ,      ,  ,      ,

84.834334,-69.107307,084.8343562, 22,-69.1073406, 21,13.135, 7,12.795, 1,12.888, 5,12.766, 2,12.740, 3

84.916091,-69.20118,084.9161292, 15,-69.2012092, 67,      ,  ,      ,  ,      ,  ,      ,  ,      ,

84.916984,-69.742706,084.9169789, 11,-69.7426953, 14,12.220, 1,11.950, 1,11.983, 1,11.913, 1,11.887, 1

84.949506,-69.267471,084.9495748, 17,-69.2674625, 20,13.483, 5,13.353, 2,13.338, 1,13.399, 2,13.478, 2

84.979328,-67.15332,084.9793992, 17,-67.1533256, 26,13.403, 2,12.979, 1,13.120, 4,12.924, 3,12.851, 1

85.004564,-69.581306,085.0045880, 17,-69.5813289, 18,13.081, 1,12.761, 1,12.802, 1,12.703, 1,12.633, 6

85.03308,-67.099304,085.0331003, 15,-67.0992987, 24,13.356, 7,13.289, 1,13.251, 1,13.382, 1,13.470, 1

85.053551,-69.581863,085.0535315, 35,-69.5818753, 55,12.190, 0,12.222,10,12.059, 1,12.299, 3,      ,

85.067588,-66.67672,085.0676027, 31,-66.6766962, 16,13.286, 1,13.070, 1,13.135, 1,13.076, 3,13.113, 4

85.072987,-69.515961,085.0730348, 16,-69.5159798, 12,11.252, 1,10.920, 1,11.051, 1,10.844, 1,10.804,11

85.074858,-69.468552,085.0749027, 14,-69.4685639, 14,12.066, 1,12.009, 1,11.918, 1,12.081, 1,12.182, 1

85.080661,-69.689636,085.0806633, 11,-69.6896314, 11,13.063, 1,12.533, 1,12.707, 1,12.321, 1,12.071, 1

85.088533,-69.3116,085.0885380, 14,-69.3115842, 14,12.951, 9,12.456, 1,12.655, 6,12.349, 1,12.242, 2

85.137987,-67.211502,085.1380309, 17,-67.2115009, 16,13.779, 5,13.689, 2,13.622, 4,13.771, 1,13.879, 1

85.145193,-69.66127,085.1451380, 18,-69.6612617, 12,13.080, 1,13.008, 1,12.926, 1,13.019, 1,13.142, 1

85.241643,-69.23159,085.2417183, 12,-69.2315898, 13,13.113, 7,12.070, 1,12.544, 5,11.769, 2,11.446, 3

85.244159,-69.25267,085.2442050, 22,-69.2526853, 26,13.411, 5,12.963, 2,13.135, 2,12.865, 3,12.773, 2

85.249355,-69.644539,085.2493486, 23,-69.6445367, 11,12.566, 1,12.620, 1,12.464, 1,12.752, 1,12.937, 1

85.279678,-71.507668,085.2796374, 16,-71.5076664, 31,13.300, 1,13.166, 1,      ,  ,      ,  ,      ,

85.284794,-67.3564,085.2847509, 15,-67.3563873, 27,13.704, 6,13.228, 0,13.453, 1,13.075, 2,12.953, 3

85.288253,-69.180138,,,,,,,,,,,,,,

85.289906,-69.179497,085.2899127, 15,-69.1795106, 16,14.100, 7,13.377, 1,13.711, 4,13.138, 3,12.832, 4

85.313089,-69.241997,085.3131356, 14,-69.2419978, 15,13.154, 6,13.015, 1,13.013, 4,13.088, 1,13.188, 2

85.320522,-69.169754,085.3205433, 15,-69.1697675, 15,13.942, 9,13.495, 2,13.680, 7,13.405, 2,13.312, 2

85.375419,-69.325356,085.3754024, 13,-69.3253623, 37,12.098, 7,11.807, 2,11.872, 5,11.793, 3,11.786, 2

85.417021,-68.606743,085.4170339, 17,-68.6067484, 27,13.608, 4,13.477, 1,13.465, 3,13.564, 1,13.647, 7

85.419263,-69.368065,085.4192509, 17,-69.3680650, 22,12.826, 6,12.714, 4,12.694, 3,12.809, 3,12.936, 2

85.436136,-69.587502,085.4360933, 19,-69.5874778, 16,12.797, 1,12.753, 1,12.647, 1,12.828, 1,12.960, 8

85.453935,-69.297897,085.4539309, 17,-69.2978870, 18,12.751, 7,12.675, 1,12.629, 6,12.743, 1,12.848, 4

85.465791,-70.423386,085.4658580, 19,-70.4233562, 24,13.393, 1,13.131, 1,13.160, 1,13.106, 1,13.134, 1

85.500693,-69.212509,085.5006474, 20,-69.2124856, 16,12.054, 8,11.799, 4,11.855, 3,11.805, 3,11.818, 2

85.507777,-68.714325,,,,,,,,,,,,,,

85.532318,-69.280785,085.5323539, 18,-69.2807584, 21,14.090, 7,13.464, 2,13.721, 6,13.284, 2,13.077, 2

85.537535,-69.216705,085.5375368, 63,-69.2166973, 21,      ,  ,      ,  ,      ,  ,      ,  ,      ,

85.549741,-69.207756,085.5497709, 20,-69.2077417, 17,      ,  ,      ,  ,      ,  ,      ,  ,      ,

85.564934,-68.176895,085.5649465, 55,-68.1769000, 16,12.988, 7,12.871, 4,      ,  ,      ,  ,13.030, 1

85.576602,-68.461136,085.5766624, 26,-68.4611437, 19,      ,  ,      ,  ,      ,  ,      ,  ,      ,

85.58733,-69.487892,085.5873277, 29,-69.4878514, 32,      ,  ,      ,  ,      ,  ,      ,  ,      ,

85.603976,-68.371994,085.6040086, 17,-68.3720048, 23,13.158, 4,12.923, 1,12.960, 4,12.938, 1,12.961, 5

85.605136,-69.479073,085.6051998, 19,-69.4790417, 19,13.582,13,13.276, 2,13.350, 7,13.307, 1,13.373, 3

85.629423,-68.268906,085.6294186, 18,-68.2689112, 19,      ,  ,      ,  ,      ,  ,      ,  ,      ,

85.649797,-69.069824,085.6498021, 65,-69.0698431, 27,12.224, 6,12.136, 5,12.091, 3,12.236, 6,12.350, 1

85.68147,-68.231514,085.6814486, 24,-68.2315217, 17,12.935, 3,12.743, 1,12.757, 2,12.762, 2,12.778, 7

85.692075,-67.812019,085.6920892, 18,-67.8120289, 19,14.052, 4,13.885, 1,13.894, 1,13.874, 1,13.940, 3

85.763473,-67.468979,085.7635045, 34,-67.4689973, 15,13.374, 5,13.014, 0,13.144, 1,12.963, 1,12.925, 0

85.824277,-69.69725,085.8242909, 18,-69.6972367, 12,13.045, 1,12.758, 2,12.821, 4,12.754, 0,12.729, 4

85.885111,-68.3144,085.8851453, 18,-68.3144231, 17,12.901, 3,12.694, 1,12.717, 1,12.713, 3,12.743, 4

85.92611,-68.58667,085.9261083, 17,-68.5866837, 42,13.332, 4,13.080, 1,13.131, 2,13.082, 2,13.065, 2

86.007315,-67.633423,086.0072568, 20,-67.6334362, 26,13.031, 2,12.777, 1,12.848, 1,12.760, 1,12.784, 2

86.014336,-69.902939,086.0143106, 13,-69.9029187, 13,13.820, 2,13.200, 2,13.464, 4,13.034, 1,12.860, 2

86.050507,-69.228134,086.0505142, 21,-69.2281095, 24,15.411,18,14.050, 1,14.691, 6,13.609, 2,13.166, 1

86.116863,-69.801651,086.1168874, 15,-69.8016484, 14,13.399, 1,13.216, 1,13.255, 3,13.202, 2,13.263, 4

86.136478,-67.576225,086.1364983, 17,-67.5762248, 18,13.857, 1,13.743, 1,13.708, 0,13.819, 3,13.934, 4

86.164983,-66.87178,086.1649848, 26,-66.8717884, 16,14.941, 4,13.537, 1,14.198, 1,13.121, 1,12.755, 1

86.201296,-71.041496,086.2012436, 17,-71.0415064, 32,15.919, 1,13.977, 1,14.868, 4,13.459, 2,12.919, 1

86.20323,-69.539848,086.2032968, 20,-69.5398192, 21,13.100, 3,12.934, 4,12.948, 5,12.946, 1,13.017, 2

86.210766,-67.494606,086.2107183, 13,-67.4945934, 13,12.876, 1,11.818, 1,12.325, 4,11.533, 1,11.308, 0

86.31922,-68.99778,086.3192377,  3,-68.9977725,  4,10.489, 4,10.308,11,10.589,11,10.280, 5,10.281, 3

86.332,-67.509865,086.3320295, 43,-67.5098414, 24,13.526, 0,13.424, 3,13.379, 2,13.476, 1,13.608, 2

86.368152,-67.688766,086.3681115, 15,-67.6887559, 22,12.966, 5,12.776, 3,12.821, 2,12.817, 1,12.833, 3

86.476941,-67.333168,086.4769445, 19,-67.3331878, 16,13.763, 6,13.289, 1,13.481, 2,13.201, 3,13.138, 2

86.499385,-71.228409,086.4993792, 13,-71.2283795, 13,12.795, 1,12.628, 1,12.650, 1,12.683, 3,12.776, 3

86.507263,-66.990051,086.5072309, 15,-66.9900592, 15,13.371, 6,13.272, 0,13.238, 1,13.273, 2,13.434, 2

86.528952,-67.713066,086.5289386, 19,-67.7130664, 55,      ,  ,      ,  ,      ,  ,      ,  ,      ,

86.529825,-67.78405,086.5298186, 44,-67.7840864, 26,13.634, 8,13.265, 4,13.389, 1,13.183, 2,13.146, 3

86.542931,-68.006226,086.5429889, 14,-68.0062342, 13,      ,  ,      ,  ,      ,  ,      ,  ,      ,

86.560745,-67.568611,086.5607342, 14,-67.5686256, 21,11.889, 3,11.756, 0,11.748, 1,11.820, 1,      ,

86.660324,-68.772453,086.6603809, 14,-68.7724259, 14,13.167, 4,12.992, 1,13.010, 2,13.059, 2,13.131, 2

86.675929,-68.008675,086.6759509, 13,-68.0086884, 13,14.946,14,13.584, 3,14.210, 7,13.164, 1,12.709, 1

86.717654,-66.478897,086.7176568, 18,-66.4788606, 17,13.532, 1,13.198, 2,13.357, 1,13.146, 3,13.115, 4

86.875798,-69.451698,086.8758374, 18,-69.4516789, 18,13.592, 7,13.343, 1,13.405, 4,13.342, 2,13.376, 2

87.000617,-66.89904,087.0006912, 18,-66.8990237, 17,15.894, 4,14.299, 1,15.066, 1,13.767, 0,13.291, 3

87.108805,-67.466377,087.1088750, 20,-67.4663878, 17,15.574, 3,13.933, 0,14.701, 1,13.422, 0,12.959, 2

87.212245,-68.168159,087.2123065, 17,-68.1681792, 16,14.163, 3,12.527, 1,13.276, 3,11.993, 2,11.595, 3

87.261889,-70.041725,087.2618427, 18,-70.0417050, 17,12.076, 3,12.003, 2,11.967, 2,12.052, 1,12.173, 6

87.564943,-67.729652,087.5650450, 17,-67.7296520, 16,13.367, 2,13.220, 2,13.232, 2,13.252, 0,13.321, 2

87.747479,-67.471336,087.7475059, 19,-67.4713225, 15,15.468, 9,13.902, 2,14.621, 0,13.435, 1,13.003, 1

87.893788,-67.519714,087.8937800, 16,-67.5197128, 16,15.311,12,13.995, 1,14.603, 4,13.527, 2,13.113, 5

88.22397,-69.48793,088.2240115, 18,-69.4879100, 18,      ,  ,      ,  ,      ,  ,      ,  ,      ,

88.257561,-69.996269,088.2576112, 15,-69.9962362, 15,15.179, 6,13.519, 2,14.340, 6,12.974, 2,12.513, 5

89.12085,-69.366364,089.1208486, 15,-69.3663595, 17,13.063, 6,13.013, 5,12.931, 5,13.067, 2,13.319,16

89.406794,-68.133484,089.4068039, 16,-68.1334773, 16,13.453, 5,13.314, 2,13.302, 1,13.349, 2,13.389, 4

89.45843,-68.462112,089.4585083, 41,-68.4620600, 41,      ,  ,      ,  ,      ,  ,      ,  ,      ,

90.085395,-70.364693,090.0853880, 59,-70.3646970, 17,15.283, 5,13.693, 1,14.423, 7,13.176, 2,12.814,11

90.110404,-69.621155,090.1104145, 16,-69.6211542, 16,13.211, 1,12.910, 5,12.988, 1,12.852, 3,12.928,19

90.603388,-68.215889,090.6033665, 19,-68.2158600, 19,13.840, 1,13.645, 1,13.688, 2,13.661, 2,13.706, 8

91.330144,-69.310341,091.3301527, 18,-69.3103075, 19,13.539, 1,13.380, 3,13.407, 2,13.400, 1,13.526, 2
