ra,dec,RAJ2000,DEJ2000,Bmag,e_Bmag,f_Bmag,Vmag,e_Vmag,f_Vmag,gmag,e_gmag,f_gmag,rmag,e_rmag,f_rmag,imag,e_imag,f_imag
70.940366,-68.140968                    ,070.9404609,-68.1409767,14.975, 2, ,13.426, 1, ,14.210, 1, ,12.971, 1, ,12.522, 1,

72.288057,-68.959038                    ,072.2881671,-68.9590012,13.847, 1, ,12.610, 1, ,13.289, 1, ,12.113, 1, ,11.691, 1,

72.308488,-68.96991                     ,072.3084289,-68.9698834,12.901, 1, ,12.440, 1, ,12.652, 1, ,12.347, 1, ,12.272, 1,

72.63174,-69.56562                      ,072.6317974,-69.5655948,13.417, 1, ,13.345, 1, ,      ,  , ,      ,  , ,13.515, 0,.

72.73027,-69.984634                     ,072.7303789,-69.9846689,      ,  , ,      ,  , ,      ,  , ,      ,  , ,      ,  ,

72.754558,-68.86599                     ,072.7545303,-68.8659528,13.302, 1, ,13.190, 1, ,13.191, 1, ,13.272, 1, ,13.399, 1,.

72.992118,-69.426094                    ,072.9921248,-69.4260623,10.914, 1, ,10.670, 1, ,      ,  , ,      ,  , ,10.623, 3,.

73.206056,-70.268257                    ,073.2059962,-70.2682689,13.841, 1,.,13.714, 2,.,13.710, 1,.,13.761, 1,.,13.886, 2,.

73.248092,-70.298553                    ,073.2480709,-70.2985623,13.313, 1,.,13.238, 4,.,13.209, 2,.,13.306, 1,.,13.426, 4,.

73.543649,-66.599892                    ,073.5436256,-66.5998545,14.986, 1,.,13.458, 1,.,14.197, 2,.,12.992, 3,.,12.535, 4,.

73.559379,-69.21019                     ,073.5594021,-69.2101264,11.504, 1, ,10.185, 1, ,10.812, 1, , 9.811, 1, , 9.131, 1,

73.653487,-69.339485                    ,073.6534930,-69.3394873,12.852, 1, ,11.022, 1, ,11.926, 1, ,10.451, 1, , 9.896, 1,

73.791937,-66.845169                    ,073.7920362,-66.8451534,11.663, 3,.,11.549, 3,.,11.529, 0,.,11.583, 5,.,11.647, 5,.

73.796107,-67.169563                    ,073.7961924,-67.1695628, 9.751, 1, ,10.025, 1, , 9.900, 1, , 9.952, 1, , 9.818, 9,.

73.885345,-69.962517                    ,073.8852442,-69.9625264,10.595,14,.,10.076, 6,.,10.634,50,.,10.000,12,., 9.864, 5,.

73.900337,-69.449028,,,,,,,,,,,,,,,,,

73.91894,-66.428673                     ,073.9189509,-66.4287050,12.703, 4,.,11.687, 4,.,12.159, 6,.,11.370, 4,.,11.133, 4,.

74.151578,-69.557594                    ,074.1515665,-69.5575953,12.819, 4,.,12.642, 3,.,12.660, 1, ,12.664, 1, ,12.715, 2,.

74.162029,-69.570976                    ,074.1619436,-69.5709614,13.521, 2,.,12.727, 2,.,13.076, 1, ,12.523, 1, ,12.302, 1,.

74.198512,-69.607002                    ,074.1985783,-69.6069823,13.532, 1,.,13.411, 0,.,13.353, 1, ,13.449, 1, ,      ,  ,

74.205879,-69.808746                    ,074.2059389,-69.8087528,13.563, 4,.,11.963, 3,.,12.672, 2,.,11.510, 7,.,11.057, 5,.

74.210815,-66.409729                    ,074.2107698,-66.4097542,12.387, 2,.,12.347, 3,.,12.291, 8,.,12.439, 6,.,12.608, 3,.

74.286767,-66.39032                     ,074.2867603,-66.3903256,11.394, 2,.,11.311, 2,.,11.292, 3,.,11.331, 2,.,11.511, 3,.

74.288444,-66.621864                    ,074.2883768,-66.6218881,13.295, 4,.,12.433, 1,.,12.833, 1,.,12.172, 3,.,11.944, 7,.

74.464499,-69.394508                    ,074.4639045,-69.3945514,11.758, 3,.,11.531, 1,.,11.619, 0,.,11.545, 0,.,11.379, 0,.

74.545015,-69.949707                    ,074.5449609,-69.9496609,14.303,53,.,13.228,39,.,13.804,44,.,12.947,35,.,12.537,23,.

74.638712,-68.847244                    ,074.6387956,-68.8472684,12.255,11,.,12.154, 6,.,12.168, 8,.,12.215, 4,.,12.349, 8,.

74.650541,-70.110649                    ,074.6504698,-70.1106537,14.212,67,.,13.425,40,.,13.771,63,.,13.206,36,.,13.016,23,.

74.652615,-68.842278                    ,074.6526580,-68.8423100,12.604, 1, ,12.684, 1, ,12.499, 1, ,12.566, 1, ,12.718, 1,

74.787743,-65.667702                    ,074.7877727,-65.6676987,10.862, 7,.,10.007, 5,.,      ,  , ,      ,  , , 9.468, 1,

75.170337,-66.475151                    ,075.1702809,-66.4751445,11.316,19,.,10.731,11,.,10.930,20,.,10.567,11,.,10.519, 6,.

75.326556,-69.54734                     ,075.3265571,-69.5473337,14.735, 1,.,13.000, 2,.,13.857, 1, ,12.469, 1, ,11.967, 1,.

75.384327,-68.178627                    ,075.3843345,-68.1785870,11.791, 1, ,11.679, 1, ,11.672, 1, ,11.755, 1, ,11.859, 1,.

75.45873,-66.130112                     ,075.4587580,-66.1301064,12.228, 3,.,11.917, 1,.,12.020, 1,.,11.886, 0,.,11.890, 1,.

75.53078,-71.33699                      ,075.5307924,-71.3369723, 9.828,24,., 9.399,29,.,10.143,26,., 9.316,36,., 8.737,12,.

75.626004,-70.634857                    ,075.6259365,-70.6348289,12.629, 4,.,12.574, 2,.,12.513, 3,.,12.650, 3,.,12.828, 8,.

75.73228,-68.175018                     ,075.7322724,-68.1750256,13.871, 4,.,13.261, 3,.,13.520, 2,.,13.108, 4,.,12.982, 6,.

75.786776,-66.959686                    ,075.7867336,-66.9596798,10.579, 1, ,10.571, 1, ,10.531, 1, ,10.657, 1, ,10.838, 1,

75.787382,-66.448753                    ,075.7873715,-66.4487753,12.937, 4,.,12.602, 1,.,12.710, 1,.,12.553, 1,.,12.517, 3,.

75.816335,-66.624954                    ,075.8163915,-66.6249106,12.776, 5,.,12.494, 1,.,12.566, 2,.,12.483, 0,.,12.498, 1,.

75.843004,-66.369789                    ,075.8430256,-66.3698328,13.381, 5,.,12.672, 2,.,12.974, 3,.,12.487, 1,.,12.321, 2,.

75.860374,-69.148941                    ,075.8603703,-69.1489345,14.232,53,.,13.616,47,.,13.879,51,.,13.450,41,.,13.038, 1,

76.037142,-70.262787,,,,,,,,,,,,,,,,,

76.049455,-67.547256,,,,,,,,,,,,,,,,,

76.056509,-66.43293,,,,,,,,,,,,,,,,,

76.061782,-66.539909                    ,076.0617583,-66.5399325,13.173, 4,.,12.989, 1,.,13.018, 0,.,12.990, 0,.,13.072, 3,.

76.062157,-66.431305                    ,076.0621327,-66.4313456,      ,  , ,      ,  , ,      ,  , ,      ,  , ,      ,  ,

76.06218,-67.251457                     ,076.0621268,-67.2514639,11.070, 6,.,11.032, 3,.,10.998, 1, ,11.050, 1, ,11.144, 1,.

76.077504,-68.926216,,,,,,,,,,,,,,,,,

76.286309,-69.403511                    ,076.2863874,-69.4035284,      ,  , ,      ,  , ,      ,  , ,      ,  , ,      ,  ,

76.365399,-66.6866                      ,076.3653853,-66.6865945,13.475, 5,.,13.337, 1,.,13.349, 3,.,13.400, 1,.,13.513, 3,.

76.481297,-67.886337                    ,076.4812850,-67.8863706, 9.684,19,., 9.498,11,., 9.908, 1, , 9.579, 1, , 9.135, 1,

76.561725,-66.67942                     ,076.5616992,-66.6794242,13.866,27,.,12.778,22,.,13.269,24,.,12.498,21,.,12.240,17,.

76.734175,-69.144493                    ,076.7343000,-69.1444867,13.188,27,.,12.207, 3,.,12.536, 1, ,12.002, 1, ,11.838,12,.

76.809029,-66.055138                    ,076.8090815,-66.0551203,11.959, 4,.,11.401, 1,.,11.637, 1,.,11.270, 1,.,11.174, 2,.

77.189406,-68.761696,,,,,,,,,,,,,,,,,

77.231651,-69.272652                    ,077.2317865,-69.2726295,12.616, 1, ,12.397, 1, ,12.412, 1, ,12.404, 1, ,12.436, 1,

77.2941,-69.603386                      ,077.2942130,-69.6033856,11.621, 8,.,10.761,11,.,11.051, 1, ,10.465, 1, ,10.283, 1,

77.410685,-69.310379                    ,077.4107524,-69.3103623,12.387, 1, ,12.247, 1, ,12.222, 1, ,12.339, 1, ,12.444, 1,

77.412202,-71.400597                    ,077.4121439,-71.4006187,10.665, 5,.,10.559, 3,.,10.608, 8,.,10.626, 4,.,10.795,12,.

77.595029,-68.7733                      ,077.5949430,-68.7732845,10.471,17,.,10.423,16,.,10.580,11,.,10.457,13,.,10.578,13,.

77.614144,-69.153259                    ,077.6141612,-69.1532442,11.645, 3,.,11.411, 1,.,11.468, 1,.,11.429, 2,.,11.474, 2,.

77.812733,-65.96006                     ,077.8126883,-65.9600700,12.024, 4,.,11.955, 2,.,11.917, 2,.,12.009, 1,.,12.154, 1,.

77.818942,-68.392647                    ,077.8190145,-68.3926192,12.872, 3,.,12.643, 1,.,12.692, 1,.,12.643, 1,.,12.679, 3,.

78.072328,-67.298462                    ,078.0723498,-67.2984612,14.008, 2,.,12.281, 2,.,13.089, 4,.,11.780, 1,.,11.340, 2,.

78.184431,-67.266029                    ,078.1844383,-67.2660417,10.914, 7,.,10.448, 5,.,10.832,24,.,10.342, 6,.,10.285, 6,.

78.350803,-69.24942                     ,078.3508859,-69.2494081,13.902, 3,.,13.405, 3,.,13.578, 1, ,13.355, 1, ,13.204, 2,.

78.390618,-66.571976                    ,078.3906053,-66.5718923,13.575,14,.,12.773,17,.,13.154,15,.,12.569,16,.,12.485,14,.

78.41177,-65.466476                     ,078.4118403,-65.4664653,      ,  , ,      ,  , ,      ,  , ,      ,  , ,      ,  ,

78.548279,-69.554939                    ,078.5482962,-69.5549531,13.090, 1, ,13.004, 1, ,12.957, 1, ,13.112, 1, ,13.265, 1,

78.707893,-69.661682,,,,,,,,,,,,,,,,,

78.742711,-69.647102                    ,078.7426927,-69.6470934,12.991, 1, ,12.898, 1, ,12.835, 1, ,12.968, 1, ,12.989, 1,

79.182754,-69.77739                     ,079.1827071,-69.7774075,11.889, 3,.,11.878, 5,.,11.788, 3,.,11.975, 4,.,12.117, 1,.

79.238854,-72.332352,,,,,,,,,,,,,,,,,

79.289897,-69.738876                    ,079.2899050,-69.7388884,13.829, 2, ,13.155, 0,.,13.465, 2,.,12.970, 1,.,12.800, 1,.

79.443194,-69.849213                    ,079.4432227,-69.8492278,10.750, 1, ,10.738, 1, ,10.636, 1, ,10.848, 1, ,11.028, 3,.

79.483648,-69.267715                    ,079.4836295,-69.2677273,10.660,99,.,10.580,99,.,      ,  , ,      ,  , ,      ,  ,

79.507622,-69.560493                    ,079.5076180,-69.5604939,10.602, 1,.,10.203, 7,.,10.324, 1, ,10.105, 1, ,10.097, 0,.

79.559796,-69.250305                    ,079.5598062,-69.2503106,10.387, 9,.,10.246,11,.,10.420,15,.,10.059, 2,.,10.192,17,.

79.660998,-69.762985                    ,079.6610706,-69.7629745,11.589, 5,.,11.153, 1,.,11.318, 1, ,11.108, 1, ,11.061, 4,.

79.788019,-65.155556                    ,079.7879959,-65.1555392,13.641, 3,.,13.528, 3,.,13.516, 1,.,13.601, 0,.,13.736, 3,.

79.81816,-69.655548                     ,079.8180980,-69.6555575,11.759,99,.,11.583,99,.,      ,  , ,      ,  , ,      ,  ,

79.857129,-68.859306                    ,079.8571898,-68.8593084,12.048, 4,.,11.973, 2,.,11.932, 1,.,12.048, 5,.,12.162, 4,.

79.877108,-68.68602                     ,079.8771221,-68.6860370,13.430,46,.,12.111,29,.,12.726,38,.,11.727,24,.,11.399,22,.

79.959579,-66.133827                    ,079.9595653,-66.1338475,14.662, 2,.,13.623, 2,.,14.127, 1,.,13.283, 1,.,12.928, 2,.

79.96583,-69.885681                     ,079.9658415,-69.8857009,12.369, 9,.,12.129, 3,.,12.186, 5,.,12.126, 4,.,12.161, 4,.

80.140506,-69.543167                    ,080.1405339,-69.5431845,11.638, 1, ,11.657, 1, ,11.528, 1, ,11.820, 1, ,12.018, 1,

80.220844,-68.8256,,,,,,,,,,,,,,,,,

80.257105,-65.800743                    ,080.2571418,-65.8006759,10.527,99,., 9.674,99,.,      ,  , ,      ,  , ,      ,  ,

80.343293,-69.452255                    ,080.3433289,-69.4522425,10.818, 1, ,10.701, 1, ,10.675, 1, ,10.780, 1, ,10.916, 1,

80.420956,-65.868645                    ,080.4209865,-65.8686731,10.651, 2,.,10.529, 2,.,10.639, 1, ,10.536, 1, ,10.640, 3,.

80.445623,-71.328827                    ,080.4457389,-71.3288653,13.407, 5,.,11.676, 5,.,12.518, 6,.,11.103, 5,.,10.504, 4,.

80.561819,-67.859047                    ,080.5618036,-67.8590748,12.533, 2,.,12.577, 1,.,12.474, 1,.,12.674, 3,.,12.851, 7,.

80.576873,-66.916389                    ,080.5768518,-66.9164178,12.658, 1, ,12.222, 1, ,12.389, 1, ,12.116, 1, ,12.016, 3,.

80.587785,-66.260262                    ,080.5877956,-66.2602739,11.646, 3,.,11.587, 1,.,11.551, 1,.,11.687, 4,.,11.805, 2,.

80.596557,-67.899345                    ,080.5965609,-67.8993412,12.384, 2,.,11.840, 1,.,12.061, 1,.,11.737, 2,.,11.627, 0,.

80.690377,-69.847679                    ,080.6903906,-69.8476812,12.698, 3,.,11.775, 0,.,12.177, 0,.,11.518, 0,.,11.312, 1,.

80.696242,-67.206306                    ,080.6962918,-67.2063075,11.972, 2,.,11.897, 0,.,11.872, 0,.,11.961, 2,.,12.091, 1,.

80.746689,-65.80143,,,,,,,,,,,,,,,,,

80.749096,-68.029625                    ,080.7490868,-68.0296159,11.771, 0,.,11.511, 1,.,11.666, 7,.,11.437, 3,.,11.359, 2,.

80.906046,-70.118706,,,,,,,,,,,,,,,,,

80.959342,-67.764236,,,,,,,,,,,,,,,,,

81.057266,-66.424736                    ,081.0572615,-66.4247245,12.683, 2,.,12.514, 3,.,12.564, 1,.,12.508, 2,.,12.574, 1,.

81.230202,-70.270058,,,,,,,,,,,,,,,,,

81.283955,-69.895432                    ,081.2839409,-69.8954128,11.349, 4,.,11.162, 3,.,11.354,21,.,11.180, 4,.,11.258, 2,.

81.292764,-67.85672                     ,081.2927692,-67.8567189,13.122, 4,.,13.073, 1,.,13.030, 1,.,13.147, 2,.,13.274, 9,.

81.396657,-69.226074                    ,081.3966839,-69.2260842,12.310, 6,.,12.115, 6,.,12.172, 1, ,12.163, 1, ,12.198, 1,

81.405049,-66.24147                     ,081.4051277,-66.2414742,12.440,99,.,12.708,99,.,      ,  , ,      ,  , ,      ,  ,

81.516514,-67.499176                    ,081.5165162,-67.4991895,11.246, 3,.,11.423, 1,.,11.271, 1, ,11.564, 1, ,11.937, 1,

81.531756,-66.594673                    ,081.5317812,-66.5946664,      ,  , ,      ,  , ,      ,  , ,      ,  , ,      ,  ,

81.608258,-66.203194                    ,081.6083033,-66.2032020,12.394, 1,.,12.077, 1,.,12.216, 1,.,12.038, 1,.,12.016, 3,.

81.621463,-69.450912                    ,081.6214103,-69.4509256,10.361, 1, , 9.944, 1, ,10.164, 1, , 9.901, 1, , 9.900, 1,

81.645346,-68.868721                    ,081.6453359,-68.8687150,10.646, 6,.,10.458, 3,.,10.507, 1, ,10.480, 1, ,      ,  ,

81.688791,-68.831322                    ,081.6888183,-68.8313364, 9.966, 8,., 9.986,13,.,      ,  , ,      ,  , ,      ,  ,

81.69618,-67.479385                     ,081.6962109,-67.4793873,11.501, 6,.,11.591, 4,.,11.503, 1, ,11.740, 1, ,11.969, 1,

81.803598,-66.050995                    ,081.8036459,-66.0509912,15.077, 2,.,13.384, 0,.,14.219, 3,.,12.871, 2,.,12.358, 2,.

81.806541,-66.273705                    ,081.8065627,-66.2736795,13.054, 1, ,12.981, 1, ,      ,  , ,      ,  , ,      ,  ,

81.939353,-68.985687,,,,,,,,,,,,,,,,,

81.94343,-65.682083                     ,081.9434365,-65.6821289,11.301, 7,.,11.232, 0,.,11.279,15,.,11.318, 2,.,11.446, 3,.

81.943503,-66.238586                    ,081.9435180,-66.2385789,10.974, 2,.,10.622, 2,.,10.821, 1, ,10.475, 1, ,10.298, 1,.

81.963349,-69.015373                    ,081.9633445,-69.0153850,10.928, 1, ,10.694, 1, ,      ,  , ,      ,  , ,      ,  ,

81.967294,-69.006363                    ,081.9672618,-69.0063942,11.392, 1, ,10.745, 1, ,      ,  , ,      ,  , ,      ,  ,

81.969442,-68.985672                    ,081.9693939,-68.9857050,10.818, 1, ,10.735, 1, ,      ,  , ,      ,  , ,      ,  ,

81.973408,-69.032906                    ,081.9733653,-69.0329153,10.903, 1, ,10.802, 1, ,      ,  , ,      ,  , ,      ,  ,

81.997478,-68.811134                    ,081.9974548,-68.8111498,      ,  , ,      ,  , ,      ,  , ,      ,  , ,      ,  ,

82.01141,-68.811485                     ,082.0114468,-68.8114887,12.135, 1, ,12.035, 1, ,      ,  , ,      ,  , ,      ,  ,

82.036095,-68.92878                     ,082.0360783,-68.9288031,      ,  , ,      ,  , ,      ,  , ,      ,  , ,      ,  ,

82.062731,-66.685516                    ,082.0627092,-66.6855312,11.872, 5,.,11.716, 1,.,11.755, 3,.,11.791, 3,.,11.903, 2,.

82.073984,-66.144203                    ,082.0740168,-66.1442206,15.076, 9,.,13.607, 4,.,14.290, 3,.,13.181, 2,.,12.800, 0,.

82.074104,-69.071808                    ,082.0740406,-69.0718278,11.634, 1, ,11.358, 1, ,      ,  , ,      ,  , ,      ,  ,

82.075515,-66.481117,,,,,,,,,,,,,,,,,

82.083504,-67.038734                    ,082.0835674,-67.0387389,12.197, 1, ,12.183, 1, ,      ,  , ,      ,  , ,      ,  ,

82.08476,-67.405075                     ,082.0846889,-67.4050864,11.024, 3,.,10.520, 0,.,10.885, 1, ,10.419, 1, ,10.369, 1,

82.091541,-68.996727                    ,082.0915183,-68.9967481,11.760, 1, ,11.425, 1, ,      ,  , ,      ,  , ,      ,  ,

82.092332,-66.064278                    ,082.0923474,-66.0642848,12.099, 3,.,12.049, 2,.,12.025, 2,.,12.173, 2,.,12.310, 0,.

82.116361,-69.215927                    ,082.1163268,-69.2159556,12.546, 1, ,10.887, 1, ,11.626, 1, ,10.436, 1, ,10.240, 1,

82.126885,-69.136475                    ,082.1268124,-69.1364992,11.697, 1, ,11.653, 1, ,      ,  , ,      ,  , ,      ,  ,

82.130734,-68.898819                    ,082.1306750,-68.8988217,10.887, 1, ,10.783, 1, ,      ,  , ,      ,  , ,      ,  ,

82.166977,-66.158905                    ,082.1670545,-66.1589250,13.723, 3,.,13.069, 1,.,13.385, 2,.,12.897, 1,.,12.744, 3,.

82.16983,-66.106171                     ,082.1698456,-66.1061823,13.212, 2,.,12.876, 1,.,13.005, 0,.,12.852, 1,.,12.861, 4,.

82.218854,-68.991371                    ,082.2188248,-68.9913845,11.681, 1, ,11.433, 1, ,      ,  , ,      ,  , ,      ,  ,

82.227691,-66.024529                    ,082.2275945,-66.0245495,12.698, 2,.,12.493, 2,.,12.550, 1,.,12.517, 0,.,12.578, 1,.

82.233151,-68.983459                    ,082.2331062,-68.9834617,12.341, 1, ,12.193, 1, ,      ,  , ,      ,  , ,      ,  ,

82.295268,-66.183044                    ,082.2952374,-66.1830356,15.342, 7,.,13.653, 2,.,14.476, 3,.,13.112, 1,.,12.627, 1,.

82.354256,-68.466972                    ,082.3542633,-68.4669712,11.424, 1, ,11.333, 1, ,      ,  , ,      ,  , ,      ,  ,

82.419476,-70.052818,,,,,,,,,,,,,,,,,

82.471529,-69.122398                    ,082.4714742,-69.1224131,12.320,13,.,12.354,12,.,12.226, 6,.,12.350,12,.,12.557,16,.

82.505194,-67.243576                    ,082.5051895,-67.2435895,11.994, 1, ,12.035, 1, ,      ,  , ,      ,  , ,      ,  ,

82.509449,-67.045898                    ,082.5094715,-67.0458614,13.642,99,.,11.510,99,.,      ,  , ,      ,  , ,      ,  ,

82.55616,-69.437645                     ,082.5561053,-69.4376475,15.012, 4, ,13.893, 1, ,      ,  , ,      ,  , ,      ,  ,

82.58725,-69.457428                     ,082.5872006,-69.4574381,14.445, 1, ,13.490, 1, ,13.946, 5,.,13.118, 4,.,12.829, 1,

82.594033,-69.327492                    ,082.5939700,-69.3274870,10.672, 1, ,10.625, 1, ,      ,  , ,      ,  , ,10.792, 7,.

82.635222,-69.153328                    ,082.6351327,-69.1533120,10.957, 5,.,10.766, 5,.,10.800, 1, ,10.832, 1, ,10.873,11,.

82.705807,-67.153381                    ,082.7058221,-67.1533817,12.319, 5,.,12.259, 3,.,12.207, 1, ,12.327, 1, ,12.457, 3,.

82.708743,-69.524811                    ,082.7086724,-69.5248328,10.432, 1, ,10.333, 1, ,      ,  , ,      ,  , ,10.505, 1,

82.714471,-69.049652                    ,082.7144506,-69.0496195,10.624, 3,.,10.436, 7,.,      ,  , ,      ,  , ,10.473, 9,.

82.729433,-66.783691                    ,082.7294171,-66.7837212,12.264, 3,.,12.165, 4,.,12.147, 1,.,12.261, 0,.,12.407, 2,.

82.83041,-67.011963                     ,082.8304030,-67.0119656,12.639, 4,.,12.422, 2,.,12.445, 1, ,12.441, 1, ,12.474, 3,.

82.856436,-69.094009                    ,082.8563342,-69.0940537,11.783, 3,.,11.865, 3,.,11.751, 9,.,11.922, 3,.,12.200, 5,.

82.967797,-68.544136                    ,082.9678189,-68.5441295,10.577, 3,.,10.557, 3,.,10.641, 1, ,10.631, 1, ,10.816, 6,.

83.078431,-66.403351                    ,083.0784430,-66.4033453,11.474, 2,.,11.427, 2,.,11.411, 1,.,11.487, 0,.,11.645, 0,.

83.079759,-66.99791                     ,083.0797598,-66.9979270,11.542, 1,.,11.498, 3,.,      ,  , ,      ,  , ,11.741, 0,.

83.086306,-67.52153                     ,083.0863471,-67.5215317,11.040,10,.,10.918, 3,.,10.946, 1, ,10.891, 1, ,10.647, 1,.

83.090473,-66.726135                    ,083.0905021,-66.7261228,12.221, 3,.,12.119, 1,.,12.109, 3,.,12.215, 2,.,12.364, 4,.

83.104007,-67.698242                    ,083.1040265,-67.6982248,11.024, 1, ,10.117, 1, ,      ,  , ,      ,  , , 9.274, 1,

83.257318,-66.801491                    ,083.2573486,-66.8014817,14.294, 4,.,12.757, 4,.,13.469, 1,.,12.275, 3,.,11.854, 1,.

83.37404,-65.945999                     ,083.3740374,-65.9459767,12.391, 3,.,11.764, 3,.,12.067, 1,.,11.594, 1,.,11.337, 3,.

83.418096,-69.116096                    ,083.4181577,-69.1160948,12.938, 1, ,12.711, 1, ,      ,  , ,      ,  , ,      ,  ,

83.496123,-67.537704                    ,083.4961371,-67.5377150,12.253, 7,.,12.228, 1,.,12.163, 3,.,12.312, 4,.,12.435, 6,.

83.585317,-68.855721                    ,083.5853012,-68.8556950,13.502, 7,.,12.941, 1,.,13.174, 3,.,12.828, 2,.,12.722, 3,.

83.593595,-67.023216                    ,083.5935965,-67.0232173, 9.886,99,., 9.862,99,.,      ,  , ,      ,  , ,      ,  ,

83.597591,-68.599701,,,,,,,,,,,,,,,,,

83.600928,-69.008636                    ,083.6009339,-69.0086445,12.400, 4,.,12.243, 1,.,12.256, 1,.,12.289, 3,.,12.381, 1,.

83.620125,-67.125839                    ,083.6200589,-67.1258309,11.530,11,.,11.417, 1,.,11.429, 1, ,11.393, 1, ,11.364, 1,.

83.680276,-67.06958                     ,083.6802871,-67.0695675,13.478, 4,.,11.778, 1,.,12.564, 4,.,11.252, 1,.,10.795, 1,.

83.73109,-67.351929                     ,083.7310948,-67.3519223,10.529, 1, ,10.418, 1, ,11.049, 1, ,10.484, 1, ,10.638, 1,.

83.750996,-67.020187                    ,083.7510198,-67.0201956,11.026, 1, ,10.870, 1, ,      ,  , ,      ,  , ,11.002, 2,.

83.81932,-69.677345                     ,083.8192948,-69.6773412,10.736, 1, ,10.692, 1, ,10.670, 1, ,10.616, 1, ,10.679, 1,

83.879608,-66.756744                    ,083.8796230,-66.7567159,12.219, 3,.,11.880, 2,.,12.005, 3,.,11.853, 1,.,11.883, 2,.

83.898897,-67.656158,,,,,,,,,,,,,,,,,

83.923293,-69.854126                    ,083.9233242,-69.8541353,11.987, 2,.,11.796, 1,.,11.818, 6,.,11.791, 2,.,11.812, 1,.

83.923707,-69.198441                    ,083.9237286,-69.1984487,13.205, 6,.,12.471, 0,.,12.848, 4,.,12.100, 2,.,11.381, 1,

83.961629,-67.441521                    ,083.9616209,-67.4415164,11.885, 4,.,11.798, 1,.,11.783, 0,.,11.854, 1,.,11.979, 3,.

83.99922,-69.189514                     ,083.9992462,-69.1895214,13.733, 2,.,13.383, 3,.,13.500, 3,.,13.249, 3,.,13.117, 3,.

84.004767,-66.844955                    ,084.0047327,-66.8449309,13.586, 2,.,12.385, 1,.,12.940, 1,.,12.027, 1,.,11.746, 2,.

84.015786,-69.025024                    ,084.0158080,-69.0250387,12.924, 4,.,12.572, 3,.,12.703, 2,.,12.524, 3,.,12.510, 2,.

84.018773,-69.402321                    ,084.0187889,-69.4023184,10.394, 3,.,10.312, 0,.,10.436, 1, ,10.351, 1, ,10.480, 2,.

84.041992,-68.928085                    ,084.0419865,-68.9281234,10.747, 4,.,10.319, 2,.,10.546, 1, ,10.252, 1, ,10.146, 1,.

84.071263,-69.184341                    ,084.0712292,-69.1843681,12.090, 6,.,11.958, 2,.,11.948, 2,.,12.013, 3,.,12.096, 2,.

84.089472,-69.113281                    ,084.0895212,-69.1133231,11.709, 6,.,11.626, 1,.,11.589, 4,.,11.699, 1,.,11.806, 2,.

84.104967,-69.692101                    ,084.1049518,-69.6920973,12.681,17,.,11.821,13,.,12.184,19,.,11.573, 9,.,11.300,12,.

84.111621,-69.397614                    ,084.1115439,-69.3975792,11.933, 1, ,10.707, 1, ,11.320, 1, ,      ,  , , 9.819, 1,

84.134891,-68.900429                    ,084.1348998,-68.9004728,10.647, 5,.,10.313, 1,.,10.535, 7,.,10.267, 2,.,10.228, 1,.

84.143504,-67.675377                    ,084.1434995,-67.6753737,12.823, 4,.,12.347, 1,.,12.536, 2,.,12.243, 1,.,12.161, 0,.

84.179477,-69.148239                    ,084.1794871,-69.1482587,11.940, 6,.,11.527, 2,.,11.680, 5,.,11.428, 3,.,11.325, 1,.

84.182111,-69.496521                    ,084.1820483,-69.4965184,10.242,11,.,10.154,11,.,10.248, 1, ,10.054, 1, ,10.249,14,.

84.196636,-66.762772                    ,084.1966186,-66.7627789,11.788, 2,.,10.771, 1,.,11.234, 1, ,10.491, 1, ,10.307, 2,.

84.229869,-69.193794                    ,084.2299277,-69.1937867,11.709, 7,.,11.557, 1,.,11.575, 5,.,11.545, 2,.,11.653, 3,.

84.29194,-69.145271                     ,084.2919509,-69.1452812,13.608, 6,.,13.373, 6,.,13.443, 1,.,13.339, 5,.,      ,  ,

84.350933,-69.432236                    ,084.3508903,-69.4322637,12.170, 1,.,12.052, 1,.,12.064, 6,.,12.090, 1,.,12.197, 2,.

84.454298,-69.085632                    ,084.4543174,-69.0856312,11.589, 5,.,11.395, 2,.,11.438, 4,.,11.393, 1,.,11.534, 2,.

84.539893,-69.105934                    ,084.5399398,-69.1059356,10.563, 5,.,10.207, 3,.,10.436, 1, ,10.143, 1, ,10.027, 1,.

84.551407,-69.01593                     ,084.5514006,-69.0159328,12.437, 6,.,12.352, 1,.,12.308, 4,.,12.402, 2,.,12.486, 6,.

84.564034,-69.067642                    ,084.5640656,-69.0676564,      ,  , ,      ,  , ,      ,  , ,      ,  , ,      ,  ,

84.600885,-69.487045                    ,084.6008636,-69.4870664,13.154,10,.,12.886, 5,.,13.033,16,.,12.765, 8,.,12.759,12,.

84.649854,-69.102509                    ,084.6497948,-69.1025662,      ,  , ,      ,  , ,      ,  , ,      ,  , ,      ,  ,

84.65058,-69.099403                     ,084.6505668,-69.0994542,      ,  , ,      ,  , ,      ,  , ,      ,  , ,      ,  ,

84.654044,-69.085487                    ,084.6540245,-69.0855423,      ,  , ,      ,  , ,      ,  , ,      ,  , ,      ,  ,

84.663114,-69.105888                    ,084.6630077,-69.1059620,      ,  , ,      ,  , ,      ,  , ,      ,  , ,      ,  ,

84.668894,-69.099213                    ,084.6690686,-69.0992812,      ,  , ,      ,  , ,      ,  , ,      ,  , ,      ,  ,

84.671604,-69.086929,,,,,,,,,,,,,,,,,

84.673399,-69.087212                    ,084.6734333,-69.0872148,11.213, 1, ,11.149, 3,.,11.007, 1, ,11.134, 1, ,11.352, 1,

84.674554,-69.103889,,,,,,,,,,,,,,,,,

84.676472,-69.082802                    ,084.6764468,-69.0828559,      ,  , ,      ,  , ,      ,  , ,      ,  , ,      ,  ,

84.678093,-69.095123                    ,084.6780933,-69.0951831,      ,  , ,      ,  , ,      ,  , ,      ,  , ,      ,  ,

84.680012,-69.104057,,,,,,,,,,,,,,,,,

84.684357,-69.101624                    ,084.6843442,-69.1016500,      ,  , ,      ,  , ,      ,  , ,      ,  , ,      ,  ,

84.689769,-69.096565                    ,084.6897880,-69.0966245,      ,  , ,      ,  , ,      ,  , ,      ,  , ,      ,  ,

84.690442,-69.106178                    ,084.6904439,-69.1062445,      ,  , ,      ,  , ,      ,  , ,      ,  , ,      ,  ,

84.692281,-69.104744                    ,084.6923289,-69.1048362,      ,  , ,      ,  , ,      ,  , ,      ,  , ,      ,  ,

84.71284,-69.498001                     ,084.7128803,-69.4980292,10.596, 0,.,10.431, 1,.,10.529, 1, ,10.441, 1, ,10.490, 2,.

84.715095,-69.13533                     ,084.7150865,-69.1353759,12.063,10,.,11.521, 6,.,11.750, 9,.,11.358, 6,.,11.212,12,.

84.722448,-69.033546                    ,084.7224339,-69.0335923,10.984, 5,.,11.107, 3,.,10.930, 6,.,11.165, 3,.,11.303, 3,.

84.737775,-69.10154                     ,084.7377924,-69.1015834,12.019, 5,.,11.939, 6,.,11.902, 1,.,11.910, 5,.,11.912, 3,.

84.742052,-69.488762                    ,084.7419700,-69.4887206,      ,  , ,      ,  , ,      ,  , ,      ,  , ,      ,  ,

84.769867,-69.069397                    ,084.7699027,-69.0694367,12.983, 1, ,12.599, 1, ,12.626, 3,.,12.580, 4,.,      ,  ,

84.837381,-72.192619,,,,,,,,,,,,,,,,,

84.908046,-69.196167                    ,084.9080386,-69.1962084,      ,  , ,      ,  , ,      ,  , ,      ,  , ,      ,  ,

84.962987,-69.277687                    ,084.9630318,-69.2776912,12.753, 8,.,12.678, 3,.,12.631, 5,.,12.756, 4,.,12.897, 4,.

85.000957,-68.477524,,,,,,,,,,,,,,,,,

85.050053,-69.521866                    ,085.0500789,-69.5218773,13.930, 1, ,13.442, 1, ,13.560, 1, ,13.264, 1, ,13.055, 3,.

85.050738,-69.668045                    ,085.0507139,-69.6680175,10.625, 1, , 9.915, 1, ,10.449, 1, , 9.717, 1, , 9.507, 1,

85.056237,-69.579239                    ,085.0562456,-69.5792592,12.190, 0,.,12.222,10,.,12.059, 1,.,12.299, 3,.,      ,  ,

85.104934,-69.311783                    ,085.1049606,-69.3117820,13.749, 8,.,13.172, 4,.,13.414, 5,.,13.051, 4,.,12.906, 3,.

85.105657,-69.243408                    ,085.1057080,-69.2434112,11.878, 8,.,11.479, 1,.,11.622, 5,.,11.417, 1,.,11.354, 2,.

85.142888,-69.556831                    ,085.1428539,-69.5568434,11.773, 1, ,11.648, 1, ,11.587, 1, ,11.674, 1, ,11.715, 4,.

85.147967,-68.117111                    ,085.1479450,-68.1170973,13.631, 2,.,11.975, 2,.,12.795, 2,.,11.424, 1,.,10.931, 1,.

85.153858,-69.320625                    ,085.1538486,-69.3206125,12.289, 7,.,12.019, 2,.,12.096, 4,.,12.015, 3,.,12.014, 3,.

85.203354,-69.280922                    ,085.2033833,-69.2808975,11.996, 6,.,11.876, 4,.,11.856, 4,.,11.939, 3,.,12.022, 2,.

85.240855,-69.258659                    ,085.2408912,-69.2586595,11.103, 6,.,10.752, 2,.,10.887, 2,.,10.717, 2,.,10.683, 2,.

85.246491,-69.343178                    ,085.2464368,-69.3431778,11.913, 9,.,11.263, 1,.,11.531, 6,.,11.110, 2,.,10.956, 3,.

85.334992,-69.085365                    ,085.3349930,-69.0853659,11.437, 7,.,11.311, 1,.,11.289, 6,.,11.360, 2,.,11.443, 3,.

85.44976,-67.424591                     ,085.4497527,-67.4245831,13.590, 2,.,13.155, 2,.,13.304, 3,.,13.115, 1,.,13.123, 1,

85.480018,-66.739258                    ,085.4800180,-66.7392698,12.437, 3,.,11.956, 0,.,12.142, 1,.,11.870, 0,.,11.847, 2,.

85.497118,-69.729179                    ,085.4971303,-69.7291748,12.424, 1, ,12.325, 1, ,12.243, 1, ,12.353, 1, ,12.409, 1,

85.498134,-67.343369                    ,085.4981009,-67.3433898,11.806, 6,.,11.748, 3,.,11.725, 2,.,11.821, 1,.,11.960, 3,.

85.535084,-69.211502                    ,085.5350642,-69.2114895,11.394, 1, ,11.099, 1, ,11.267, 1, ,      ,  , ,      ,  ,

85.538861,-68.458649                    ,085.5388974,-68.4586473,12.385, 4,.,11.839, 0,.,12.060, 3,.,11.717, 2,.,11.612, 4,.

85.560769,-68.51284                     ,085.5608227,-68.5128353,13.282, 4,.,12.750, 2,.,12.961, 3,.,12.625, 1,.,12.470, 7,.

85.621564,-67.328308                    ,085.6215268,-67.3283278,11.192, 2,.,10.818, 1,.,11.315,16,.,10.745, 0,.,10.753, 1,.

85.655485,-70.784775,,,,,,,,,,,,,,,,,

85.854866,-69.248528                    ,085.8549662,-69.2485073,11.161, 7,.,10.265, 2,.,10.697, 0,.,10.049, 3,., 9.752, 2,.

85.947186,-66.585823                    ,085.9471406,-66.5858264,13.391, 8,.,12.246, 2,.,12.804, 6,.,11.919, 2,.,11.651, 2,.

86.129225,-69.337624                    ,086.1292712,-69.3376309,12.846, 3,.,12.710, 4,.,12.707, 3,.,12.693, 4,.,12.807, 4,.

86.252525,-67.176193                    ,086.2525712,-67.1761917,10.866, 3,.,10.206, 8,.,11.030,14,.,10.095,12,., 9.906, 3,.

86.46637,-67.240532                     ,086.4663980,-67.2405362,11.856, 3,.,11.949, 1,.,11.847, 4,.,11.991, 2,.,12.302, 0,.

87.196465,-70.560646                    ,087.1965918,-70.5606048,12.040, 4,.,11.104, 0,.,11.578,10,.,10.768, 1,.,10.485, 2,.

88.296034,-69.328865                    ,088.2961127,-69.3288862,15.199, 4,.,13.990, 1,.,14.612, 3,.,13.463, 1,.,12.952, 8,.