target_idx,target_ra,target_dec,n_matches_total,match_number,smash_idx,smash_ra,smash_dec,distance_arcsec,has_match
0,7.521702,-73.913918,1,1,2,7.521817569740818,-73.91388363389902,0.16910242357477925,True
1,7.746443,-73.741425,1,1,4,7.746501877050463,-73.74141393508198,0.07147189985865997,True
2,7.925977,-73.53167,2,1,17,7.926168160042167,-73.53181481076386,0.5566257063455035,True
2,7.925977,-73.53167,2,2,18,7.925978598757365,-73.5316777468076,0.027936194870222687,True
3,7.948884,-73.599243,1,1,8,7.948915729072618,-73.59924514155145,0.033160465945570955,True
4,7.980047,-73.578545,4,1,13,7.979233216131256,-73.57851756662112,0.8340743132066939,True
4,7.980047,-73.578545,4,2,14,7.980072668860171,-73.5786559440897,0.4002521542201544,True
4,7.980047,-73.578545,4,3,15,7.980067764237531,-73.578549537461,0.026709523279389514,True
4,7.980047,-73.578545,4,4,16,7.980707061066825,-73.57861818511552,0.721576500588296,True
5,7.981742,-73.585571,4,1,9,7.981183431743208,-73.58569585168644,0.7245023832221901,True
5,7.981742,-73.585571,4,2,10,7.981784905225117,-73.58558135895737,0.05740914085895014,True
5,7.981742,-73.585571,4,3,11,7.9812158355081655,-73.58548057211722,0.6264889280379856,True
5,7.981742,-73.585571,4,4,12,7.982138201711515,-73.58543140407244,0.6442103375355609,True
6,8.228736,-73.821953,1,1,5,8.22883175639301,-73.82196793923505,0.11007995364834004,True
7,8.560188,-73.619049,1,1,19,8.560171887175976,-73.61910917314471,0.21724014485639498,True
8,8.637665,-73.873337,1,1,6,8.637638961822047,-73.87335847163156,0.08156511969431048,True
9,8.763608,-73.549622,1,1,20,8.763576496904808,-73.54968611824044,0.23304922601930972,True
10,8.763859,-74.203384,1,1,1,8.763891657175002,-74.20340727360475,0.08968939699159824,True
11,8.989162,-73.734062,1,1,7,8.98919879035233,-73.73407374004566,0.05623589207340795,True
12,9.124077,-73.918602,1,1,3,9.123991771135369,-73.91863568933518,0.14809690291563818,True
13,9.380191,-74.411057,1,1,0,9.3801432121013,-74.41106480068613,0.05409274123253883,True
14,9.508638,-73.630348,1,1,26,9.508528443983582,-73.63037831698384,0.15577970347948616,True
15,9.563685,-73.017746,1,1,44,9.563710864888236,-73.01774957272347,0.030084201522495326,True
16,9.57867,-73.525597,1,1,27,9.578672814777594,-73.5255765808836,0.07356496661768981,True
17,9.818972,-72.032875,1,1,215,9.819017732148884,-72.03287107466714,0.052714772719986744,True
18,10.190774,-72.673569,1,1,52,10.19079574273977,-72.67358083207063,0.048556999478277366,True
19,10.191936,-73.717102,1,1,22,10.191908064858113,-73.71709933339058,0.029786222291041102,True
20,10.512744,-73.888428,1,1,21,10.512739647186367,-73.8884196845395,0.030249858073496557,True
21,10.598432,-73.412109,1,1,29,10.59840233001879,-73.41208142563005,0.1038456787844403,True
22,10.721161,-73.596092,1,1,28,10.721119666380664,-73.59607220575352,0.08272710080991698,True
23,10.745516,-73.29184,1,1,35,10.745483895340065,-73.29178849168134,0.18838356209482596,True
24,10.95191,-73.613548,1,1,23,10.95186355261441,-73.61354658092837,0.04744837265495993,True
25,11.004765,-72.995163,2,1,45,11.004823687468825,-72.99510327333586,0.2237177429215226,True
25,11.004765,-72.995163,2,2,46,11.005462508925408,-72.99530525967519,0.8952980468000739,True
26,11.045316,-73.212608,1,1,36,11.045343074970619,-73.21256752854191,0.14839201331215512,True
27,11.210925,-72.885483,1,1,48,11.210999694344542,-72.88546615493384,0.09969670176865636,True
28,11.399051,-73.293671,1,1,38,11.39905263748923,-73.29363746173935,0.12074963000602264,True
29,11.476636,-72.93116,2,1,49,11.476606845764113,-72.93115074882644,0.04536753528857082,True
29,11.476636,-72.93116,2,2,50,11.476453593715945,-72.93104427235423,0.4590449808281991,True
30,11.510007,-73.350014,1,1,37,11.509963328731851,-73.34999147016298,0.09277710143365346,True
31,11.554412,-72.935364,1,1,47,11.554434347052728,-72.9353948485588,0.1135363518338971,True
32,11.624906,-72.593178,2,1,154,11.625026282005921,-72.5931318922514,0.2105521896399483,True
32,11.624906,-72.593178,2,2,155,11.625166953145506,-72.59296102346472,0.8301343890437767,True
33,11.642234,-72.821014,1,1,51,11.64225961618077,-72.8210005815739,0.05545607863497754,True
34,11.666625,-73.208763,1,1,43,11.666688879876679,-73.20874416492971,0.09492736300172579,True
35,11.692539,-73.666313,1,1,25,11.692524301626166,-73.6663054061836,0.03112553810040576,True
36,11.721182,-72.714394,1,1,152,11.721290596571214,-72.71437904494687,0.1280339469560695,True
37,11.753848,-73.370476,1,1,34,11.753860046720703,-73.37045026974884,0.09345668556315426,True
38,11.760545,-72.919182,1,1,121,11.760621067948371,-72.91914520658516,0.1549653759422212,True
39,11.782004,-73.745392,1,1,24,11.781981125592996,-73.74537836839464,0.05421737725301552,True
40,11.78622,-73.236649,2,1,41,11.786253426660082,-73.23664216693804,0.042540617883292116,True
40,11.78622,-73.236649,2,2,42,11.786225640655692,-73.23645789287723,0.6880105707641145,True
41,11.793363,-72.96051,1,1,103,11.793502515390236,-72.96049967672067,0.15179597466888545,True
42,11.805479,-72.704842,1,1,153,11.805605070568769,-72.70482891463047,0.14291509732275817,True
43,11.938212,-73.307259,2,1,39,11.938251895861152,-73.30743377284054,0.630533274958322,True
43,11.938212,-73.307259,2,2,40,11.938196995137538,-73.30727486919841,0.05919864832171946,True
44,11.955413,-73.095612,1,1,96,11.955500660000363,-73.09559559661648,0.10912098153488592,True
45,11.992086,-72.815269,1,1,122,11.992174452328728,-72.81526070946731,0.09870143860435564,True
46,12.00486,-73.387062,1,1,33,12.004908558073115,-73.38706124716128,0.050052174483380896,True
47,12.009524,-73.403946,1,1,32,12.009518365750175,-73.40392484121861,0.07639160778976851,True
48,12.026228,-73.110535,1,1,97,12.026323274526527,-73.1105623365191,0.14005123129627642,True
49,12.036872,-73.505272,1,1,30,12.036953555619471,-73.50526564839372,0.08644023473224213,True
50,12.078882,-73.249702,1,1,65,12.079038258998745,-73.24975887526416,0.2611639002633014,True
51,12.115704,-73.446945,1,1,31,12.115371706789098,-73.44689822840002,0.3801414732926068,True
52,12.132593,-72.986565,1,1,102,12.13267492288788,-72.98654149194695,0.12086593508112176,True
53,12.138712,-73.209274,1,1,74,12.138797145827636,-73.2092757576998,0.08877376727888783,True
54,12.144304,-73.154884,1,1,75,12.144349552125735,-73.15489061502954,0.05315430157405519,True
55,12.146544,-72.369522,1,1,169,12.146601116318497,-72.36954060594101,0.09146008844194341,True
56,12.158935,-73.246552,1,1,66,12.159003692123887,-73.2465407025191,0.08206925524845624,True
57,12.189284,-72.924294,1,1,104,12.189376379625896,-72.92429781362037,0.09861356746496464,True
58,12.257829,-72.901375,1,1,105,12.25794335825418,-72.90139606712297,0.14284107028801432,True
59,12.299215,-72.692955,1,1,125,12.29934260048285,-72.69298878892921,0.1829516504258234,True
60,12.302837,-73.392799,2,1,56,12.302907170981161,-73.39282375747885,0.11470136905199117,True
60,12.302837,-73.392799,2,2,57,12.302186969834647,-73.39280670542266,0.6693985005191945,True
61,12.314714,-73.202988,1,1,67,12.314796525716426,-73.20303605419983,0.19312758381914508,True
62,12.319302,-73.147079,2,1,79,12.319330835636517,-73.14712068621168,0.15305835808135257,True
62,12.319302,-73.147079,2,2,80,12.320238353495974,-73.1471357253634,0.9983761378690963,True
63,12.385136,-72.487221,2,1,162,12.385293696389867,-72.48726518268096,0.23341671847300344,True
63,12.385136,-72.487221,2,2,163,12.384605725755826,-72.48701299008611,0.9437960732118923,True
64,12.393755,-72.881355,2,1,123,12.394205405069687,-72.88154272007463,0.8273375658200427,True
64,12.393755,-72.881355,2,2,124,12.39386716253391,-72.88138648121743,0.1642274081577866,True
65,12.419711,-73.236916,4,1,70,12.419060357813041,-73.23694062793467,0.6813503301313494,True
65,12.419711,-73.236916,4,2,71,12.419949348362952,-73.23707039945765,0.6084402743854677,True
65,12.419711,-73.236916,4,3,72,12.419686925195565,-73.2369503741945,0.12624650308318758,True
65,12.419711,-73.236916,4,4,73,12.420466147650068,-73.23680355426684,0.8823994897441128,True
66,12.42137,-72.301399,1,1,170,12.421357846151036,-72.30143531986143,0.13142635691432616,True
67,12.449533,-73.411659,1,1,54,12.44948939260216,-73.41166495457743,0.04968130869739681,True
68,12.482258,-73.047455,1,1,100,12.482300689993806,-73.04744232378953,0.06395726060584803,True
69,12.488276,-72.405502,1,1,168,12.488300304559969,-72.40551330340469,0.04853215911448805,True
70,12.498361,-73.07341,2,1,98,12.499118354585004,-73.0734371465196,0.7997958048871684,True
70,12.498361,-73.07341,2,2,99,12.49838345751929,-73.07340581589803,0.02794529419398615,True
71,12.501577,-72.983681,1,1,101,12.501542465266283,-72.98367981123886,0.0366338124169462,True
72,12.549769,-73.354309,1,1,58,12.549750262606432,-73.35433147023329,0.08316857422781562,True
73,12.554437,-73.286179,1,1,68,12.554404581281974,-73.28617710424224,0.03425088435619597,True
74,12.56634,-73.169647,2,1,76,12.56546106418941,-73.16965045116103,0.9162341550126202,True
74,12.56634,-73.169647,2,2,77,12.56628061050927,-73.16965681135568,0.07127182656432848,True
75,12.569629,-73.138657,1,1,78,12.569629474128735,-73.1386681652755,0.04019804071782254,True
76,12.575341,-72.455956,2,1,164,12.575336593018935,-72.4559595932272,0.013791346633536499,True
76,12.575341,-72.455956,2,2,165,12.575815819116304,-72.45578019828577,0.8161155616254812,True
77,12.588534,-73.102638,1,1,83,12.588565384053132,-73.10264642660118,0.04470658048693977,True
78,12.619976,-72.752563,1,1,132,12.620015043522951,-72.75256752281005,0.04474263923315625,True
79,12.620275,-73.120697,2,1,81,12.62032076945658,-73.12071551038588,0.08203293205651827,True
79,12.620275,-73.120697,2,2,82,12.62113408639895,-73.12068460110972,0.8990978766104529,True
80,12.629437,-72.872421,1,1,117,12.629502003760628,-72.87242104591333,0.0689172686164491,True
81,12.638301,-72.962532,1,1,116,12.638364193183035,-72.96254350152772,0.07846888995696395,True
82,12.669093,-72.834183,2,1,126,12.66911554940418,-72.83418147389264,0.02458052232572976,True
82,12.669093,-72.834183,2,2,127,12.669683934702196,-72.83416431795753,0.6314585464081668,True
83,12.694161,-72.241043,2,1,203,12.694197814738446,-72.24109769595101,0.20101210763702843,True
83,12.694161,-72.241043,2,2,204,12.694749589456125,-72.24095968586334,0.7125047613164589,True
84,12.708537,-73.394318,1,1,55,12.70854370705363,-73.39434586652025,0.10055650866726693,True
85,12.758097,-73.268562,1,1,69,12.75814064602634,-73.26859962386504,0.14279962330896936,True
86,12.779685,-72.998734,2,1,106,12.77938490594469,-72.9987915144984,0.3776936869465316,True
86,12.779685,-72.998734,2,2,107,12.77977699910258,-72.99875556569734,0.12411815757046511,True
87,12.788992,-72.809959,1,1,128,12.789011678519024,-72.80999290288453,0.12383316508791987,True
88,12.799663,-72.471596,2,1,166,12.79968739994506,-72.47163097009225,0.1286420209717593,True
88,12.799663,-72.471596,2,2,167,12.799740716962527,-72.47133550662629,0.941554370527796,True
89,12.806897,-72.550446,2,1,160,12.806955423373106,-72.55045595495947,0.07254002644805263,True
89,12.806897,-72.550446,2,2,161,12.806581538451677,-72.5502315450728,0.8438100588781273,True
90,12.816462,-73.159111,1,1,87,12.816501204455577,-73.15914959792332,0.1448438060046806,True
91,12.826005,-72.723526,1,1,133,12.826096361458532,-72.72352635135213,0.09768620870407212,True
92,12.833997,-73.136757,1,1,88,12.834008801542897,-73.13680673581555,0.17947260483816152,True
93,12.857086,-72.763344,2,1,129,12.857193334717634,-72.76333139089458,0.12316890563344329,True
93,12.857086,-72.763344,2,2,130,12.857734785390898,-72.76349867068139,0.888272640338934,True
94,12.858666,-72.888458,1,1,119,12.85872871577833,-72.88845332191983,0.06853243833768498,True
95,12.883954,-73.309235,1,1,61,12.884009995156697,-73.30924623332517,0.0706208663015612,True
96,12.90685,-72.433243,1,1,183,12.906829335078434,-72.43325053406828,0.03521061211245982,True
97,12.911544,-72.972351,3,1,111,12.911332072800962,-72.97256300690137,0.7952516325957961,True
97,12.911544,-72.972351,3,2,112,12.911604909520285,-72.97234374964502,0.06931307382192659,True
97,12.911544,-72.972351,3,3,113,12.912073401840795,-72.97240216440697,0.5877038755824363,True
98,12.9154,-73.232407,1,1,84,12.915402299008948,-73.23243315011956,0.09417070457622542,True
99,12.921972,-72.933441,1,1,118,12.92200695314608,-72.93342808679273,0.05937057211024676,True
100,12.941341,-72.59816,4,1,156,12.941302374436694,-72.5982703270338,0.39934853250937363,True
100,12.941341,-72.59816,4,2,157,12.941290591571034,-72.59815817614597,0.054668324877706065,True
100,12.941341,-72.59816,4,3,158,12.94067540696548,-72.59798716609087,0.9490406509607503,True
100,12.941341,-72.59816,4,4,159,12.941799927226455,-72.59796406096456,0.8612237609027928,True
101,12.999333,-72.766563,1,1,131,12.999405938642678,-72.7665813810201,0.10212959835413603,True
102,13.001509,-73.0895,2,1,91,13.001490853698321,-73.0895315021,0.11498848856849501,True
102,13.001509,-73.0895,2,2,92,13.002364549774791,-73.08954803261015,0.9124303818180323,True
103,13.033491,-72.280327,1,1,202,13.033453554581113,-72.28034568182738,0.07878159894016597,True
104,13.038654,-72.99086,1,1,110,13.038707288501968,-72.99087413390312,0.07575056613958474,True
105,13.048194,-73.329536,1,1,60,13.048237237712785,-73.32955176244656,0.07220674146020901,True
106,13.050167,-72.627411,2,1,171,13.050158517924968,-72.62745226321834,0.14882712220255442,True
106,13.050167,-72.627411,2,2,172,13.050164071638688,-72.6274431348375,0.11572823030729514,True
107,13.051069,-72.727928,1,1,134,13.051144484957016,-72.72794289684069,0.09688094535903818,True
108,13.068365,-73.705978,1,1,53,13.068342173418392,-73.70600475640184,0.09904391028885733,True
109,13.079881,-71.911369,1,1,219,13.07985755751875,-71.91139148219595,0.085071828376477,True
110,13.089044,-72.665497,2,1,148,13.08905271429646,-72.66555468382643,0.20787203094814535,True
110,13.089044,-72.665497,2,2,149,13.089584201419493,-72.66539870532844,0.6789395464040374,True
111,13.104091,-72.684158,1,1,147,13.104095275831543,-72.68421188446308,0.19403816336062252,True
112,13.127266,-72.319092,2,1,200,13.127213745220129,-72.31913480257793,0.16434052333464652,True
112,13.127266,-72.319092,2,2,201,13.127352891892624,-72.3189736058397,0.43667920088223217,True
113,13.1284,-73.220673,1,1,85,13.128494102386945,-73.22072097145181,0.19846594075233057,True
114,13.1457,-72.433815,1,1,184,13.145706665095824,-72.4338669514855,0.18716549448349326,True
115,13.14854,-72.851479,1,1,120,13.148576777928126,-72.85146802201757,0.05555064925189906,True
116,13.162501,-73.009697,2,1,108,13.16249262818035,-73.00973319391056,0.13059536128110788,True
116,13.162501,-73.009697,2,2,109,13.16189437885231,-73.0095605959422,0.8052070901762884,True
117,13.163567,-72.740128,1,1,146,13.163588444243286,-72.74016072354242,0.12001091872212427,True
118,13.1687,-72.745171,1,1,145,13.168745571962774,-72.74518715774036,0.07583955710684372,True
119,13.169555,-72.756119,1,1,143,13.169564146889346,-72.75613590641818,0.06164091533211195,True
120,13.173921,-73.065315,1,1,94,13.174111580100359,-73.06534370967987,0.22498907616666777,True
121,13.189993,-73.073402,1,1,93,13.190088652608596,-73.07343029011714,0.14291098014441775,True
122,13.201415,-72.968979,2,1,114,13.200792295913654,-72.96885237508938,0.799312105930388,True
122,13.201415,-72.968979,2,2,115,13.201446714233175,-72.96898252321802,0.03576417900991164,True
123,13.211746,-72.775291,1,1,144,13.21178162710782,-72.77532481661322,0.12752658837342268,True
124,13.233808,-72.232277,2,1,207,13.233832828852789,-72.23226358054077,0.05547844036323689,True
124,13.233808,-72.232277,2,2,208,13.233232252117688,-72.23207512736533,0.9634388705476183,True
125,13.237359,-72.394661,1,1,195,13.237360242184476,-72.39467611959982,0.054447361718846905,True
126,13.241423,-72.580956,2,1,173,13.241371081685058,-72.58097336075988,0.08388498210174711,True
126,13.241423,-72.580956,2,2,174,13.242045619930673,-72.580799930048,0.8751625619961692,True
127,13.245275,-73.139763,1,1,89,13.245369194528482,-73.13976582781832,0.09887745514854665,True
128,13.249078,-73.441971,1,1,59,13.249090264100456,-73.44196914298504,0.014248103811620954,True
129,13.256099,-72.399757,1,1,194,13.256135134792876,-72.39979029393126,0.1261474063873417,True
130,13.256905,-72.508492,1,1,185,13.256863038750659,-72.50851493293538,0.09421987290849122,True
131,13.259931,-72.498817,1,1,186,13.259909224873542,-72.49882502723341,0.037293837914342716,True
132,13.268429,-72.562134,2,1,175,13.268441352145205,-72.56236855925775,0.8445184665481387,True
132,13.268429,-72.562134,2,2,176,13.26840834071835,-72.56214427874997,0.043197165082807014,True
133,13.279305,-72.171394,1,1,216,13.279326550332042,-72.1713965038307,0.025405852412137733,True
134,13.309965,-72.641273,2,1,150,13.309948915026506,-72.64129941132141,0.09663759411682103,True
134,13.309965,-72.641273,2,2,151,13.309551205397277,-72.64109638553454,0.7757515510731583,True
135,13.315513,-72.367493,1,1,196,13.315547839953048,-72.36750904717172,0.0691430318438499,True
136,13.316536,-73.259033,1,1,62,13.316564068987404,-73.2590819812491,0.1787185931654674,True
137,13.327935,-72.551033,1,1,177,13.327870524757861,-72.55106579532043,0.13705124436857674,True
138,13.329248,-71.703796,1,1,221,13.329160602266603,-71.70380616853434,0.10533755740110998,True
139,13.33919,-72.287971,1,1,205,13.339199722930267,-72.2879837145757,0.04699488193186964,True
140,13.339863,-71.844383,1,1,220,13.339783513620857,-71.8443971995156,0.10277815718660471,True
141,13.345563,-72.413216,1,1,188,13.345595470888425,-72.41324746236207,0.1186437521963177,True
142,13.348422,-72.783722,1,1,142,13.348438469007338,-72.78373227257335,0.040933500447500305,True
143,13.350006,-73.11042,1,1,90,13.350135978547724,-73.11044345394892,0.16003151961038412,True
144,13.358685,-72.489899,1,1,187,13.358676732535605,-72.48990930804328,0.03817413121932119,True
145,13.378453,-73.231285,1,1,86,13.378358638084196,-73.23129162332657,0.10086611392474933,True
146,13.378894,-72.532722,1,1,181,13.378898101792801,-72.53274979275074,0.10015202849994631,True
147,13.405291,-72.398819,1,1,197,13.405285840528922,-72.39884748921773,0.10271486118138677,True
148,13.407487,-72.422089,3,1,190,13.406775842445736,-72.42209990410645,0.7741722332981398,True
148,13.407487,-72.422089,3,2,191,13.408366317123855,-72.42216944705334,0.9989032617380622,True
148,13.407487,-72.422089,3,3,192,13.407544449998246,-72.42212334050159,0.13850848549697095,True
149,13.407679,-72.54425,1,1,178,13.407619434560226,-72.54430126225179,0.1954331087677184,True
150,13.412949,-72.393631,1,1,198,13.412961977124533,-72.39365708324112,0.09495699770399314,True
151,13.415298,-72.535828,2,1,179,13.41527013251372,-72.53586030099031,0.12011806255379909,True
151,13.415298,-72.535828,2,2,180,13.415370732082833,-72.53581194913727,0.09753766911403118,True
152,13.417728,-72.409355,1,1,193,13.417753725351998,-72.40938293074147,0.10437331530953714,True
153,13.42474,-72.908089,3,1,138,13.424775333730064,-72.90831151248953,0.8019168697674509,True
153,13.42474,-72.908089,3,2,139,13.42532288204645,-72.90821140178602,0.75796761181444,True
153,13.42474,-72.908089,3,3,140,13.424778696555164,-72.9080876032207,0.04125087853085159,True
154,13.427622,-72.287094,1,1,206,13.427726619507599,-72.2871232539368,0.15563309569612713,True
155,13.433085,-72.089363,2,1,217,13.433186256682184,-72.08952307280889,0.5870647816694886,True
155,13.433085,-72.089363,2,2,218,13.433118464526238,-72.08935345761847,0.05052470841966067,True
156,13.440647,-72.894165,1,1,141,13.440726366548365,-72.89416620517983,0.08415280230245686,True
157,13.442446,-72.531502,1,1,182,13.442430766910485,-72.53153714591633,0.12759168364998258,True
158,13.446713,-73.248802,1,1,64,13.446766804475438,-73.2488508250193,0.1844225924782652,True
159,13.470145,-71.632614,1,1,222,13.470125963757958,-71.63262300082795,0.03893941335756508,True
160,13.477901,-72.437256,1,1,189,13.477945062793188,-72.43730311789906,0.17624852227703475,True
161,13.485679,-72.911011,3,1,135,13.48585818056224,-72.91128340282467,0.9988014047555409,True
161,13.485679,-72.911011,3,2,136,13.48550152661169,-72.91092686516778,0.35635429248234696,True
161,13.485679,-72.911011,3,3,137,13.48573405779356,-72.9110114442618,0.05826670634374859,True
162,13.495741,-72.362373,1,1,199,13.495776584604627,-72.36241177742319,0.14489450007359309,True
163,13.495896,-72.262009,1,1,213,13.495942975074547,-72.26203798127489,0.11636061953293265,True
164,13.507475,-72.317116,2,1,211,13.50745439407059,-72.317147466198,0.11549756469348356,True
164,13.507475,-72.317116,2,2,212,13.50807769647373,-72.31721510792966,0.7494240125805753,True
165,13.511337,-73.25885,1,1,63,13.511349363762712,-73.25890160605417,0.1862236568860084,True
166,13.525363,-73.061119,1,1,95,13.525445396444889,-73.06114419039368,0.12527061518012092,True
167,13.531955,-72.380341,1,1,209,13.531996991518977,-72.38037983842484,0.1471156149460235,True
168,13.540397,-72.374336,1,1,210,13.54040501389162,-72.37436866954077,0.11793432848364739,True
169,13.567612,-72.239929,1,1,214,13.567684661819008,-72.23994336579774,0.09508537536923581,True
170,13.59046,-72.508453,1,1,266,13.590525829694517,-72.50848427693872,0.13323581485165695,True
171,13.610954,-72.679138,1,1,257,13.610985977288939,-72.67918014669911,0.15555088245845625,True
172,13.611973,-72.883247,1,1,249,13.611990209292088,-72.88329660198386,0.17949570078529364,True
173,13.620808,-72.742271,1,1,256,13.620853736821678,-72.74233953540131,0.25151641098808575,True
174,13.627097,-72.570183,1,1,265,13.62713478337381,-72.57020187673683,0.07923415792337644,True
175,13.638384,-72.180771,1,1,307,13.638458655558042,-72.1807413624865,0.13471455037657573,True
176,13.648799,-72.665016,1,1,258,13.648862083974745,-72.66502680450857,0.0780494933367837,True
177,13.653195,-72.309631,1,1,302,13.653295848896699,-72.30962616440071,0.11168790673288023,True
178,13.65933,-72.601669,2,1,259,13.659159720342354,-72.60179105080438,0.4760828574940405,True
178,13.65933,-72.601669,2,2,260,13.659378677366725,-72.6016685840466,0.05241998769808341,True
179,13.672227,-73.240891,1,1,231,13.67230789081566,-73.24094985535694,0.227911417789614,True
180,13.672755,-72.237221,1,1,306,13.672855445173903,-72.23720061720896,0.13249184978354958,True
181,13.67278,-72.486137,4,1,274,13.672877865842487,-72.48640354409598,0.9653984338985001,True
181,13.67278,-72.486137,4,2,275,13.673326524109575,-72.48634629072248,0.9582519139877959,True
181,13.67278,-72.486137,4,3,276,13.672821429342292,-72.48613753298271,0.04492436468672567,True
181,13.67278,-72.486137,4,4,277,13.672173139354642,-72.48594086378245,0.9647881348357321,True
182,13.673452,-73.128853,1,1,233,13.673444145762607,-73.12889846592684,0.16388291442766528,True
183,13.693553,-72.46489,1,1,291,13.6935549530675,-72.46488806542476,0.00727951961999376,True
184,13.699284,-71.76387,1,1,401,13.699282413847449,-71.76387982979239,0.03543233908263116,True
185,13.699347,-71.414688,1,1,434,13.699301462964765,-71.41469933488182,0.06629457554049557,True
186,13.70945,-73.0466,1,1,236,13.709461957692954,-73.04664319031781,0.15599100436344154,True
187,13.712406,-73.099899,2,1,234,13.712405929642628,-73.09994221926354,0.15558936620759758,True
187,13.712406,-73.099899,2,2,235,13.7125073592752,-73.09969115183152,0.7557350041145228,True
188,13.726891,-73.15094,1,1,232,13.726883245607931,-73.15100110343266,0.2201211239544517,True
189,13.761648,-72.768044,2,1,254,13.761721418540326,-72.76809256887648,0.1915788000440038,True
189,13.761648,-72.768044,2,2,255,13.761719184708689,-72.76787486965972,0.6135837737368527,True
190,13.767206,-72.472443,1,1,290,13.767197608673687,-72.47244872552942,0.022530441088909902,True
191,13.784495,-72.567459,2,1,267,13.783689341985555,-72.56748502817489,0.8739374489028722,True
191,13.784495,-72.567459,2,2,268,13.784515211895409,-72.56751792191535,0.21323601488572244,True
192,13.789353,-72.515457,3,1,270,13.789455252612553,-72.5154650765492,0.11435594974664928,True
192,13.789353,-72.515457,3,2,271,13.788674477665358,-72.51549011898359,0.743520760801567,True
192,13.789353,-72.515457,3,3,272,13.788922976673009,-72.51531293657087,0.6966442729314651,True
193,13.79491,-72.45266,1,1,292,13.794872970247424,-72.45267369369668,0.06360471816116338,True
194,13.802364,-72.436417,1,1,293,13.802341622487546,-72.43643642949104,0.07405020605211932,True
195,13.803228,-72.51178,1,1,273,13.80326716029851,-72.51179262735731,0.06213907162680751,True
196,13.813378,-72.33728,2,1,300,13.813452410835856,-72.33727777094902,0.08167318916159823,True
196,13.813378,-72.33728,2,2,301,13.814287146835964,-72.3372606595662,0.9954879004215228,True
197,13.841566,-71.789406,1,1,414,13.841543821916945,-71.78941837816251,0.051071306513875245,True
198,13.863108,-71.555687,1,1,431,13.863121599715166,-71.55569680734925,0.03855488324935836,True
199,13.865672,-72.729294,1,1,261,13.865737147490647,-72.72934413344363,0.19344605116016222,True
200,13.869121,-72.487114,1,1,278,13.869083340953765,-72.48713435467903,0.08386805928831291,True
201,13.875625,-72.480446,1,1,279,13.875631789057884,-72.48045800834663,0.04385166073368982,True
202,13.89679,-72.545395,1,1,269,13.896817397684682,-72.54543764655276,0.15635205767490115,True
203,13.924053,-72.303223,1,1,304,13.924161641347242,-72.30320944919487,0.1285083289350085,True
204,13.948352,-72.658638,2,1,263,13.94843570430038,-72.65868795584868,0.2010221999677528,True
204,13.948352,-72.658638,2,2,264,13.949206684130871,-72.65866486063798,0.9221852904186474,True
205,13.952626,-73.043114,1,1,237,13.952650188982727,-73.04316271241788,0.17719422477711375,True
206,13.972648,-72.196625,1,1,308,13.972743997236373,-72.19661536011249,0.11121762962445014,True
207,13.995879,-71.522568,1,1,433,13.995920858679971,-71.52254884937932,0.08386853707730332,True
208,13.998293,-72.175369,1,1,309,13.998379723170551,-72.1753688898514,0.09556772084751548,True
209,14.002332,-72.83284,1,1,253,14.002297836169898,-72.83290408463716,0.2335432852492548,True
210,14.004046,-72.460983,2,1,294,14.00406836020612,-72.46113293014359,0.5402933578945652,True
210,14.004046,-72.460983,2,2,295,14.004053403826479,-72.46101421612535,0.1126647389082305,True
211,14.007276,-72.499931,1,1,281,14.007269349861225,-72.49991154114205,0.07042083375620807,True
212,14.018476,-71.629814,2,1,429,14.018158472372804,-71.62989082825139,0.45418025925790595,True
212,14.018476,-71.629814,2,2,430,14.018471935003351,-71.62979195299754,0.07950309226825567,True
213,14.029873,-72.470512,1,1,284,14.029954460008497,-72.4705080341727,0.08947412998090618,True
214,14.037303,-72.277908,1,1,305,14.037247946644275,-72.27788618033448,0.09904498757973414,True
215,14.045771,-72.44059,2,1,296,14.045833399520575,-72.44084178616745,0.908960236815181,True
215,14.045771,-72.44059,2,2,297,14.045789154424405,-72.44057497847375,0.05756002613756886,True
216,14.057666,-72.04567,1,1,403,14.05763445997288,-72.04560346583956,0.24206678627809203,True
217,14.061519,-72.42244,2,1,298,14.060723594448723,-72.42239072643201,0.8827619608283812,True
217,14.061519,-72.42244,2,2,299,14.061537827885562,-72.42242070725457,0.0724074615239721,True
218,14.087205,-72.84552,3,1,250,14.087176271914592,-72.84554949002813,0.11045952214563344,True
218,14.087205,-72.84552,3,2,251,14.086844747583143,-72.84542718785578,0.5079000523592362,True
218,14.087205,-72.84552,3,3,252,14.087621940454566,-72.84538601602902,0.654714797558483,True
219,14.090327,-72.459961,1,1,288,14.090416391325798,-72.45995827144574,0.09748039260400275,True
220,14.094011,-72.476639,1,1,285,14.09406884996775,-72.4766229089289,0.08536787448590734,True
221,14.099992,-72.487503,2,1,282,14.099398250451411,-72.48768321192982,0.9135639316383919,True
221,14.099992,-72.487503,2,2,283,14.099999417392851,-72.48748637729808,0.06037877561580428,True
222,14.10552,-72.471741,1,1,286,14.105534220449051,-72.47172208720815,0.06980998783812306,True
223,14.113846,-72.468483,1,1,287,14.113892691104306,-72.46846467714843,0.0831549417726837,True
224,14.115696,-73.507523,3,1,228,14.115759314893772,-73.50778790359021,0.9558456748491693,True
224,14.115696,-73.507523,3,2,229,14.115631651154375,-73.50755817658832,0.14269402667420888,True
224,14.115696,-73.507523,3,3,230,14.115543483103632,-73.50743713470914,0.3461914138528934,True
225,14.127534,-72.231476,1,1,371,14.12751953872294,-72.23143209235195,0.15886395612761892,True
226,14.128729,-71.77256,2,1,415,14.128676602362813,-71.77256517162783,0.061869714338829276,True
226,14.128729,-71.77256,2,2,416,14.128655467663611,-71.77246011069185,0.3690111405912547,True
227,14.129824,-72.152824,1,1,372,14.129842745402506,-72.15275045264482,0.2655770404068687,True
228,14.148048,-72.254349,2,1,363,14.148018628441095,-72.25431388082035,0.13047202186518772,True
228,14.148048,-72.254349,2,2,364,14.147432723426089,-72.25416822177466,0.9377231786219409,True
229,14.159138,-72.310638,1,1,303,14.15909817279357,-72.31061190606624,0.10354902750387893,True
230,14.19015,-72.242996,1,1,365,14.190100403589147,-72.2429659764517,0.12102684744328401,True
231,14.200639,-71.179138,1,1,435,14.200718665078965,-71.17915806921944,0.11738997602513512,True
232,14.242771,-72.521553,1,1,280,14.24277968167868,-72.52155633417694,0.015237773814874173,True
233,14.255295,-72.14254,1,1,374,14.25532247938519,-72.14249253321142,0.17355222550609734,True
234,14.264679,-72.334267,2,1,361,14.263785807594603,-72.33430487659868,0.9852639345243931,True
234,14.264679,-72.334267,2,2,362,14.264664405535106,-72.33425464742342,0.04724115990069332,True
235,14.268831,-72.494507,1,1,289,14.268857956253122,-72.49451035861141,0.031595176549723276,True
236,14.270352,-72.241432,1,1,368,14.270326051846316,-72.24140963455241,0.08540808879511505,True
237,14.276385,-72.254517,2,1,366,14.276730086475409,-72.25464724960337,0.6026901701164994,True
237,14.276385,-72.254517,2,2,367,14.27642879571239,-72.25451347778137,0.04969923064420016,True
238,14.299565,-72.369591,1,1,345,14.299528757195652,-72.36957905622641,0.058398812316141184,True
239,14.311585,-71.504509,1,1,432,14.311645510436103,-71.50450587621083,0.07001366599748762,True
240,14.338515,-72.110527,1,1,402,14.338533614454077,-72.11049123171534,0.1304008265350947,True
241,14.347047,-72.02668,2,1,409,14.347090295785748,-72.02692322560894,0.8769320905930688,True
241,14.347047,-72.02668,2,2,410,14.347082427300867,-72.02660257342056,0.28150027700815117,True
242,14.37155,-72.161362,1,1,373,14.371589091590497,-72.1613125522232,0.18315789372563954,True
243,14.385288,-72.100685,1,1,404,14.385303326178956,-72.1006456481421,0.1426779921103737,True
244,14.391292,-72.070297,2,1,405,14.391107668927123,-72.07041975981615,0.48686714527962344,True
244,14.391292,-72.070297,2,2,406,14.391276874482964,-72.07023750614495,0.21483287124008424,True
245,14.408075,-72.058754,1,1,408,14.408140322660097,-72.05869300751115,0.2312137303026373,True
246,14.44261,-72.705765,1,1,262,14.442577456433856,-72.70576450822671,0.0348732123649876,True
247,14.472133,-72.412888,1,1,344,14.472179253291356,-72.41284064607554,0.17774357719977216,True
248,14.472561,-72.083511,1,1,407,14.47261200265829,-72.08345261969579,0.21762694960538922,True
249,14.481763,-72.422295,1,1,343,14.48181713119826,-72.42224914587973,0.1752517538654156,True
250,14.487046,-73.562134,1,1,227,14.487017183956521,-73.56216676296104,0.12154481698594204,True
251,14.506239,-72.594238,1,1,316,14.50628035465168,-72.59421708781231,0.08746991787283089,True
252,14.507126,-72.326561,2,1,346,14.507224117474555,-72.32652517219442,0.1677358861867515,True
252,14.507126,-72.326561,2,2,347,14.50712801087636,-72.32638561126232,0.6314032805371065,True
253,14.558781,-71.969238,1,1,411,14.558832982222581,-71.96919180633482,0.17609635513919816,True
254,14.596641,-72.359787,1,1,350,14.596733372581923,-72.35975149833739,0.16275617013448543,True
255,14.689378,-72.276627,1,1,369,14.689453897000968,-72.27661364274756,0.09607639441284016,True
256,14.71651,-72.348312,1,1,351,14.716559895404457,-72.34830257659026,0.06416797912965841,True
257,14.722887,-72.360008,1,1,348,14.722965430072826,-72.35997878751725,0.13557446894134528,True
258,14.727953,-72.849892,1,1,310,14.727923854793538,-72.8499392481498,0.1728842855454945,True
259,14.729435,-72.552078,1,1,317,14.729509339599655,-72.55208017407489,0.08062441383068748,True
260,14.733524,-71.976097,1,1,413,14.733620979608045,-71.97607128725669,0.1422594933345915,True
261,14.739664,-72.288078,1,1,370,14.739747530006841,-72.2880534709493,0.12715021410835153,True
262,14.775518,-71.783722,1,1,417,14.775522255039798,-71.78372833471005,0.02330227436611944,True
263,14.804474,-72.377014,1,1,349,14.804498529336593,-72.37699298678162,0.08023280876054475,True
264,14.821316,-71.810242,2,1,418,14.820462612392715,-71.81028645170424,0.9722905496441479,True
264,14.821316,-71.810242,2,2,419,14.821362616969363,-71.81026721674213,0.10481194955492826,True
265,14.872271,-72.330978,1,1,352,14.872274114633317,-72.33095014248028,0.10034479923517303,True
266,14.916991,-72.226891,1,1,375,14.91705726585873,-72.22685212464353,0.15776249423319202,True
267,14.925954,-72.163506,2,1,376,14.926084503980833,-72.1636249480327,0.4517463854027351,True
267,14.925954,-72.163506,2,2,377,14.925976517301272,-72.16348394205326,0.08319995563272047,True
268,15.005334,-72.48336,1,1,342,15.005404974815992,-72.48338425972719,0.11636841677027082,True
269,15.007992,-72.017464,1,1,412,15.008087967483268,-72.01743564877722,0.1476262278734229,True
270,15.026778,-72.428185,1,1,354,15.026848697919972,-72.42819268508286,0.08166660252857251,True
271,15.054616,-72.334679,2,1,357,15.054632313192092,-72.33467004541897,0.036834601811503505,True
271,15.054616,-72.334679,2,2,358,15.054531013127807,-72.33451577085721,0.5949142778065474,True
272,15.056647,-72.352814,1,1,356,15.056675567987716,-72.35279252062915,0.08337464039790482,True
273,15.098814,-72.631149,1,1,315,15.098893229773676,-72.63117574328975,0.12852613578927075,True
274,15.138538,-72.563477,1,1,318,15.13864881155989,-72.56349562275432,0.13705316673345366,True
275,15.145673,-72.366623,1,1,359,15.14573782349916,-72.36662800128447,0.07294877267696769,True
276,15.154256,-72.690392,1,1,314,15.154371018617923,-72.69043563175404,0.19962565146236824,True
277,15.201425,-73.687996,2,1,225,15.201468366003082,-73.68801470719161,0.08036261360409845,True
277,15.201425,-73.687996,2,2,226,15.200824798999712,-73.68777781459706,0.9926048600534682,True
278,15.210984,-72.48114,1,1,323,15.211049590332488,-72.48114226323094,0.07154378860833273,True
279,15.267479,-72.440582,1,1,353,15.267459585417352,-72.44057164894585,0.04281609831048791,True
280,15.302052,-72.268593,1,1,360,15.30207537516136,-72.26857074665445,0.08411159454105997,True
281,15.340866,-71.954842,1,1,420,15.340912694232495,-71.95482608442695,0.0774227561336025,True
282,15.444264,-72.437416,1,1,355,15.4442785558894,-72.43741718192835,0.01637441508930757,True
283,15.444664,-72.562927,2,1,321,15.444718896273864,-72.56294072477935,0.07712538578273422,True
283,15.444664,-72.562927,2,2,322,15.444751950562653,-72.56275965170774,0.6098791961210345,True
284,15.456195,-72.095955,1,1,395,15.456221007927669,-72.0959194352337,0.13122876714672232,True
285,15.554542,-72.939476,2,1,244,15.55450465323777,-72.93952472665245,0.17979609046950812,True
285,15.554542,-72.939476,2,2,245,15.554651386852248,-72.93925716252132,0.7962412096213394,True
286,15.61304,-72.279282,1,1,383,15.61309412255404,-72.27930219865519,0.09383286542635413,True
287,15.645905,-72.505547,2,1,324,15.645952271508676,-72.50555751559817,0.0636411004255076,True
287,15.645905,-72.505547,2,2,325,15.646040165127367,-72.50529350793067,0.9242206807901576,True
288,15.646989,-72.192581,1,1,387,15.647004022021846,-72.19259069925222,0.03863597468521601,True
289,15.658785,-72.135178,1,1,392,15.658852534275198,-72.13516844653101,0.0821312859154184,True
290,15.664665,-71.832069,1,1,422,15.664696096571797,-71.8320956693885,0.10215812722173336,True
291,15.664685,-72.301323,1,1,381,15.66468424465041,-72.30131876397715,0.015272073080646549,True
292,15.666333,-72.190926,1,1,388,15.666386414750074,-72.19091781286303,0.06578421096099267,True
293,15.705051,-72.156441,1,1,390,15.705086316049794,-72.15642713394438,0.06332037642717855,True
294,15.727274,-72.545883,2,1,319,15.727295955590092,-72.54589304651863,0.043244982650054185,True
294,15.727274,-72.545883,2,2,320,15.727371378432283,-72.54563662861726,0.8931481016444387,True
295,15.739019,-73.128609,1,1,242,15.739013274197765,-73.12866717902877,0.20952992297083448,True
296,15.752757,-72.503365,1,1,326,15.752807952272155,-72.5033807063199,0.07898317961574576,True
297,15.771704,-72.154785,1,1,391,15.771764488659457,-72.15479093537981,0.07006899003627216,True
298,15.781884,-72.210083,1,1,389,15.781962793149937,-72.21010476840293,0.11684181197074318,True
299,15.787205,-71.930763,1,1,421,15.787184980914764,-71.93077487451065,0.048239817865209665,True
300,15.841267,-72.84407,1,1,311,15.841325261709521,-72.84411158889894,0.16199928525005877,True
301,15.856523,-72.042595,1,1,397,15.856566369157774,-72.04261268898932,0.07982650288263121,True
302,15.898766,-72.283546,1,1,382,15.898810965180989,-72.28356382308596,0.08089130684006107,True
303,15.940762,-72.818794,1,1,312,15.940785537733388,-72.81885209354361,0.21062931385268185,True
304,15.947997,-72.071434,1,1,396,15.948028081662866,-72.07147734168481,0.15978672635789112,True
305,15.954565,-73.712296,1,1,224,15.95457502035768,-73.71236823968599,0.26025958616558853,True
306,15.977364,-72.827797,1,1,313,15.977449010611574,-72.82779070256122,0.09315682839560432,True
307,15.993419,-71.90551,1,1,423,15.993413263179614,-71.905527768092,0.06428594058196056,True
308,15.995159,-72.385849,2,1,378,15.995032515183738,-72.38594412701866,0.36913810543020403,True
308,15.995159,-72.385849,2,2,379,15.995193097869953,-72.385825499041,0.09239878021457977,True
309,16.024857,-73.818291,1,1,223,16.024801302863906,-73.8182825143308,0.06368409367190124,True
310,16.029622,-72.642746,1,1,330,16.029678473855565,-72.64272848696129,0.08748476967876734,True
311,16.050177,-72.978088,1,1,243,16.050215106271626,-72.97807573268528,0.059691001746519756,True
312,16.101214,-72.178276,2,1,393,16.101250697106583,-72.17826134782011,0.06646173103586887,True
312,16.101214,-72.178276,2,2,394,16.10194315731926,-72.17820103897259,0.8475012031356793,True
313,16.113623,-72.547836,1,1,335,16.11366603720033,-72.54782049369665,0.07263110560787152,True
314,16.180614,-71.649818,2,1,427,16.18059097240473,-71.64982296969517,0.03164215524068642,True
314,16.180614,-71.649818,2,2,428,16.18052950295905,-71.64956501461307,0.9157685712911223,True
315,16.197788,-72.044441,1,1,399,16.197810106019745,-72.044452696217,0.04873226319015792,True
316,16.230061,-72.513527,1,1,337,16.23005796101254,-72.51353906854297,0.04357094505804183,True
317,16.24057,-72.385185,1,1,380,16.24059128151299,-72.38517967982156,0.0300723136446721,True
318,16.264754,-72.108932,1,1,398,16.264813175569113,-72.10894671376501,0.08419528083582216,True
319,16.297483,-72.724457,1,1,329,16.29752299030485,-72.72448760834578,0.11819329748169358,True
320,16.299472,-71.72628,2,1,425,16.299457538812998,-71.72629184234205,0.04565076620467068,True
320,16.299472,-71.72628,2,2,426,16.299792492373488,-71.72614129701181,0.6166134573905493,True
321,16.382862,-72.763603,2,1,327,16.3820079379828,-72.76366584531412,0.9387262121997036,True
321,16.382862,-72.763603,2,2,328,16.38294327271304,-72.7636000311709,0.0873526257406528,True
322,16.445653,-71.772797,1,1,424,16.445657231344796,-71.77277659498976,0.07361239560180816,True
323,16.457567,-72.369637,1,1,384,16.457633170425495,-72.36963132701835,0.07498370513549811,True
324,16.537387,-72.402466,1,1,340,16.537468112938235,-72.40248098541566,0.10346033305455533,True
325,16.553088,-72.631592,1,1,331,16.553155173689476,-72.63159015779222,0.07249237802464488,True
326,16.562863,-72.560211,1,1,336,16.562909018964945,-72.56019382653194,0.07929391659659538,True
327,16.563437,-72.591248,1,1,332,16.563466959966394,-72.59125021176264,0.033236862207798215,True
328,16.571746,-72.462975,1,1,338,16.57174282118599,-72.46297997371681,0.018234392314747643,True
329,16.671322,-72.896004,1,1,246,16.671477117253037,-72.89601556139178,0.169427574577127,True
330,16.791081,-73.498528,2,1,238,16.790896907480565,-73.49878778649567,0.9539876881716453,True
330,16.791081,-73.498528,2,2,239,16.791069948615835,-73.49855682147212,0.1043708718932394,True
331,16.823183,-73.22393,2,1,240,16.82317276319664,-73.22415486262953,0.8095753456150154,True
331,16.823183,-73.22393,2,2,241,16.82319921299146,-73.22394893380628,0.07021269421456022,True
332,16.834747,-72.852707,2,1,247,16.834760249236226,-72.85272221470542,0.05654935690669823,True
332,16.834747,-72.852707,2,2,248,16.8356783434618,-72.85269940847233,0.9888918687341306,True
333,16.846935,-72.442535,1,1,339,16.84691299175296,-72.442581495456,0.16908140263683472,True
334,16.875432,-72.409515,1,1,341,16.875365433296672,-72.40957039866856,0.21217760376335323,True
335,16.897636,-72.276939,1,1,385,16.897624307058898,-72.27694514876012,0.025577096064361794,True
336,16.956915,-72.214272,1,1,386,16.956911567950435,-72.21429893798839,0.0970501678293708,True
337,16.976536,-72.683044,1,1,333,16.97645777877381,-72.6830841369138,0.16704444823512624,True
338,16.982439,-72.673393,1,1,334,16.982369222382665,-72.67344074548863,0.1874588264091195,True
339,17.022895,-72.14518,1,1,400,17.022902038244524,-72.14523248284908,0.18909790372336693,True
340,17.030683,-71.81395,1,1,620,17.030679942615073,-71.8139789786573,0.10437970860234651,True
341,17.048329,-72.521729,1,1,599,17.048269976127656,-72.52176845089137,0.155703032894613,True
342,17.051814,-71.691063,1,1,621,17.051836680702465,-71.69109875812492,0.13125977197573138,True
343,17.061598,-72.624634,1,1,598,17.061578098953653,-72.62465821449011,0.08975930164892777,True
344,17.063286,-72.503166,1,1,600,17.063213894591133,-72.50319959382418,0.14393297122426832,True
345,17.121713,-72.45359,1,1,601,17.121596577474705,-72.45365060044708,0.2521115681711197,True
346,17.226705,-73.999603,1,1,584,17.2265637419678,-73.99958749643316,0.1508759371767016,True
347,17.22848,-72.414505,1,1,615,17.228426751639915,-72.41447100435407,0.1353965396176357,True
348,17.314073,-72.275597,1,1,616,17.314069351212144,-72.27556186867409,0.12653598063633845,True
349,17.321614,-71.556213,1,1,622,17.321612753781128,-71.55622087571709,0.02838808742727811,True
350,17.334506,-71.411934,3,1,623,17.334027912335472,-71.41204146133389,0.6713048203125133,True
350,17.334506,-71.411934,3,2,624,17.33457210830505,-71.41194314723722,0.08270094052347969,True
350,17.334506,-71.411934,3,3,625,17.334333573455705,-71.4118103586303,0.4871072766628338,True
351,17.354747,-72.260063,1,1,617,17.35479274720138,-72.2600523903566,0.06306285258254339,True
352,17.629456,-73.466484,1,1,593,17.62939454036384,-73.46649139911999,0.068366371846082,True
353,17.689535,-73.286728,1,1,595,17.689532572440495,-73.28675604955936,0.10100968477145617,True
354,17.793628,-73.086525,2,1,596,17.79355328672803,-73.08653941346515,0.09389077928906091,True
354,17.793628,-73.086525,2,2,597,17.793118171160785,-73.08646748019719,0.5727093944370293,True
355,18.18153,-73.294205,1,1,594,18.181555486623417,-73.29423295447957,0.104034878976316,True
356,18.234879,-73.533585,1,1,586,18.234953046383367,-73.53360358080525,0.10091378023360081,True
357,18.263969,-73.205635,1,1,611,18.263947882647518,-73.2056852712569,0.18230467751463175,True
358,18.325872,-73.363472,1,1,602,18.3259025114373,-73.3635103949421,0.14175402442642077,True
359,18.409569,-73.278755,1,1,603,18.409594015019756,-73.27878217645723,0.10120800679700381,True
360,18.6571,-71.876244,2,1,618,18.657442258599342,-71.8763668842499,0.5853249298140352,True
360,18.6571,-71.876244,2,2,619,18.657009208132287,-71.87625165328508,0.10534051420490345,True
361,18.69335,-73.35096,1,1,604,18.693341228255775,-73.35097681006285,0.06118880476919402,True
362,18.752301,-73.799683,1,1,585,18.752292371660037,-73.79969733922346,0.0523435916821138,True
363,18.756336,-73.666168,1,1,589,18.756391702817208,-73.66616083033001,0.062021631550593474,True
364,18.861405,-73.337494,2,1,605,18.861450464503804,-73.337505724581,0.06311902630193063,True
364,18.861405,-73.337494,2,2,606,18.860919141062475,-73.3372548592919,0.9963380579219093,True
365,18.869048,-73.260292,1,1,607,18.86904756085415,-73.26031518548307,0.08346898101699463,True
366,19.104533,-73.146667,1,1,612,19.104505705812826,-73.1466766668866,0.04497371243941478,True
367,19.219859,-73.216873,1,1,609,19.219809396855617,-73.21690620337311,0.13017916046037342,True
368,19.275741,-73.647217,1,1,587,19.275773509659984,-73.64721252777782,0.03667416177880204,True
369,19.3377,-73.595901,1,1,590,19.33771309665602,-73.59590092638277,0.013317697188746211,True
370,19.345612,-73.35466,1,1,608,19.345587278499192,-73.35467540204374,0.06102706142970683,True
371,19.363246,-72.677254,1,1,614,19.363292142202067,-72.67725811923715,0.05163568963879108,True
372,19.417553,-73.202896,1,1,610,19.417647174421436,-73.20288067894535,0.11243205062115684,True
373,19.435629,-73.481575,1,1,592,19.43562422039727,-73.48157999086422,0.018621252391947937,True
374,19.470878,-73.62368,1,1,588,19.470839936155098,-73.6236580773667,0.08787067368288665,True
375,19.917681,-73.335297,1,1,613,19.91767893081625,-73.33529695313268,0.002142823135294017,True
376,19.928189,-73.5327,1,1,591,19.92815990012064,-73.53271007168358,0.046866815978034077,True
377,68.923506,-72.361092,2,1,436,68.9234699099949,-72.36109481336321,0.040651103841971105,True
377,68.923506,-72.361092,2,2,437,68.92379424466876,-72.36103560393069,0.3742849095207128,True
378,69.807742,-71.735428,0,0,-1,,,,False
379,70.332642,-70.115997,1,1,452,70.33264477892881,-70.11602516161207,0.10143888609716192,True
380,70.510723,-70.524918,1,1,451,70.51073836052142,-70.52491622908597,0.019507321399388593,True
381,70.779561,-70.458649,1,1,448,70.77964039338286,-70.45867797579054,0.141495105833094,True
382,70.956826,-69.304626,1,1,514,70.95683831349855,-69.30465176584947,0.09407064121705497,True
383,71.327625,-69.27739,3,1,511,71.32746021904295,-69.27750212247376,0.45495665995105183,True
383,71.327625,-69.27739,3,2,512,71.32801703184424,-69.27738086671218,0.5004665101238026,True
383,71.327625,-69.27739,3,3,513,71.3276628775353,-69.27738896182733,0.04839438809043692,True
384,71.40502,-70.251076,2,1,449,71.40466504173074,-70.2512359102422,0.71961101922113,True
384,71.40502,-70.251076,2,2,450,71.4050793454573,-70.25109080177003,0.08972640322578755,True
385,71.533928,-68.915482,1,1,526,71.53401514544697,-68.91549742300255,0.1257785537958235,True
386,71.888462,-69.242455,1,1,524,71.8884750479102,-69.24247036488735,0.05776452062124844,True
387,71.975142,-69.179344,1,1,525,71.97515849233844,-69.17934359808625,0.021153109791857274,True
388,72.030049,-69.468002,1,1,510,72.03010751932129,-69.4680077673591,0.07674991414019285,True
389,72.255617,-68.976868,1,1,519,72.25560845010301,-68.97684361016769,0.08849498868619621,True
390,72.268664,-68.907272,1,1,527,72.26865297274581,-68.90725662365088,0.05716873465667358,True
391,72.30168,-69.456535,0,0,-1,,,,False
392,72.306186,-69.787003,4,1,498,72.30628046314763,-69.78699630030343,0.11994698095976135,True
392,72.306186,-69.787003,4,2,499,72.30570271774748,-69.78713918250786,0.7756943832164052,True
392,72.306186,-69.787003,4,3,500,72.30676827137756,-69.78694300202957,0.7557749788201615,True
392,72.306186,-69.787003,4,4,501,72.30624218089018,-69.78678036309071,0.8045334651745345,True
393,72.329389,-69.431839,1,1,509,72.32944529762581,-69.43181863631169,0.10219636624654957,True
394,72.47404,-69.754547,1,1,504,72.47421381229003,-69.75453231940594,0.22288386556145828,True
395,72.485769,-69.755859,1,1,503,72.48587856541008,-69.75582751240246,0.17741779442754815,True
396,72.513294,-68.259689,1,1,543,72.51333105699071,-68.25967981235392,0.059461481935680946,True
397,72.569551,-69.969131,1,1,464,72.56962606670264,-69.96909585770855,0.15675945336328578,True
398,72.572915,-69.397163,2,1,507,72.57311720500718,-69.39741943225998,0.9580347864936503,True
398,72.572915,-69.397163,2,2,508,72.57297639047837,-69.39712881451766,0.1455806830975998,True
399,72.593866,-69.332047,1,1,515,72.59390962545777,-69.332008437264,0.14948340092774284,True
400,72.654389,-69.99234,1,1,461,72.65448892950161,-69.99230843085492,0.16752962682064768,True
401,72.662716,-69.983589,1,1,463,72.66280797600936,-69.98357347697389,0.126364960067038,True
402,72.667214,-69.712425,1,1,502,72.66738685534379,-69.71238453765852,0.26033140607115973,True
403,72.732719,-69.431274,1,1,506,72.73278732635079,-69.43124061308511,0.1480354768906412,True
404,72.782142,-70.277702,1,1,447,72.78206259168662,-70.27769190091495,0.10309365120368509,True
405,72.806542,-69.194733,1,1,516,72.80663784070984,-69.19473528679117,0.1228271740596124,True
406,72.810664,-68.962128,1,1,523,72.81069089908699,-68.96213138715893,0.03683949983491196,True
407,72.937831,-69.504936,1,1,505,72.93797383454344,-69.5049528086628,0.1899336193949041,True
408,72.937915,-69.77256,2,1,475,72.93781923860246,-69.77266786601541,0.4061989580295744,True
408,72.937915,-69.77256,2,2,476,72.9379346277916,-69.77248015637346,0.28847342098181,True
409,72.941734,-68.886284,1,1,521,72.94170315878577,-68.88623639269697,0.17599101281232268,True
410,72.976371,-69.024078,1,1,518,72.97641301889476,-69.02409125007924,0.07216346723587068,True
411,73.033181,-66.818192,0,0,-1,,,,False
412,73.039665,-70.505318,1,1,446,73.0396992084246,-70.50534823860201,0.11635845057127396,True
413,73.073257,-66.912819,0,0,-1,,,,False
414,73.080188,-69.078506,1,1,517,73.0801946097658,-69.07850232975643,0.015709192097064936,True
415,73.222376,-67.095154,0,0,-1,,,,False
416,73.245894,-69.880737,1,1,462,73.2460200985265,-69.88074216136239,0.15725085635737035,True
417,73.291444,-66.960022,1,1,578,73.29159277930366,-66.96003964559021,0.2190354726857377,True
418,73.297462,-68.648354,1,1,522,73.29738237605346,-68.64830624089217,0.2011293558792646,True
419,73.355576,-68.916763,1,1,520,73.35555843696328,-68.91672444963963,0.1406326761547723,True
420,73.394164,-67.078598,1,1,558,73.39428728150783,-67.07853560214018,0.28343828326336784,True
421,73.404957,-69.718651,2,1,473,73.40556105974265,-69.71883078442575,0.9935238556822097,True
421,73.404957,-69.718651,2,2,474,73.40508940139124,-69.71861700238912,0.20561425089843882,True
422,73.422152,-69.073898,1,1,494,73.42217316736271,-69.07384532540947,0.1915717399197675,True
423,73.512351,-69.834541,1,1,470,73.51249879265158,-69.8345206116643,0.19755697147980275,True
424,73.523972,-69.765968,1,1,471,73.52404046740938,-69.76596645329673,0.08542906418496861,True
425,73.566326,-66.301208,0,0,-1,,,,False
426,73.573663,-67.093658,0,0,-1,,,,False
427,73.59903,-70.901611,1,1,444,73.59909575116231,-70.90157312504616,0.1568101166559509,True
428,73.645546,-66.646965,1,1,581,73.64574223088778,-66.64687403266953,0.43088239562002756,True
429,73.672778,-69.4366,1,1,491,73.67288673383956,-69.4365758137783,0.1627426602597902,True
430,73.678207,-69.285744,1,1,493,73.67823710232126,-69.28571721204906,0.10377508100060943,True
431,73.691707,-68.962776,1,1,497,73.69169883339471,-68.96272944841762,0.16791768206673285,True
432,73.708893,-66.939491,2,1,576,73.70909542893617,-66.9394687496927,0.2964771651484817,True
432,73.708893,-66.939491,2,2,577,73.7087010508505,-66.93949771157716,0.27174965414816216,True
433,73.738997,-66.752464,0,0,-1,,,,False
434,73.764138,-68.222588,1,1,539,73.7641268098978,-68.2225647236902,0.08511712308934294,True
435,73.770646,-69.798615,2,1,465,73.77073128962655,-69.79869278013423,0.2994105829601121,True
435,73.770646,-69.798615,2,2,466,73.77065449972363,-69.79858445410942,0.1104717028306571,True
436,73.7762,-67.475845,1,1,544,73.77630358233864,-67.47581252075742,0.18459868012861932,True
437,73.790355,-69.486183,1,1,472,73.79041898740188,-69.48617876964744,0.08214794250167372,True
438,73.83998,-67.436485,0,0,-1,,,,False
439,73.887955,-67.338417,2,1,556,73.88864336022367,-67.33842003787883,0.9548420242737412,True
439,73.887955,-67.338417,2,2,557,73.88799593594058,-67.33837219094639,0.17101367738190987,True
440,73.919471,-69.87233,1,1,456,73.9193934357635,-69.87231470281453,0.11074943727436783,True
441,73.970039,-69.706245,1,1,469,73.96993704197708,-69.70622157429754,0.15270399691669811,True
442,73.974836,-66.416481,1,1,580,73.97474286991259,-66.41648466805663,0.13478437234132742,True
443,73.978905,-69.725128,2,1,467,73.97836609968196,-69.72519234960187,0.7110647866079763,True
443,73.978905,-69.725128,2,2,468,73.97894821959015,-69.72514351189668,0.07762308414090396,True
444,74.058839,-67.413483,1,1,554,74.05895607808037,-67.4134622233789,0.17832583928499018,True
445,74.063274,-66.20369,0,0,-1,,,,False
446,74.073144,-66.305267,0,0,-1,,,,False
447,74.108788,-69.673508,1,1,460,74.10887805990241,-69.6734853424504,0.13905774894658426,True
448,74.114236,-67.933502,1,1,542,74.11372435735846,-67.93345498246154,0.7123761437661502,True
449,74.114566,-69.379623,1,1,490,74.11469398701495,-69.37965599187706,0.20108845056755767,True
450,74.118794,-69.711594,1,1,459,74.1188913248274,-69.71161154418535,0.13692576300436526,True
451,74.127341,-66.302498,0,0,-1,,,,False
452,74.145976,-66.875214,2,1,573,74.14602859207756,-66.87520482948588,0.0813565872797524,True
452,74.145976,-66.875214,2,2,574,74.14597124825724,-66.87508646001434,0.4591930968787309,True
453,74.147677,-68.25647,2,1,534,74.14780854512277,-68.25651256236463,0.23292536608856315,True
453,74.147677,-68.25647,2,2,535,74.14768432798051,-68.25639096547036,0.2846920954076683,True
454,74.163857,-67.330376,1,1,555,74.16386778061498,-67.33034340535114,0.11829029433833463,True
455,74.166683,-69.698967,1,1,458,74.16672596876641,-69.6989838832569,0.08108366353574192,True
456,74.182526,-67.488174,1,1,546,74.18270484385627,-67.4881663365764,0.24804788493385185,True
457,74.213229,-66.530151,1,1,579,74.21317360818284,-66.53017301626592,0.11220167208565746,True
458,74.227917,-67.086021,1,1,567,74.22795526251566,-67.085987183581,0.1330288817050498,True
459,74.231543,-67.486946,1,1,545,74.23167849058626,-67.4869541236194,0.1890385061875175,True
460,74.257486,-67.995209,2,1,540,74.25750357201778,-67.99516062897416,0.17574139250102036,True
460,74.257486,-67.995209,2,2,541,74.25731887906402,-67.99499064473643,0.8177629371065518,True
461,74.284954,-67.046066,1,1,568,74.28494688123806,-67.04607795203026,0.04417283641822073,True
462,74.286438,-66.866669,1,1,572,74.28632676255639,-66.86663103465118,0.2084037355444001,True
463,74.290445,-67.022011,1,1,569,74.29039324908649,-67.02201076189405,0.07273365886789508,True
464,74.295525,-67.340118,3,1,547,74.29582786385467,-67.34033507320943,0.8872023561271826,True
464,74.295525,-67.340118,3,2,548,74.2954111539878,-67.34008980006939,0.18771732188729756,True
464,74.295525,-67.340118,3,3,549,74.29572557064695,-67.3399027546666,0.8233031216155664,True
465,74.320065,-68.410988,1,1,532,74.32002515136465,-68.41096075248728,0.11139112117248948,True
466,74.353067,-68.844727,1,1,496,74.35296888745286,-68.84474139980165,0.1376083061938266,True
467,74.420186,-66.786026,1,1,571,74.42011589141717,-66.78603031887822,0.10069155517732956,True
468,74.432613,-66.857719,1,1,570,74.43256722610687,-66.85770035996467,0.09325920160153438,True
469,74.434938,-69.521049,1,1,483,74.43498994749835,-69.52105331462018,0.06724671614662353,True
470,74.437683,-65.708374,0,0,-1,,,,False
471,74.445788,-69.215889,1,1,492,74.44585737399579,-69.21593934719435,0.20175568089601859,True
472,74.447295,-69.391327,1,1,488,74.44727472916341,-69.39134745406001,0.07798606312415463,True
473,74.467946,-69.392502,3,1,485,74.46799396105324,-69.3924942305204,0.06689789951236734,True
473,74.467946,-69.392502,3,2,486,74.46763471041132,-69.39257782288513,0.4796663145967169,True
473,74.467946,-69.392502,3,3,487,74.46786297748051,-69.39225092417641,0.9099739237714727,True
474,74.489212,-69.538612,1,1,482,74.4893648532103,-69.5385806478053,0.22302974630160402,True
475,74.512659,-68.906418,1,1,495,74.51274055694559,-68.9064241217017,0.10793987960123988,True
476,74.523225,-69.454338,1,1,484,74.52335131263723,-69.45430987726971,0.18899245845495596,True
477,74.527298,-67.241653,1,1,553,74.52746557163327,-67.24152442377218,0.5183757329415072,True
478,74.537554,-67.306412,3,1,550,74.53774947908347,-67.30648933429606,0.38887007650359046,True
478,74.537554,-67.306412,3,2,551,74.53709813467466,-67.30658249938807,0.8818275258332547,True
478,74.537554,-67.306412,3,3,552,74.53781120632307,-67.30618747683508,0.8837066529570843,True
479,74.565514,-70.532059,1,1,445,74.56569495145003,-70.53204793395396,0.22073138042694068,True
480,74.636575,-70.346024,1,1,453,74.63670186401596,-70.34603593953325,0.1595096911119848,True
481,74.668893,-70.527405,1,1,440,74.6689894192821,-70.52739506350946,0.12111411993330382,True
482,74.676973,-69.690598,1,1,457,74.67694559754075,-69.69057146600852,0.10147364763215816,True
483,74.714423,-67.052444,4,1,563,74.71495770853828,-67.05259740021641,0.9317942639899707,True
483,74.714423,-67.052444,4,2,564,74.71434266482365,-67.0526288154275,0.6748227323164705,True
483,74.714423,-67.052444,4,3,565,74.71448120104715,-67.05247073476815,0.12623995345582567,True
483,74.714423,-67.052444,4,4,566,74.71478819579272,-67.05234637437312,0.6215033313864559,True
484,74.717101,-69.425728,3,1,479,74.71718746696166,-69.42568549760165,0.18809043292381664,True
484,74.717101,-69.425728,3,2,480,74.71655999525426,-69.42575572228859,0.6916715425392512,True
484,74.717101,-69.425728,3,3,481,74.7169722010452,-69.42551541953057,0.7824448051915105,True
485,74.834295,-68.843079,1,1,489,74.834351934492,-68.84303967459337,0.15973413604137354,True
486,74.921413,-69.4561,1,1,477,74.9214737700742,-69.45609351908425,0.0802395831630803,True
487,74.931386,-68.523003,1,1,530,74.93145396545214,-68.52299386068877,0.09543343269256094,True
488,74.952992,-67.818863,1,1,538,74.95312211409868,-67.81883521888243,0.2031637255436168,True
489,74.964046,-70.222679,1,1,442,74.96408518322455,-70.22271874578966,0.15083564625548168,True
490,74.998596,-67.085793,1,1,562,74.99859946946945,-67.08579524819719,0.009442145753665209,True
491,75.031533,-68.449997,1,1,531,75.03154525668391,-68.45001111039555,0.05332031654155557,True
492,75.04305,-67.152191,1,1,559,75.04304020173856,-67.15221449329623,0.08567767703997183,True
493,75.133394,-67.940735,1,1,536,75.13341778156105,-67.94075704721786,0.08563551881543569,True
494,75.136946,-70.496994,1,1,439,75.13706836223867,-70.49702033641617,0.17497785176385092,True
495,75.158007,-67.764633,1,1,537,75.1581544377398,-67.76464265851638,0.20383949276789634,True
496,75.206093,-68.119324,1,1,533,75.20614383289089,-68.1193650338831,0.1627048397861789,True
497,75.206554,-68.434021,1,1,528,75.20659642038638,-68.43402183784482,0.05621420596139374,True
498,75.209047,-69.642174,2,1,454,75.20906525226688,-69.64215548890023,0.07045143213004815,True
498,75.209047,-69.642174,2,2,455,75.2085747858583,-69.64232769499472,0.8098653720476195,True
499,75.229871,-66.637321,1,1,575,75.22981904209996,-66.63731828331828,0.07481604916123834,True
500,75.24744,-66.644096,0,0,-1,,,,False
501,75.255055,-66.10524,1,1,583,75.25504471972326,-66.10523365041173,0.027335611279847717,True
502,75.343363,-70.258026,1,1,441,75.34328752342947,-70.25803246127144,0.09468307231266407,True
503,75.380222,-66.954361,2,1,560,75.38042139485405,-66.95461006496038,0.9396346485276716,True
503,75.380222,-66.954361,2,2,561,75.38023692885548,-66.95435128745551,0.04080678851705647,True
504,75.386393,-68.220688,1,1,529,75.38640321288,-68.22063294788364,0.19865654723713774,True
505,75.461606,-69.414696,1,1,478,75.46173217941751,-69.41471714926539,0.17693301918129115,True
506,75.480705,-70.525101,1,1,438,75.48071340394566,-70.5250572473819,0.15783205649756651,True
507,75.508911,-70.1511,1,1,443,75.50899078081636,-70.15109447343497,0.09952867320645203,True
508,75.57528,-66.10759,1,1,582,75.57526648495485,-66.10758492132501,0.026881226265767392,True
509,75.744805,-65.93792,0,0,-1,,,,False
510,75.767477,-70.950439,1,1,661,75.7675270326175,-70.95043311956843,0.06248323884427128,True
511,75.783619,-66.230949,1,1,810,75.78366937365186,-66.23097347954256,0.11449276667434159,True
512,75.792006,-70.16497,1,1,694,75.7920571508938,-70.16496964684461,0.062495139910906314,True
513,75.849929,-68.925583,1,1,714,75.84996569464388,-68.92557899119326,0.04964474556849722,True
514,75.936254,-69.100464,1,1,705,75.93630045911739,-69.10046255284978,0.05989119342897475,True
515,75.951584,-66.133018,1,1,809,75.95165138782534,-66.13299748566307,0.12283751496073715,True
516,75.956276,-68.934052,1,1,713,75.95631863016042,-68.93404638449626,0.058750717860825676,True
517,76.021395,-69.018661,2,1,710,76.02113666793564,-69.01878055501298,0.5441777135943511,True
517,76.021395,-69.018661,2,2,711,76.0217711159575,-69.01852688282054,0.6842319651722671,True
518,76.04151,-67.330482,0,0,-1,,,,False
519,76.051742,-67.416496,1,1,802,76.05170501056084,-67.4165233021524,0.11079524744008737,True
520,76.059927,-66.431381,1,1,808,76.05987959031845,-66.43144703373028,0.24732304264701233,True
521,76.064453,-69.026779,1,1,709,76.06459842816074,-69.02669438972124,0.35762442208346845,True
522,76.149149,-68.748634,1,1,765,76.14913114313688,-68.74862025325439,0.05469927760732515,True
523,76.167037,-68.949463,1,1,712,76.16710557961841,-68.94942864171853,0.15219474125146581,True
524,76.209054,-68.13121,1,1,800,76.20908803198135,-68.13121840700988,0.05475866568319552,True
525,76.217287,-69.062897,1,1,706,76.21741329554675,-69.06283907596462,0.2643486090095835,True
526,76.229829,-68.551895,1,1,767,76.22983551422834,-68.5519184558134,0.08487522154366929,True
527,76.229918,-68.967377,1,1,708,76.23001004698256,-68.96733576773109,0.1902031536604093,True
528,76.304923,-68.553238,1,1,766,76.3049463718546,-68.55323196332544,0.0376658435682703,True
529,76.336289,-70.741852,0,0,-1,,,,False
530,76.341489,-67.120789,1,1,806,76.34148596431228,-67.12073227857671,0.2042413239149319,True
531,76.371157,-68.965065,1,1,707,76.37119952468197,-68.96505019700231,0.07654628016993091,True
532,76.424819,-67.751686,1,1,801,76.42480513103918,-67.75166656659289,0.07246928138695061,True
533,76.474828,-68.180702,0,0,-1,,,,False
534,76.492217,-70.534889,1,1,662,76.49218671513135,-70.53489593142204,0.04407483011848402,True
535,76.536993,-71.25724,1,1,660,76.53693393366721,-71.25725657975615,0.09072409852007424,True
536,76.568824,-68.368561,1,1,777,76.56886066816435,-68.36857527067004,0.07076225064998515,True
537,76.580081,-71.470123,1,1,658,76.5800920981605,-71.47011834578451,0.02102269076688053,True
538,76.595263,-69.819595,1,1,693,76.59533058808168,-69.81953243055348,0.24038160911510464,True
539,76.614421,-68.511215,1,1,771,76.61449569314277,-68.51123497311356,0.12195329562749624,True
540,76.614966,-68.364449,2,1,778,76.61492058758925,-68.36460791653249,0.5752661576302541,True
540,76.614966,-68.364449,2,2,779,76.61502714324095,-68.3644549487884,0.08393496788777814,True
541,76.63928,-68.363991,1,1,775,76.63947345249929,-68.36396902405023,0.26869074458809333,True
542,76.68745,-68.346352,1,1,776,76.68749459651562,-68.34634959702403,0.05986948717053582,True
543,76.690052,-68.986404,1,1,704,76.69014253073067,-68.98634757487531,0.2343505324023516,True
544,76.693142,-69.049408,1,1,703,76.6932546382282,-69.04949555785856,0.34695609070413,True
545,76.69987,-70.037064,3,1,690,76.69978834387302,-70.03729448857587,0.8358063492175958,True
545,76.69987,-70.037064,3,2,691,76.70024153857896,-70.0371147167907,0.4917989827601359,True
545,76.69987,-70.037064,3,3,692,76.69991109257099,-70.03702531776662,0.14813212841619403,True
546,76.782532,-68.888756,1,1,760,76.78263655644875,-68.88873078760295,0.1631509775783401,True
547,76.814063,-70.200775,1,1,689,76.81413492018305,-70.20079691818307,0.11797201147160377,True
548,76.816581,-68.883507,1,1,761,76.81664532991412,-68.883480706994,0.12617690929329667,True
549,76.828802,-68.427116,3,1,772,76.82946410902582,-68.4271788771654,0.9051685798625067,True
549,76.828802,-68.427116,3,2,773,76.82843214805939,-68.42735435036386,0.9878944468364712,True
549,76.828802,-68.427116,3,3,774,76.82886313911658,-68.42711383084472,0.08130354211930828,True
550,76.833749,-70.454239,1,1,688,76.83378390685299,-70.45425104509782,0.06039743044449279,True
551,76.871172,-68.311821,1,1,780,76.8711848661586,-68.31187326684524,0.18893761525101493,True
552,76.878954,-65.3396,1,1,824,76.87895426041662,-65.33956463211916,0.12732497188198966,True
553,76.938948,-69.162407,1,1,702,76.9390153929452,-69.16242995696129,0.11949223089781359,True
554,76.976827,-69.458702,1,1,698,76.97692435970406,-69.45866041134013,0.19375386369855804,True
555,76.977897,-68.676727,3,1,762,76.97831205643348,-68.67659882301068,0.7128397912292879,True
555,76.977897,-68.676727,3,2,763,76.97794598659326,-68.67670450731114,0.10329074044231,True
555,76.977897,-68.676727,3,3,764,76.97761887328531,-68.67658327223903,0.6326793591092226,True
556,76.998653,-66.655083,1,1,807,76.99861231706832,-66.65504571252126,0.14624380367041107,True
557,77.004271,-67.097099,1,1,803,77.00425485245687,-67.09710462401293,0.030359771334067764,True
558,77.02987,-66.98938,2,1,804,77.02995771203784,-66.98961113563303,0.8411933938924362,True
558,77.02987,-66.98938,2,2,805,77.02987359859566,-66.98939681166783,0.06073350135871994,True
559,77.076109,-68.779739,1,1,759,77.07601770466896,-68.77974023146284,0.11904360906502896,True
560,77.160077,-67.785843,1,1,782,77.15998817176921,-67.78586245010001,0.13971247296703038,True
561,77.242485,-68.48764,1,1,768,77.2424988310052,-68.48768100627619,0.14874746801089844,True
562,77.286327,-68.985405,0,0,-1,,,,False
563,77.333966,-70.457497,1,1,665,77.33393565356795,-70.45750427836073,0.04496666774195192,True
564,77.357488,-70.553963,1,1,664,77.35745280918741,-70.55399482766624,0.12209560346158406,True
565,77.366182,-68.85215,1,1,757,77.36614172354605,-68.85212180903147,0.11417587617785963,True
566,77.418324,-71.04985,1,1,659,77.41828993098386,-71.04989606026436,0.1705334233490694,True
567,77.472865,-68.612206,1,1,758,77.47287438263527,-68.6121861942911,0.07235675525476298,True
568,77.504119,-68.902481,1,1,756,77.50413327347451,-68.90241446927257,0.2402237421625548,True
569,77.527956,-67.315636,1,1,799,77.52808402159609,-67.31561964658853,0.18723591031533646,True
570,77.544668,-68.243187,2,1,769,77.54528406668608,-68.24316925354476,0.8245611203190805,True
570,77.544668,-68.243187,2,2,770,77.54468452689167,-68.24320474062824,0.06756669552097679,True
571,77.579111,-65.274826,1,1,823,77.57915381272994,-65.27483487651914,0.07195114584051009,True
572,77.660807,-69.715027,1,1,695,77.66077376867062,-69.71506582112518,0.14578053182635506,True
573,77.770308,-70.243507,1,1,666,77.7704068107253,-70.24353365991783,0.15384818641873102,True
574,77.773078,-68.018791,1,1,781,77.77314133321867,-68.01878903760569,0.08563272652510466,True
575,77.904951,-69.304825,2,1,700,77.90457094414658,-69.3050406467389,0.9145883276091518,True
575,77.904951,-69.304825,2,2,701,77.90504825894993,-69.30483076678452,0.12546484690956755,True
576,77.946825,-69.4328,2,1,696,77.94684668388729,-69.43280489022874,0.03258810949032057,True
576,77.946825,-69.4328,2,2,697,77.9474154580935,-69.43274957424396,0.7685018241391631,True
577,77.960234,-69.351288,1,1,699,77.96031823846117,-69.35130436140777,0.12208827116971996,True
578,77.964982,-70.576408,1,1,663,77.9649874209162,-70.57641169130191,0.014788736446703947,True
579,77.966916,-67.166054,1,1,798,77.9670280795756,-67.16603446623613,0.17164410514183343,True
580,78.028352,-67.198875,2,1,796,78.02799480728413,-67.19910032327168,0.9520054132202321,True
580,78.028352,-67.198875,2,2,797,78.02840080680838,-67.19887705147492,0.06849075433229343,True
581,78.141871,-65.826668,1,1,822,78.14182087524158,-65.8266969330801,0.12770818069848205,True
582,78.197533,-69.23555,1,1,687,78.19757129069714,-69.23556487677077,0.07250233799125594,True
583,78.22591,-69.236984,1,1,686,78.22594830003226,-69.23699579956718,0.06475778954664226,True
584,78.285377,-70.139542,1,1,667,78.28544311187912,-70.13954340081295,0.08101391274449575,True
585,78.316665,-67.296463,1,1,792,78.31672451651087,-67.29644899276943,0.09685789770220689,True
586,78.319998,-69.556137,1,1,682,78.32011954425246,-69.55616154811753,0.17654544982460524,True
587,78.37822,-69.539902,0,0,-1,,,,False
588,78.42998,-68.964081,1,1,747,78.43000837011719,-68.96411667415289,0.13355706761355388,True
589,78.454106,-67.446625,1,1,790,78.45421416994316,-67.44661323025288,0.15525041952654198,True
590,78.471043,-67.376289,1,1,791,78.47110194775475,-67.37628438532316,0.08330638298312817,True
591,78.473614,-67.063515,1,1,794,78.47364667767098,-67.06345492238064,0.22108504388759642,True
592,78.507998,-67.451942,0,0,-1,,,,False
593,78.518418,-67.264061,0,0,-1,,,,False
594,78.546107,-69.543488,0,0,-1,,,,False
595,78.56421,-68.978951,2,1,745,78.5642308090355,-68.97902306903686,0.2608364236713607,True
595,78.56421,-68.978951,2,2,746,78.564257274014,-68.97874294435175,0.751484105573947,True
596,78.578573,-67.263702,1,1,793,78.57867084731056,-67.26372716828045,0.16353551898778745,True
597,78.870786,-66.810394,1,1,795,78.8707874187834,-66.81038994744522,0.014727179569089312,True
598,78.901303,-69.431702,3,1,683,78.90140150381032,-69.4319147537281,0.7759796621000535,True
598,78.901303,-69.431702,3,2,684,78.90134113418176,-69.43175624504966,0.20115002413824096,True
598,78.901303,-69.431702,3,3,685,78.90087257105202,-69.43190057022827,0.8985399199832358,True
599,78.933622,-68.991867,1,1,744,78.93360177565293,-68.9918690272335,0.0271026495976013,True
600,79.075968,-67.240059,1,1,789,79.07598699815341,-67.24004645435508,0.052344209529644414,True
601,79.170383,-69.656197,4,1,672,79.17033672489492,-69.6563484634901,0.5483356608916868,True
601,79.170383,-69.656197,4,2,673,79.17041141363424,-69.65618765538355,0.04895182340433244,True
601,79.170383,-69.656197,4,3,674,79.16985472641302,-69.65599989948882,0.9698531631052606,True
601,79.170383,-69.656197,4,4,675,79.17062285427289,-69.65596474298583,0.8883806161624308,True
602,79.386792,-69.752083,1,1,669,79.38687716405477,-69.75208834310091,0.10783517406555704,True
603,79.434664,-69.342567,1,1,681,79.43470861090611,-69.34257552337111,0.06443164336347025,True
604,79.554313,-69.874611,1,1,668,79.55436206978588,-69.8746319101403,0.09675189180047655,True
605,79.557173,-68.49041,1,1,749,79.5571928382804,-68.49042113939642,0.0478941982457956,True
606,79.579719,-68.718452,1,1,748,79.57976227041745,-68.7184416230569,0.06776512140930471,True
607,79.593344,-69.545151,1,1,671,79.59343286187604,-69.54514833320431,0.11220760979034314,True
608,79.594847,-69.488861,1,1,680,79.59488349584016,-69.48887533700746,0.06916090369236878,True
609,79.604903,-69.686317,1,1,670,79.60489281173173,-69.68632271297818,0.02418925950130035,True
610,79.712597,-72.120125,2,1,631,79.7132665371591,-72.12029901408673,0.9695743060620039,True
610,79.712597,-72.120125,2,2,632,79.71262061846413,-72.12014301401668,0.06990746703034235,True
611,79.815808,-68.934425,2,1,742,79.81576570883647,-68.9344491720567,0.10279608922343166,True
611,79.815808,-68.934425,2,2,743,79.81594561327228,-68.934265940749,0.5996617834023283,True
612,79.846065,-65.858719,1,1,821,79.84610052907696,-65.8587389385801,0.08881834265042814,True
613,80.009071,-68.063393,1,1,752,80.00909657310689,-68.06339606854985,0.036123544091072546,True
614,80.035374,-68.918663,1,1,741,80.0354065576355,-68.91867255929702,0.05442097167799273,True
615,80.095831,-69.038193,0,0,-1,,,,False
616,80.105058,-69.498871,2,1,678,80.1050470041285,-69.49908501194768,0.7705677358961709,True
616,80.105058,-69.498871,2,2,679,80.1050855319515,-69.49887958702766,0.04648224588468355,True
617,80.180023,-69.487755,1,1,677,80.18010821207687,-69.48776990443065,0.12013964615618472,True
618,80.265148,-68.048332,1,1,751,80.2651743576028,-68.0483473459591,0.06565261452691178,True
619,80.313532,-69.444946,0,0,-1,,,,False
620,80.325135,-69.513069,1,1,676,80.32516312486526,-69.51309626272464,0.10434729264069062,True
621,80.325806,-66.908684,1,1,783,80.32582084204559,-66.90869871466113,0.056967137629369544,True
622,80.54487,-69.096001,1,1,739,80.54494254108089,-69.09602236791547,0.1208287402960094,True
623,80.574008,-69.353386,1,1,657,80.57403452335755,-69.35341432789073,0.10739429660507017,True
624,80.590077,-69.404907,1,1,656,80.59009679079777,-69.40492416618555,0.0666867641582684,True
625,80.629679,-65.371346,0,0,-1,,,,False
626,80.637892,-68.277718,1,1,750,80.63805010857696,-68.27776350880978,0.26686940039105433,True
627,80.648671,-68.899925,1,1,740,80.64871608571147,-68.89991486303626,0.06889049034654994,True
628,80.743821,-65.801697,1,1,820,80.74389009226341,-65.80169107162199,0.10416416380151568,True
629,80.802722,-68.781891,1,1,726,80.80273936474342,-68.78194321600795,0.18933426520867247,True
630,80.84795,-69.656616,1,1,648,80.84789383539922,-69.65662333503022,0.07508767356695242,True
631,80.906945,-68.777267,1,1,725,80.90704540540031,-68.77729809267015,0.17219136883194433,True
632,80.984144,-65.937645,1,1,819,80.98430509233594,-65.93770845903872,0.3287886208836151,True
633,80.987903,-69.777115,1,1,642,80.98785149251508,-69.77713470169273,0.0955978256243842,True
634,80.988021,-69.776245,2,1,643,80.98789726427111,-69.77628014405303,0.19929520241654602,True
634,80.988021,-69.776245,2,2,644,80.98730300340938,-69.77624665575662,0.8935480626844732,True
635,81.00443,-71.160744,1,1,633,81.00439773012863,-71.16081177816359,0.24686824654068978,True
636,81.007614,-69.85527,3,1,639,81.0079470490296,-69.85551625966453,0.9779794816826387,True
636,81.007614,-69.85527,3,2,640,81.00808950494174,-69.85512285966747,0.7925557442509559,True
636,81.007614,-69.85527,3,3,641,81.00769215883922,-69.8552812450217,0.10501842919860602,True
637,81.067416,-69.658638,2,1,646,81.06741162484936,-69.65863760417201,0.0056574863962144135,True
637,81.067416,-69.658638,2,2,647,81.06754536991603,-69.65848329887693,0.5799778604432111,True
638,81.086366,-67.662697,3,1,753,81.08674398428909,-67.66282170536788,0.6848369686600779,True
638,81.086366,-67.662697,3,2,754,81.08632796997276,-67.66292175194445,0.810778362429836,True
638,81.086366,-67.662697,3,3,755,81.08639208141672,-67.66270903549865,0.056131157391726645,True
639,81.107683,-69.514938,3,1,652,81.10812024553354,-69.51481102059303,0.7158387682230672,True
639,81.107683,-69.514938,3,2,653,81.10774330813896,-69.51498271115634,0.17799202641614,True
639,81.107683,-69.514938,3,3,654,81.10707954746539,-69.51498407734871,0.7781549620117391,True
640,81.121322,-72.285049,3,1,627,81.12146163852287,-72.28502544031743,0.17490270897262983,True
640,81.121322,-72.285049,3,2,628,81.12155147763907,-72.28494059929106,0.464196087866618,True
640,81.121322,-72.285049,3,3,629,81.1210615549597,-72.28501692382483,0.3077787293750128,True
641,81.135044,-68.498512,1,1,727,81.13515159712334,-68.4985348272145,0.16404166409410756,True
642,81.156232,-69.532639,2,1,650,81.1568685878605,-69.53250599094187,0.9335155663984386,True
642,81.156232,-69.532639,2,2,651,81.15629261066067,-69.5326586353088,0.10401002046735718,True
643,81.184848,-69.630096,1,1,645,81.18494921095945,-69.63012674164354,0.16832311633173186,True
644,81.271244,-72.03624,1,1,630,81.27123179990407,-72.03627008145475,0.10913712093041565,True
645,81.279504,-66.04464,1,1,817,81.27948309776657,-66.04460460708621,0.13102638231941655,True
646,81.284448,-67.644135,2,1,732,81.28436185670515,-67.64437331117675,0.8659909877404326,True
646,81.284448,-67.644135,2,2,733,81.28447545807005,-67.64414802835873,0.06011171034958501,True
647,81.294778,-66.265808,1,1,788,81.29485766680739,-66.2658062548411,0.11560636475728421,True
648,81.320819,-69.582993,1,1,649,81.3209626467444,-69.58298231013707,0.1844594111501421,True
649,81.351781,-66.568855,2,1,785,81.35180996247352,-66.56885364707658,0.04174569589841958,True
649,81.351781,-66.568855,2,2,786,81.35214008535262,-66.56874660080565,0.6453867683206054,True
650,81.353718,-69.862534,3,1,636,81.35385945828982,-69.86273246001953,0.7356526041300956,True
650,81.353718,-69.862534,3,2,637,81.35376524082993,-69.86255932968415,0.10836555932499933,True
650,81.353718,-69.862534,3,3,638,81.3537287034617,-69.86234812836507,0.6692693709106204,True
651,81.401093,-69.037949,1,1,723,81.40113526536648,-69.0379517160629,0.0553047082699366,True
652,81.40648,-65.975014,1,1,818,81.40651030034844,-65.9749969448876,0.07577654099882901,True
653,81.421781,-69.241486,1,1,655,81.42181179124617,-69.24148760864495,0.03971254379613396,True
654,81.460458,-66.405823,1,1,787,81.46051138671311,-66.40580019134971,0.11251605160959689,True
655,81.495743,-66.038406,1,1,816,81.4957833774505,-66.03839315500505,0.07498869510411128,True
656,81.505768,-66.761322,1,1,784,81.50573772625705,-66.76132437118784,0.043840641655486776,True
657,81.574316,-66.050484,2,1,813,81.57459686314576,-66.05035315565017,0.6247723732284853,True
657,81.574316,-66.050484,2,2,814,81.574379230757,-66.05048398978555,0.09240250031963955,True
658,81.600296,-68.04702,2,1,730,81.60025370261327,-68.04714398102165,0.4499472003438759,True
658,81.600296,-68.04702,2,2,731,81.60024707180919,-68.04696418432808,0.2114512706477967,True
659,81.662074,-69.423714,1,1,635,81.6621686362181,-69.42371462199537,0.11975799881067482,True
660,81.681947,-65.962448,1,1,815,81.6819660112339,-65.96246804971065,0.07737568028446802,True
661,81.721598,-69.044411,1,1,724,81.72159296255622,-69.04437685449372,0.12309480857995402,True
662,81.732915,-69.980225,1,1,634,81.73290608669693,-69.9802092752492,0.057665096005713186,True
663,81.74923,-69.082756,1,1,722,81.74937383502795,-69.08277294664431,0.1946731452264887,True
664,81.76531,-66.011261,2,1,811,81.76537246864277,-66.01127096451431,0.09821486355849575,True
664,81.76531,-66.011261,2,2,812,81.765737109505,-66.01116978241575,0.7061244836824937,True
665,81.775145,-66.746681,1,1,735,81.77519765815885,-66.74669191778943,0.08453428604122121,True
666,81.879173,-66.582611,1,1,736,81.87917509366947,-66.58260139519216,0.03470681756857732,True
667,81.953638,-66.03801,1,1,738,81.95372246187264,-66.03801670414364,0.12582552114614376,True
668,81.97569,-68.328835,1,1,729,81.97572002852549,-68.32885018499957,0.06769033885297117,True
669,81.978051,-68.328995,1,1,728,81.97805141070519,-68.32901173653852,0.06025401244495795,True
670,82.070179,-69.104988,1,1,719,82.07019723082702,-69.10499279688872,0.029088364272187073,True
671,82.091548,-67.296677,1,1,734,82.09154304611768,-67.29668042324228,0.014115638183493066,True
672,82.110799,-66.517159,1,1,737,82.11079551351818,-66.51713411717822,0.0897176702705098,True
673,82.133568,-69.200859,1,1,716,82.13352607311012,-69.2008666760442,0.06030106601025048,True
674,82.140347,-69.147591,2,1,717,82.14060113258871,-69.14777080708726,0.7246095167606911,True
674,82.140347,-69.147591,2,2,718,82.14029360094109,-69.14760991653137,0.09654043447607992,True
675,82.148558,-69.028488,1,1,721,82.14856935186414,-69.02846828278909,0.0724732280488544,True
676,82.166598,-69.050812,1,1,720,82.16647568934019,-69.05081056825068,0.1575157353084811,True
677,82.185051,-69.228806,1,1,715,82.1849923120328,-69.22880393696255,0.07529370634255134,True
678,82.187213,-71.970413,1,1,626,82.18725190005017,-71.9704438192977,0.11911526724666552,True
679,82.194611,-69.431656,1,1,877,82.19464681085029,-69.43165675112465,0.04537306041637452,True
680,82.256902,-66.649391,1,1,1005,82.25699142723958,-66.6494104323821,0.1455206204408692,True
681,82.258115,-66.221855,1,1,1008,82.25811510482312,-66.22186011962748,0.01843128693033222,True
682,82.267326,-69.355209,2,1,875,82.26738441076101,-69.35521124493931,0.07457785908458214,True
682,82.267326,-69.355209,2,2,876,82.26691681564441,-69.35521134454191,0.5194314821317585,True
683,82.282834,-66.600044,1,1,1006,82.28287974012306,-66.60006698598238,0.1054709499892124,True
684,82.339233,-66.535522,1,1,1007,82.33927459366191,-66.53553925611695,0.08610444607888434,True
685,82.349941,-69.471077,1,1,874,82.34997032185578,-69.47109582059029,0.07720688721446367,True
686,82.49221,-69.386147,1,1,873,82.49221752096342,-69.38614479787489,0.01239816083944176,True
687,82.510236,-65.933891,1,1,1009,82.51028611216373,-65.93382836469127,0.23718462302226093,True
688,82.555391,-69.353394,1,1,872,82.55537667037305,-69.353380446599,0.05207249809966324,True
689,82.580741,-65.90361,1,1,1010,82.58072508484769,-65.90356506962442,0.1634320373000161,True
690,82.606141,-66.959465,1,1,1000,82.60617717071547,-66.95947171800988,0.05641100701117261,True
691,82.612863,-67.102829,1,1,996,82.61283779496064,-67.10282708530534,0.035970859598217,True
692,82.623667,-66.622704,1,1,1004,82.62371332028336,-66.62271771229011,0.08255076263327338,True
693,82.656436,-69.722893,1,1,871,82.6564495194151,-69.72288112690381,0.04595079055690956,True
694,82.657663,-68.410896,1,1,977,82.65771042528411,-68.41087602255827,0.09549177892806157,True
695,82.66349,-69.119286,1,1,974,82.66343941648881,-69.11926821969331,0.09115822272642833,True
696,82.67394,-69.192993,1,1,970,82.67392647706927,-69.19296268277756,0.11050351713097596,True
697,82.684413,-68.60955,1,1,976,82.68438254350293,-68.60955751953178,0.04829023114366334,True
698,82.71537,-67.028183,2,1,998,82.71527757962028,-67.02836196174319,0.6572176103152594,True
698,82.71537,-67.028183,2,2,999,82.71535703080487,-67.02820903157291,0.0954687494457097,True
699,82.717271,-68.693733,1,1,975,82.71720135857719,-68.69374946704403,0.10868645134067968,True
700,82.751967,-69.18647,3,1,971,82.75228724145806,-69.18668277403324,0.8686448464907476,True
700,82.751967,-69.18647,3,2,972,82.75196739638521,-69.18645616513453,0.04980809661608667,True
700,82.751967,-69.18647,3,3,973,82.75127526333374,-69.18645452153896,0.8866086249800009,True
701,82.791314,-67.030815,1,1,997,82.79132603552748,-67.03083043166292,0.05807003777210393,True
702,82.840846,-70.957069,1,1,846,82.84079131391863,-70.95708512647688,0.08658190589919511,True
703,82.869474,-71.389946,1,1,844,82.86946185512511,-71.38995288285152,0.02843658329637728,True
704,82.910079,-67.469894,0,0,-1,,,,False
705,82.956683,-71.060585,1,1,845,82.95663112377234,-71.06057513961203,0.0702437868352688,True
706,82.982888,-69.023308,1,1,961,82.98289493263371,-69.02329222381377,0.05749273155934066,True
707,83.015543,-66.657982,1,1,1002,83.01557274134584,-66.65798674781678,0.045736492705138576,True
708,83.069673,-66.395912,1,1,1003,83.06969239178063,-66.39589886151147,0.05494114628370503,True
709,83.086202,-68.846603,2,1,963,83.08623330455828,-68.84657420880414,0.11134130071902208,True
709,83.086202,-68.846603,2,2,964,83.08611702976833,-68.84634548546772,0.9336012463224678,True
710,83.117512,-69.606491,2,1,867,83.11717823796434,-69.60669469699975,0.8444215422082104,True
710,83.117512,-69.606491,2,2,868,83.1175503028808,-69.60646206205269,0.11472393002057703,True
711,83.150667,-69.017799,1,1,960,83.1507066568459,-69.0178008244431,0.05154106447746694,True
712,83.15235,-70.806839,1,1,852,83.15244792081498,-70.80683345161137,0.11759940042074385,True
713,83.187091,-66.874779,1,1,1001,83.18716606091678,-66.87478067693911,0.10629802541440009,True
714,83.242337,-67.555969,1,1,992,83.24238743729966,-67.5559724686134,0.07043723667874484,True
715,83.25456,-69.374802,1,1,870,83.25461169557546,-69.37479660382614,0.06837352059560804,True
716,83.291798,-67.733246,1,1,990,83.29185169307,-67.73323914885378,0.07728446896666354,True
717,83.371852,-67.338905,1,1,993,83.37188460679444,-67.33891118452289,0.05040906085134374,True
718,83.400133,-67.500008,1,1,991,83.40011992936793,-67.50000454095137,0.021893254680998932,True
719,83.401523,-69.386848,1,1,869,83.40154166918148,-69.3868319643672,0.06238922684843736,True
720,83.437062,-67.000183,1,1,995,83.43712644984356,-67.00020519559331,0.12084399296164516,True
721,83.475324,-68.799622,1,1,962,83.47532305066791,-68.79962545446458,0.012497334334713376,True
722,83.492801,-68.694839,1,1,966,83.49279947071251,-68.69485380678611,0.05334194902502998,True
723,83.504781,-70.712234,1,1,853,83.50482097597552,-70.71224975300527,0.07399886833955939,True
724,83.535131,-68.717476,1,1,965,83.53514420986751,-68.71747964798016,0.021689021219487205,True
725,83.546271,-69.42907,1,1,866,83.54628648733205,-69.42907916529073,0.038372520273807754,True
726,83.578245,-69.438858,1,1,865,83.57824375777219,-69.43885425521555,0.01357240571161682,True
727,83.579468,-67.108109,1,1,994,83.5794600203019,-67.10810073498536,0.03178325090038773,True
728,83.666828,-67.502647,1,1,984,83.66682014602446,-67.50265613891145,0.0346332785158431,True
729,83.724042,-69.133911,1,1,957,83.72417327703668,-69.1338909084559,0.18321376505845435,True
730,83.728128,-67.71991,1,1,983,83.72819745746527,-67.71990956491766,0.09481436869935396,True
731,83.805197,-69.24292,2,1,953,83.80551166801743,-69.24276811948518,0.6783357408066,True
731,83.805197,-69.24292,2,2,954,83.80521717705949,-69.2429248576039,0.03112104314859781,True
732,83.863142,-69.231224,1,1,956,83.86311247899626,-69.23122858675578,0.04114389901501696,True
733,83.899876,-69.118477,1,1,958,83.899886407424,-69.11848446081973,0.02999577153566425,True
734,83.900594,-68.534393,1,1,968,83.90066272908831,-68.53439455335617,0.09071577897352816,True
735,83.935222,-66.882256,1,1,986,83.93523006850702,-66.88222808888409,0.10112513564108423,True
736,83.955935,-66.700485,2,1,987,83.95624150300867,-66.70028911789083,0.8293096756042765,True
736,83.955935,-66.700485,2,2,988,83.95594921665621,-66.70046613459634,0.07086827699534941,True
737,84.059698,-69.191147,1,1,955,84.05976457094164,-69.19114031301076,0.08847589268248338,True
738,84.073025,-68.963707,1,1,959,84.07305178747994,-68.96371979384594,0.05761602460502494,True
739,84.080953,-68.224899,1,1,969,84.08101303547295,-68.22490249926174,0.08115928240451946,True
740,84.223679,-70.35643,1,1,851,84.22373213839569,-70.35642910542147,0.06438890283816387,True
741,84.236771,-69.271767,1,1,940,84.23673928276504,-69.2717714817311,0.04351473769513922,True
742,84.26094,-69.643074,1,1,862,84.26086337859174,-69.64295485837772,0.4395122379082983,True
743,84.266308,-69.167656,4,1,941,84.26632967493387,-69.16768013607168,0.09121356152680739,True
743,84.266308,-69.167656,4,2,942,84.26684261822794,-69.16752807263,0.8249780496052674,True
743,84.266308,-69.167656,4,3,943,84.26567979469505,-69.16777414637914,0.9098177966062679,True
743,84.266308,-69.167656,4,4,944,84.26598095497941,-69.16742960113952,0.9162990781260765,True
744,84.289308,-69.324539,1,1,939,84.28931292601224,-69.32453394177512,0.01925600332510066,True
745,84.311686,-70.506462,1,1,848,84.3117192261488,-70.50648396185544,0.08856713224637243,True
746,84.382455,-70.299202,1,1,850,84.3825056072134,-70.29921031169131,0.06831768362119166,True
747,84.392608,-69.45929,2,1,863,84.39242983468584,-69.45931394684523,0.24099487400514416,True
747,84.392608,-69.45929,2,2,864,84.39268905538026,-69.45913337293806,0.573077524552156,True
748,84.43914,-69.309685,1,1,938,84.43918088075941,-69.30966710396045,0.08279165466701056,True
749,84.521252,-69.296501,1,1,937,84.52125541201629,-69.29650521429973,0.015780725316679754,True
750,84.576233,-69.067322,2,1,947,84.57665200612357,-69.06749839124106,0.8328642638258392,True
750,84.576233,-69.067322,2,2,948,84.57632064079206,-69.067307332468,0.12447604148788274,True
751,84.611746,-69.764206,0,0,-1,,,,False
752,84.661939,-69.13736,2,1,945,84.66188188347039,-69.1376054821972,0.8867645092793706,True
752,84.661939,-69.13736,2,2,946,84.6619516611441,-69.13737986037106,0.07331684203573949,True
753,84.677308,-69.017288,1,1,950,84.6773535383056,-69.01731582727125,0.11611120240615107,True
754,84.679486,-69.025673,1,1,949,84.67952847322984,-69.02571391204324,0.1571239965940023,True
755,84.690958,-66.614372,1,1,989,84.69102552734329,-66.61437980933782,0.1005022639463967,True
756,84.721164,-70.717834,1,1,847,84.72121858006875,-70.71785650895251,0.10380853365636347,True
757,84.738261,-68.948074,1,1,952,84.73818413165723,-68.94808651781644,0.10914162044097335,True
758,84.76943,-67.879074,1,1,967,84.76948062379033,-67.87910651715316,0.13569487251417944,True
759,84.77477,-69.274086,1,1,932,84.7747494372881,-69.27409964345986,0.055666309432427674,True
760,84.783639,-70.337944,1,1,849,84.78368269840672,-70.33793748325871,0.05789784354899199,True
761,84.834334,-69.107307,1,1,936,84.83436849331092,-69.10732367472376,0.07459561721015699,True
762,84.916091,-69.20118,2,1,934,84.9160524586621,-69.20133124156578,0.5466941597763204,True
762,84.916091,-69.20118,2,2,935,84.91615123359279,-69.20117916729774,0.07705588495029535,True
763,84.916984,-69.742706,1,1,855,84.91699205838925,-69.74268674366152,0.0700467203929091,True
764,84.949506,-69.267471,1,1,933,84.94957613055925,-69.26745230278974,0.11188692025410094,True
765,84.979328,-67.15332,1,1,980,84.9794292950276,-67.15332610586722,0.14328218206531837,True
766,85.004564,-69.581306,1,1,859,85.00459653134833,-69.58132991911913,0.09531060370671511,True
767,85.03308,-67.099304,2,1,981,85.03350456674235,-67.0995153696442,0.9657968773890118,True
767,85.03308,-67.099304,2,2,982,85.03313457935523,-67.0992909181967,0.08979948074873546,True
768,85.053551,-69.581863,1,1,858,85.05352743248962,-69.58187128855825,0.042029274372520777,True
769,85.067588,-66.67672,1,1,985,85.06762568778491,-66.67668977924478,0.12133332119201336,True
770,85.072987,-69.515961,1,1,860,85.0730490662991,-69.51596195828459,0.07826763349338167,True
771,85.074858,-69.468552,1,1,861,85.07488711286895,-69.46856917431444,0.07192899576452716,True
772,85.080661,-69.689636,1,1,854,85.08066314572929,-69.68962376016805,0.044144896954292905,True
773,85.088533,-69.3116,1,1,929,85.08852518885561,-69.31158409728565,0.05810532948322159,True
774,85.137987,-67.211502,1,1,979,85.1380591328727,-67.21149602310129,0.10285710444012053,True
775,85.145193,-69.66127,2,1,856,85.14561555474819,-69.66150576276102,0.9999566503901913,True
775,85.145193,-69.66127,2,2,857,85.1451374589508,-69.66125555718801,0.08679316061018685,True
776,85.241643,-69.23159,1,1,931,85.24172650820265,-69.23157720089489,0.11613259587069799,True
777,85.244159,-69.25267,1,1,930,85.24420685944929,-69.25266433692416,0.06434959617436817,True
778,85.249355,-69.644539,1,1,841,85.24934017668764,-69.64453070263319,0.035168261063271714,True
779,85.279678,-71.507668,1,1,830,85.27968029100641,-71.50767899929228,0.039683768476327236,True
780,85.284794,-67.3564,1,1,978,85.28479563236557,-67.35637359314639,0.09509159116209187,True
781,85.288253,-69.180138,2,1,894,85.2882566817509,-69.18014107297415,0.012024013988530046,True
781,85.288253,-69.180138,2,2,895,85.28777272877802,-69.18007769288346,0.6517555159344713,True
782,85.289906,-69.179497,1,1,893,85.28992297308524,-69.17949180194877,0.028668318978500085,True
783,85.313089,-69.241997,1,1,891,85.31313122930158,-69.2419816922326,0.07707181786431527,True
784,85.320522,-69.169754,1,1,896,85.32058957022113,-69.16975501158255,0.086577413704773,True
785,85.375419,-69.325356,1,1,886,85.3753706549189,-69.32534709640217,0.06930505450989645,True
786,85.417021,-68.606743,1,1,951,85.41707957641786,-68.60674956801975,0.08047244434390334,True
787,85.419263,-69.368065,1,1,884,85.41925558784165,-69.36805678706524,0.031025579679671508,True
788,85.436136,-69.587502,1,1,840,85.43608052024621,-69.58746557692409,0.14847828518111908,True
789,85.453935,-69.297897,1,1,885,85.45391145936951,-69.29788594182055,0.04982277810793409,True
790,85.465791,-70.423386,1,1,833,85.46587427175048,-70.42335407963974,0.15262517934218753,True
791,85.500693,-69.212509,1,1,890,85.50066984060686,-69.2124789294988,0.11222491750270461,True
792,85.507777,-68.714325,1,1,897,85.50780615150086,-68.71433422358803,0.050536668909888983,True
793,85.532318,-69.280785,1,1,887,85.53237400518285,-69.28075061454827,0.1428684927990106,True
794,85.537535,-69.216705,1,1,888,85.53756614438281,-69.21668561914444,0.08031667296438846,True
795,85.549741,-69.207756,1,1,889,85.54979052002498,-69.2077289790179,0.11604863450463722,True
796,85.564934,-68.176895,1,1,909,85.5649644075298,-68.176909959368,0.06749953543593092,True
797,85.576602,-68.461136,2,1,901,85.57666142332205,-68.46114685920325,0.08772997094031278,True
797,85.576602,-68.461136,2,2,902,85.57611337561077,-68.4611330512403,0.6458904592254664,True
798,85.58733,-69.487892,1,1,842,85.58737775987072,-69.4878634790709,0.1190459883659374,True
799,85.603976,-68.371994,2,1,904,85.60437421432817,-68.37215298656392,0.778957288993678,True
799,85.603976,-68.371994,2,2,905,85.60401826726336,-68.3720135603963,0.09002222203688802,True
800,85.605136,-69.479073,1,1,843,85.60514581739432,-69.47904032010912,0.11829816298313753,True
801,85.629423,-68.268906,1,1,907,85.62942607598139,-68.26891154441998,0.020376652443899974,True
802,85.649797,-69.069824,1,1,892,85.64989780274472,-69.06981499907175,0.13362354995986633,True
803,85.68147,-68.231514,1,1,906,85.68145889963971,-68.23152616378997,0.046229461698285894,True
804,85.692075,-67.812019,1,1,917,85.69211629778147,-67.81203593803353,0.08288846013934648,True
805,85.763473,-67.468979,2,1,921,85.76310356993669,-67.4691134733735,0.7028955216410604,True
805,85.763473,-67.468979,2,2,922,85.76352091184445,-67.46899446605372,0.08641894742669155,True
806,85.824277,-69.69725,1,1,838,85.82432308904885,-69.69722976432655,0.09285118661859455,True
807,85.885111,-68.3144,1,1,903,85.88513352359689,-68.31442516050149,0.09540470090055986,True
808,85.92611,-68.58667,1,1,900,85.92608727977085,-68.58669493978951,0.0946190773836279,True
809,86.007315,-67.633423,1,1,919,86.00727266500246,-67.63343892093185,0.08153827980267199,True
810,86.014336,-69.902939,1,1,837,86.01435963400981,-69.90291829854476,0.08005445111926944,True
811,86.050507,-69.228134,2,1,882,86.0510291435511,-69.22832155524196,0.94883895445217,True
811,86.050507,-69.228134,2,2,883,86.05050769848692,-69.22809873272841,0.1269653095496903,True
812,86.116863,-69.801651,1,1,836,86.11691615171729,-69.80164572722741,0.06873918109344242,True
813,86.136478,-67.576225,1,1,918,86.136514793407,-67.576233425435,0.058931117977577864,True
814,86.164983,-66.87178,1,1,927,86.1650152261735,-66.87178117816174,0.0457661978386102,True
815,86.201296,-71.041496,1,1,829,86.20125723243993,-71.04151711811019,0.08851950734850778,True
816,86.20323,-69.539848,1,1,839,86.20333984912374,-69.5398050286013,0.20746064993713373,True
817,86.210766,-67.494606,1,1,920,86.21075126571372,-67.49458878562581,0.06521294385359869,True
818,86.31922,-68.99778,0,0,-1,,,,False
819,86.332,-67.509865,1,1,916,86.33203776653447,-67.50984165999564,0.09881726671202673,True
820,86.368152,-67.688766,1,1,914,86.36814492035995,-67.68875547069396,0.03912092114998064,True
821,86.476941,-67.333168,1,1,923,86.47696425775773,-67.33318736938506,0.07683334144972322,True
822,86.499385,-71.228409,1,1,828,86.4994055198639,-71.22837800671483,0.11408003266523442,True
823,86.507263,-66.990051,1,1,926,86.50725019423766,-66.99006088496061,0.039888428213463376,True
824,86.528952,-67.713066,1,1,913,86.5289361239568,-67.71306160717018,0.026831075220011404,True
825,86.529825,-67.78405,1,1,912,86.52982439899823,-67.78408373556726,0.12145079731898793,True
826,86.542931,-68.006226,1,1,908,86.54295689214534,-68.00623013950057,0.03795612253826478,True
827,86.560745,-67.568611,1,1,915,86.56074472560745,-67.56861595391426,0.017838074126878288,True
828,86.660324,-68.772453,1,1,881,86.66037589029662,-68.77244266798218,0.07718975039233654,True
829,86.675929,-68.008675,1,1,899,86.67589900232572,-68.00868206503809,0.04777263807425796,True
830,86.717654,-66.478897,1,1,928,86.71768910173031,-66.47886212236216,0.13530885420479363,True
831,86.875798,-69.451698,1,1,835,86.87591174285392,-69.45165178276685,0.21986285086209506,True
832,87.000617,-66.89904,2,1,924,87.00087541957991,-66.89911310668234,0.449997232917307,True
832,87.000617,-66.89904,2,2,925,87.00071575058251,-66.89903323221253,0.1415940704961618,True
833,87.108805,-67.466377,1,1,911,87.10891440380394,-67.46638399355716,0.15302018074175175,True
834,87.212245,-68.168159,1,1,898,87.21230173355916,-68.16818371936121,0.11699635368290598,True
835,87.261889,-70.041725,1,1,834,87.26185883905598,-70.04169345133326,0.11946933559272037,True
836,87.564943,-67.729652,1,1,910,87.56506526890182,-67.72963695857456,0.17538230966187074,True
837,87.747479,-67.471336,0,0,-1,,,,False
838,87.893788,-67.519714,0,0,-1,,,,False
839,88.22397,-69.48793,1,1,832,88.22400033140886,-69.48792318416486,0.04545357865712331,True
840,88.257561,-69.996269,1,1,831,88.25761566493786,-69.99623535598427,0.13856983760881078,True
841,89.12085,-69.366364,1,1,878,89.12085147577773,-69.36636922361798,0.01889798994100567,True
842,89.406794,-68.133484,1,1,880,89.40680870375576,-68.13348650727102,0.021682876849157533,True
843,89.45843,-68.462112,1,1,879,89.45847428135791,-68.46205959647438,0.19752163900359132,True
844,90.085395,-70.364693,1,1,825,90.08541317570158,-70.3646960349117,0.024552337433885664,True
845,90.110404,-69.621155,1,1,826,90.1104624002991,-69.6211484952928,0.07686523324967891,True
846,90.603388,-68.215889,0,0,-1,,,,False
847,91.330144,-69.310341,1,1,827,91.33020736525106,-69.31042137927525,0.30037935522994585,True
