RA,DEC,mag_amplitude_1,logT,logT_std,logL,logL_std
7.746443,-73.741425,0.097010320712771,3.778176583489546,0.0006765618968225,3.9625101528770807,0.0068122515008604
7.925977,-73.53167,0.1878490319384216,3.646506650641312,0.0109507549455972,3.9895348782229783,0.0063697662793183
7.980047,-73.578545,0.1982187815575162,3.6283557180259254,0.0009205720884436,3.996245289190244,0.0072876986884943
8.228736,-73.821953,0.9391982151808822,3.79070728732768,0.0111043916955548,3.928721340723477,0.0261390064264666
9.124077,-73.918602,0.0881089634685885,3.875232052301631,0.0020393426376136,3.9321249696806686,0.0063506012030707
9.818972,-72.032875,1.0821478052880489,3.738889514690274,0.0052011712491005,3.9617417686374328,0.0071059753443746
10.191936,-73.717102,0.988635105482306,3.6989700043360183,0.0,3.9551550146356313,0.0070317341575564
10.745516,-73.29184,0.0919847724632276,3.800928333148497,0.0123136742195983,3.996610762213909,0.0057779140864068
11.045316,-73.212608,0.1522524076865909,3.702742788748585,0.008443644278317,3.969174617448316,0.0065904629479699
11.210925,-72.885483,0.169017554487322,3.612073575471071,0.0128288006311561,3.969266555635036,0.0090197697772742
11.476636,-72.93116,0.1480600562743568,3.646550753640341,0.0109274079830454,3.956514391771476,0.0083191278169149
11.624906,-72.593178,,3.60388020836629,0.0067674182284541,3.425841586208822,0.03430686009768
11.793363,-72.96051,1.2164379299211865,3.7769062997422873,0.0196344449027235,3.943475580263229,0.0087614042958874
11.805479,-72.704842,0.3200952414279125,3.62812827515688,0.0025684425464996,3.992852471378352,0.0077714084237948
11.938212,-73.307259,0.0877563090935389,3.889983429782197,0.0311345108764359,3.9245298674207874,0.0202899443541349
11.955413,-73.095612,0.0821321050089451,3.849774014484713,0.0259090344693986,3.988310756170636,0.0197194916235631
11.992086,-72.815269,0.0894506778521595,3.828969076293444,0.0163874774456892,3.9832999461598617,0.0067521057849514
12.078882,-73.249702,0.094624733249196,4.01359657580991,0.025607756848517,4.322704297880158,0.0299745224164957
12.144304,-73.154884,0.1545104953534188,3.6592528482011737,0.0121826775591528,3.9761991212304695,0.0064044961119392
12.302837,-73.392799,0.1012322221294077,3.9585973259538183,0.026687963695211,3.9851448961434737,0.0221475601947263
12.319302,-73.147079,0.0908997178506876,3.907560489522481,0.0323850294904636,3.9445830753343727,0.0130422392575087
12.488276,-72.405502,0.0873011138220629,4.00675369380285,0.0476448500566923,3.9815141759735058,0.0361576811956886
12.501577,-72.983681,0.0862521797925452,3.8523823884039694,0.0176277502490437,3.943227061863965,0.007229381055149
12.549769,-73.354309,0.0950000000000006,3.919412841005734,0.0351621887934149,3.94373319784264,0.0189516899079379
12.56634,-73.169647,0.0739775781227045,3.877341105479695,0.0238189610711266,3.915934252860685,0.0112834174723783
12.569629,-73.138657,0.0934239279652242,3.958846870740757,0.0543850270541708,3.9482892880783655,0.0297831057529748
12.620275,-73.120697,0.0942804527677108,4.016140866452694,0.0269486002098349,4.012769471962073,0.0115016355114322
12.816462,-73.159111,0.0575903587791106,3.9241176881132622,0.0259345437392245,3.9830864023418,0.0196919565618277
12.833997,-73.136757,0.1273744478954572,3.628657087954774,0.0026273025405571,3.956806445130942,0.0074141247755848
12.857086,-72.763344,0.1842522802662767,3.677773430772585,0.0052720118017265,3.968032499157145,0.0060644598167871
12.921972,-72.933441,0.139394403547767,3.6392996825489936,0.0126748689862,3.944357782529693,0.0081757579065345
13.038654,-72.99086,0.1038498728396799,3.9241836273381807,0.0248203592097347,3.9893076488718218,0.0135755504603117
13.051069,-72.727928,0.2422199572253127,3.6425733275515912,0.0129958356642042,3.975636095962597,0.0078360365131566
13.068365,-73.705978,0.2123584151255872,3.628388930050312,0.0,3.9929106995981103,0.0074765281105524
13.089044,-72.665497,0.0952067978779851,3.64033482541598,0.013238583032207,3.985716437936581,0.0112440788995902
13.201415,-72.968979,0.1722832135077432,3.654638516372621,0.0057963757016315,3.9983687132003825,0.0082995843212459
13.241423,-72.580956,0.2051610060482378,3.8898421327921224,0.0279698436292698,3.940693133073328,0.0103185093700759
13.279305,-72.171394,0.3434734414309606,3.629748440863553,0.0057206538798468,3.9911922073132367,0.0075128959781514
13.350006,-73.11042,0.1723907200369545,3.6020599913279625,0.0,3.5343418701966787,0.0217671012667388
13.358685,-72.489899,0.0918213581254718,3.926485215477119,0.0552703982743814,3.873772465821239,0.0210993022293247
13.407487,-72.422089,0.0997217834166779,3.6482331199001017,0.0113399317425546,3.99323974557836,0.0072558506046325
13.42474,-72.908089,0.3581708883231709,3.651433091479493,0.0103689280164852,3.9578785299012336,0.0062371132078803
13.446713,-73.248802,0.0895854642642124,3.841093430549869,0.0181071872885927,3.9967785394378943,0.0099590143476569
13.477901,-72.437256,0.282969895316933,3.641377424600907,0.0124844902630248,3.968162801428403,0.008875052208896
13.567612,-72.239929,0.0516295331640996,3.929128873443736,0.0438979397047788,3.998478146534489,0.023495498255444
13.610954,-72.679138,0.0923347161867305,3.780097588545369,0.0172318669483464,3.933461059765895,0.006287507368853
13.672227,-73.240891,0.0970147690161589,3.839729375206388,0.0166238899519401,3.992979595003779,0.0057757239849808
13.693553,-72.46489,0.0687486450671617,3.8586965700379823,0.0184759610613196,3.974659004531137,0.0145515195651813
13.699284,-71.76387,0.1200335066304028,3.692157050281709,0.0102134359925318,3.9747000165348254,0.0082538323547249
13.699347,-71.414688,0.0851884146615891,3.9007998417920695,0.0053397211580418,3.977939728429732,0.0078563200707476
13.712406,-73.099899,0.1852684801658668,3.6476396561839257,0.010415452829228,3.982781660132696,0.0070850602045979
13.761648,-72.768044,0.8654223471938973,3.741874164735567,0.012642535359742,3.9731200494792582,0.008441967402333
13.995879,-71.522568,0.1872233866164325,3.6371218243645496,0.011904795931142,3.972232566788302,0.0080789683135691
14.061519,-72.42244,0.2200197529745384,3.6343613756603856,0.0108023973878553,3.982804281019066,0.006564317946114
14.276385,-72.254517,0.0848577457145509,3.8697112329390846,0.0311588813979804,3.9625219899155697,0.0311741297062059
14.472133,-72.412888,1.511921433323268,3.702654519481246,0.0088189926292762,3.9379015236584984,0.0089250019968055
14.733524,-71.976097,0.2433374132668717,3.642251772666174,0.0126354700100436,3.9947444804128343,0.007581235167003
14.739664,-72.288078,0.1643544541717307,3.633137558756194,0.0098958861569254,3.947696060645002,0.0069655065947838
15.056647,-72.352814,0.3547847504273846,3.649161982895361,0.0106483134880661,3.978939610152079,0.007388410728015
15.267479,-72.440582,0.0865923018569745,3.9511310098010095,0.0464967334876379,3.910837792742425,0.0305821543043235
15.554542,-72.939476,0.1356172056837703,3.628388930050312,0.0,3.976323261830598,0.0065182667068239
15.739019,-73.128609,0.2881767280850393,3.6283838206734105,0.000361253499915,3.98223813595552,0.0077479024579955
16.050177,-72.978088,0.262585348858023,3.6450856098005664,0.0115918224402614,3.955209180737754,0.0075617824938734
16.101214,-72.178276,0.1238864768662573,3.6387836786784624,0.012391716925706,3.987316035217126,0.0064720118014181
16.197788,-72.044441,0.1712077152446145,3.651624438913455,0.0068400054922845,3.9754141132122385,0.0064268386984032
16.230061,-72.513527,0.2473199999999984,3.628399148623785,0.0005108204681292,3.9972514302082423,0.0066548903449813
16.457567,-72.369637,0.0760000000000005,3.909543995052471,0.0125689538659304,3.979662011304818,0.0102536921968103
16.537387,-72.402466,0.063911165161878,4.003577922241088,0.0202031016818132,4.619365328430443,0.0240380390406112
16.571746,-72.462975,0.1401265025573437,4.146128035678238,0.0,4.475759239497163,0.0063499808339287
16.791081,-73.498528,0.166970591541542,3.63582290691173,0.0114356682765206,3.978020879776949,0.0074933513319565
17.226705,-73.999603,0.1857323873806464,3.632930304128357,0.0097509361196236,3.953361620088343,0.0070058021255147
19.917681,-73.335297,0.1030520477978473,3.628925080385592,0.003658476189503,3.95567685853668,0.0076564499668424
70.332642,-70.115997,0.1752520415049137,3.628388930050312,0.0,3.9650648691652415,0.0071852190702192
70.956826,-69.304626,0.0936929093235026,3.8919261417133706,0.0056734056532594,3.8558836685012543,0.0062614903075383
71.327625,-69.27739,0.3765372769259034,3.7745260894663657,0.0072920619345649,3.920937314708432,0.0079710772258639
71.533928,-68.915482,0.1845500000000015,3.6375597713612073,0.0120264118220784,3.9693457212222465,0.0071683051077301
72.030049,-69.468002,0.0688296437928297,3.9137436710806814,0.0198790286522532,3.9441803331148537,0.0097539872289842
72.255617,-68.976868,0.0700085046340799,3.7669999375100782,0.0119525387690864,3.924154483655199,0.0077814836610905
72.268664,-68.907272,0.0758960508375938,3.874380335170227,0.0190342555213911,3.9801846455653154,0.0060564410706111
72.30168,-69.456535,,4.013647081897578,0.0669813496395977,5.140207033117717,0.0479344434455679
72.329389,-69.431839,0.1240915539897642,4.060980983566012,0.0612108141561576,4.769945835391747,0.0552143300056192
72.513294,-68.259689,0.9691210740617696,3.7377311996882847,0.0089799412758024,3.885766164575488,0.0096607248851917
72.569551,-69.969131,0.0673020534233401,3.845386439855033,0.0021619357462401,3.92831807087247,0.0069712102484585
72.654389,-69.99234,0.0649085443644814,3.9295772865907,0.007189659733209,3.965867883416578,0.0122913144397134
72.667214,-69.712425,0.0694559714025331,3.903209401555717,0.0138121852557519,3.965724525983743,0.0063879189158053
72.810664,-68.962128,0.0807599999999997,3.920880853623266,0.0300598276902775,3.9170689400941097,0.0159594266446431
72.937915,-69.77256,0.1001978897684772,4.0587571236805875,0.0356558658138416,4.331307832916707,0.0489007650335953
73.073257,-66.912819,0.0684745014641983,3.8853173925306113,0.0187343577370686,3.9338748000997046,0.0063546826854964
73.245894,-69.880737,0.1289084012595651,3.683269984913083,0.0102149959565898,3.9883912218765474,0.0078284934443961
73.291444,-66.960022,0.0985480319674607,3.9131208118583096,0.047415164827359,3.974006793020448,0.029154519035056
73.297462,-68.648354,0.0515199999999982,4.146128035678238,0.0,4.413067670228865,0.0142624001681443
73.523972,-69.765968,0.0879999999999991,3.989688925279139,0.0444129783334959,3.9289695951012784,0.0349649545659306
73.566326,-66.301208,0.0816879936993135,3.9395092687226674,0.0485494646820252,3.897681092122281,0.0270195481658741
73.573663,-67.093658,0.0469759396160878,4.025238257559775,0.0465839713496619,4.191580063179854,0.049201081961807
73.678207,-69.285744,0.0769838572011831,3.984854598525712,0.0478419595866015,3.956681727838452,0.0359592030078286
73.691707,-68.962776,0.1006599999999995,4.015067262726395,0.045673960313361,4.460447786459059,0.0447043133318254
73.738997,-66.752464,,4.023814003516829,0.0690408787123016,5.051768535282604,0.0661568727414099
73.764138,-68.222588,0.0907572233929574,3.877163940897159,0.0201269564604659,3.9988028117410135,0.0058770876768048
73.770646,-69.798615,0.0781961226331198,3.878892166550336,0.0081469721782374,3.941359870856186,0.0058746047096184
73.7762,-67.475845,0.8931864576153146,3.69884621276754,0.0016352127124282,3.8752895553484623,0.0084375306214292
73.919471,-69.87233,0.1074495078871606,4.008253023247588,0.040748880479519,4.275578430291714,0.0390739763693414
73.970039,-69.706245,0.0616853645044823,4.036189588754199,0.0362172459925074,4.4050132637650545,0.047418061477702
74.073144,-66.305267,0.0842824232155088,4.047189168538258,0.0645907137726725,4.156105605541028,0.0630067655205404
74.127341,-66.302498,0.0730336599761276,3.9130054185947984,0.0564251524015457,3.997564763915971,0.0225927822940383
74.147677,-68.25647,0.1344119283637681,3.680136000399677,0.0086690345016705,3.945343442054257,0.0068902998964182
74.182526,-67.488174,0.0858683297837838,3.9474802859548017,0.0177412989613558,3.90809437134908,0.0181122520892286
74.213229,-66.530151,0.0901290471931179,4.06302545252849,0.0678533206605911,4.269095384088822,0.0630131279306934
74.231543,-67.486946,0.1862819764633556,3.628294396845851,0.001551407370283,3.921290038310632,0.0081063719970741
74.286438,-66.866669,0.166214322351502,3.643879358551041,0.0119818073094215,3.9529546263027138,0.0072760454898718
74.290445,-67.022011,0.0798928104978298,3.912962967381715,0.0239983378968771,3.8047007662078656,0.0128913596847312
74.320065,-68.410988,,4.066332449049892,0.0315222639469653,4.948518815770358,0.0316520114731001
74.353067,-68.844727,,3.635888196227309,0.0122657442010926,3.766199825231312,0.0179901073993973
74.432613,-66.857719,0.06910982926534,3.8821173739464423,0.0079930261192679,3.924053149931413,0.0072180809177847
74.447295,-69.391327,0.0548933552229584,4.0893521816641645,0.0688004007113795,4.134264258153952,0.0552464154000335
74.467946,-69.392502,0.0459999999999993,4.146128035678238,0.0,4.729333232338307,0.0250512222094907
74.489212,-69.538612,0.1007078828445529,4.030037770865027,0.0685664108065413,4.322763596366141,0.0634918489314176
74.527298,-67.241653,0.0450143196317966,3.906048021657268,0.0244722855759451,3.863785633615663,0.0170402527472787
74.537554,-67.306412,0.0746696609066006,3.9156570112504903,0.0206255514039715,3.9363455213152143,0.0121343760064208
74.636575,-70.346024,1.501357601347669,3.7050143837604024,0.009618276028306,3.9275469271417993,0.0081913506137983
74.668893,-70.527405,0.0774483833134382,4.029963802436367,0.0139423750330577,4.163041389505595,0.0233263654542974
75.04305,-67.152191,0.0926686690295177,3.916584217355152,0.0142394456194232,3.843190518906427,0.0093865676134716
75.133394,-67.940735,0.0866768692142265,3.935298129387029,0.0440279211741126,3.9450471365311057,0.025937485118541
75.136946,-70.496994,0.0801556097361189,4.02229637179785,0.0113309170433721,4.326610907200869,0.0201351483047503
75.206554,-68.434021,0.0780373658648621,3.929059845693381,0.0289061379309427,3.965099839378035,0.0182752808083506
75.229871,-66.637321,1.293681239798664,3.699330319245987,0.0027890569097375,3.9637498287323862,0.0087818154972122
75.24744,-66.644096,0.1040951328389852,3.9265816543547944,0.0148708347014494,3.87628010529643,0.0122244731283937
75.343363,-70.258026,0.0797538520408132,4.088409873801683,0.0202997680929592,4.306111880783938,0.0338873103844783
75.461606,-69.414696,0.0869020571232788,3.929164661291712,0.0212934598686129,3.8544703667161624,0.0136143272816529
75.767477,-70.950439,0.0807107836183593,3.8926899573746514,0.0076925637959487,3.914702029850767,0.0062545442044271
75.956276,-68.934052,1.0900222468549536,3.6793461179854976,0.0072858889200255,3.867302467901181,0.0105360449054189
76.021395,-69.018661,0.0629999999999988,3.955153571570549,0.0641902386093594,3.9647232217582657,0.0270913724845847
76.04151,-67.330482,0.1075404554648749,4.0633314821348945,0.061433362776199,4.720194108330378,0.0670572391097686
76.059927,-66.431381,,3.7625116395586504,0.0119038286079902,3.980951062418858,0.024667002241588
76.064453,-69.026779,0.95306204399337,3.793563403027874,0.0254056399715584,3.891375876640765,0.0124384534376924
76.209054,-68.13121,0.2000641768861939,4.085272735033534,0.0388485103624839,4.670692019238927,0.045773417283384
76.229829,-68.551895,0.0875212607176418,3.869338812935158,0.0205195744081579,3.931864234828564,0.0069394442783006
76.229918,-68.967377,0.074992522325509,3.8244821737878265,0.0196352733076295,3.9577899297852257,0.0065545088217901
76.336289,-70.741852,0.1987111085988466,4.033154248452626,0.0679829254599442,4.843364043247578,0.0681204307718207
76.371157,-68.965065,0.0816157943861171,3.951066607500576,0.0195621440180294,3.825779944640076,0.0134968667624078
76.474828,-68.180702,0.7550684264621257,4.117487560235137,0.0384057971860204,4.660794344624399,0.0361248964298779
76.595263,-69.819595,0.0769125624059849,3.893714613865355,0.008145108438524,3.8921221210398302,0.0067717352786769
76.614966,-68.364449,0.0901334908872382,3.655678564824641,0.0176849189841352,3.9926534743708455,0.0075676275155521
76.782532,-68.888756,1.4887604004379824,3.721445803003355,0.0206567927144592,3.946334802863065,0.0219438552350845
76.814063,-70.200775,0.0806600610560686,3.761783174731222,0.008843352613392,3.987629766777173,0.0066797974226097
76.833749,-70.454239,1.3227055788130464,3.707778757664347,0.0156577855226178,3.9367340013738032,0.0160310883219229
77.004271,-67.097099,0.0557046933607825,4.097348429071917,0.0289152111457655,4.456806078087022,0.0450665170214403
77.472865,-68.612206,0.0695750411355486,3.910356222622757,0.037378858757994,3.8992524217013633,0.0164850853226718
77.527956,-67.315636,0.0829051394413795,3.980399967339657,0.0437081689177893,3.846406609794436,0.0328560542199673
77.579111,-65.274826,0.080290276183577,3.919305644919775,0.0062310731138009,3.922063329366449,0.0105330199236193
77.660807,-69.715027,0.5596077600441305,3.6020599913279625,0.0,3.553866106614657,0.0120120390925392
77.773078,-68.018791,0.1229999999999993,3.628314838201267,0.0014206936152681,3.2683478581799665,0.0087207747839051
77.946825,-69.4328,0.6333079679344777,3.602070848554295,0.0005427459492503,3.235718321842582,0.0099943595793492
77.960234,-69.351288,0.0616255535182705,3.909832723585173,0.0440986673740203,3.935768543547426,0.0204126469610952
77.964982,-70.576408,0.0675828668004463,3.8951890361768338,0.0261199260621491,3.9977915693099937,0.0090916072766116
78.028352,-67.198875,0.0735060018134188,4.023705042622037,0.0637095411399849,4.007562339493429,0.0511884537007974
78.141871,-65.826668,0.0819969252389665,3.901256657319518,0.005250818236279,3.997740639842057,0.0098036127998087
78.197533,-69.23555,0.0754048824256337,3.927935963448891,0.0213628764689823,3.839271875117287,0.0156769445480587
78.22591,-69.236984,0.0671792290221962,3.9200893957088945,0.0200890143481838,3.966991184122782,0.0137313250078614
78.319998,-69.556137,0.0704842230917162,3.740457434318509,0.0168694091449549,3.9146376598694186,0.008141769812087
78.37822,-69.539902,,4.097513263176096,0.0600318669311097,5.156342545255651,0.0547216390020576
78.454106,-67.446625,0.1968842754695394,3.940976931580292,0.0738306076699624,3.949488565113534,0.0426693713250252
78.507998,-67.451942,,4.02139709028306,0.0695716636444995,4.823337113537407,0.0601747060506208
78.56421,-68.978951,0.1287845571382959,3.8128498781950393,0.0177681154761182,3.560042410879818,0.0067317198663274
79.170383,-69.656197,0.0348755986412534,3.678550244342485,0.016755728628301,3.3495807514466054,0.0277753410151967
79.434664,-69.342567,0.1025713560960319,4.030466134620126,0.0420433160642393,4.128027937372558,0.0417832665035658
79.593344,-69.545151,0.0489999999999977,4.047383914190474,0.0808953603332846,4.260614076340173,0.0633433234405677
79.846065,-65.858719,0.1716001032579601,3.6020599913279625,0.0,3.053085299771977,0.0179122703882537
80.105058,-69.498871,0.0683113277674696,3.941711390632695,0.0449442271808641,3.9460598980278023,0.0303451467165472
80.180023,-69.487755,0.0618752679323026,3.9231999650464218,0.0095158898336638,3.995296833326827,0.0068002913732686
80.265148,-68.048332,0.1031343827206558,4.037323888729113,0.0770645566297961,4.333217183230701,0.0494142374801214
80.313532,-69.444946,,4.068019721612079,0.0506241447358832,4.915853786485548,0.055264693799641
80.574008,-69.353386,0.0707452631145972,3.926012998870882,0.032348325235539,3.942449823826753,0.0202513402333419
80.906945,-68.777267,0.1716329126596161,3.6419720737182737,0.0123600231849256,3.97901345375336,0.0072777078191261
80.987903,-69.777115,0.1828112564321422,3.6020599913279625,0.0,3.761180717136393,0.0259839587322598
80.988021,-69.776245,0.1970999999999989,3.6069856243620055,0.0133485181843552,3.763245941056782,0.0104250663562128
81.007614,-69.85527,0.1074872517022118,3.6366082384264313,0.0117446005554653,3.9905039077028865,0.0073650078280359
81.086366,-67.662697,0.1722940664088064,3.658540817652671,0.0137579490948355,3.947072485086061,0.0074694975864465
81.121322,-72.285049,1.1432904405191184,3.764544117637778,0.0169598455191549,3.959127838983788,0.0378860979945107
81.156232,-69.532639,0.0714379012566315,3.9709021762138623,0.0807654334075474,3.9809654933915866,0.0433871547874982
81.271244,-72.03624,0.1019482728966014,3.8619717706277648,0.0066379526896089,3.657370159854333,0.0066942514365331
81.279504,-66.04464,0.0700638025168682,3.948741741119051,0.0547082430291215,3.9871291689020176,0.0378770656465955
81.351781,-66.568855,0.0851733664751837,3.781044128867602,0.0181157741174937,3.893428393308299,0.0071269539042023
81.353718,-69.862534,0.0860000000000003,3.677958078335955,0.0072262985020733,3.9238196819052753,0.0082429781436531
81.401093,-69.037949,0.0773153313038168,3.6521883022280086,0.0098238322464755,3.9976113569039895,0.0091315971207112
81.40648,-65.975014,0.0680325951470042,4.040345167980713,0.0689139528717814,4.045665893136052,0.0533861756327764
81.495743,-66.038406,0.0647324174913546,4.062770889438694,0.0796178376071497,4.084229548564676,0.0575534949911675
81.505768,-66.761322,0.0839910613865164,4.001871030239291,0.0491852689022884,4.2680248967666,0.0538452815821816
81.574316,-66.050484,0.047823627548567,3.8340660652590217,0.0245093763372751,3.957832371383028,0.0134578973754815
81.732915,-69.980225,1.059175260974181,3.7486976361501463,0.0152725238688946,3.946649714095411,0.0119445251053971
81.74923,-69.082756,0.0646499999999985,3.8661809682263577,0.0193356900849431,3.937205796927102,0.0053565682939379
81.76531,-66.011261,0.0629999999999988,4.0185247069448735,0.0808276972954936,4.077072196650601,0.0992881744141176
81.879173,-66.582611,0.0860317699060519,3.958821803341536,0.0150199283718774,3.913910872034141,0.0179873397006724
81.953638,-66.03801,0.0722899740828602,3.903159197159958,0.0621687460295203,3.958165917462289,0.0224496362585272
81.97569,-68.328835,0.6623292145208897,3.6020599913279625,0.0,3.642550144035199,0.0248457829962014
81.978051,-68.328995,0.6820955417248378,3.6020599913279625,0.0,3.584910073461578,0.0119863595629166
82.091548,-67.296677,0.0764169135520429,4.054040128095568,0.0199840302461184,4.183601288986221,0.0349032133241181
82.185051,-69.228806,0.0760889250450684,4.033253824636175,0.0481653558556005,4.402539125653486,0.0527383812887539
82.258115,-66.221855,0.0700494175725463,3.8158333357551206,0.0063099721723753,3.962139597928303,0.0081107407571513
82.349941,-69.471077,0.0714299999999994,3.909126603554993,0.0066584428251634,3.8722539001436505,0.0079577629986301
82.49221,-69.386147,0.0670000000000001,3.8899232792574145,0.0094863479349474,3.880982191634301,0.0053833875374406
82.657663,-68.410896,0.1252845816832479,4.059466855211569,0.0453940640113934,4.538558914364276,0.0487796915448959
82.67394,-69.192993,0.3080095065147592,4.078239253809666,0.0724960368589859,4.271502660348102,0.0669729881916408
82.751967,-69.18647,0.1070113329084954,3.924479584046389,0.0647424846905308,3.986049938763685,0.0292862150415006
82.869474,-71.389946,0.0717934973293399,3.822040519335362,0.0218457032372056,3.957176829342316,0.0065721458180855
82.956683,-71.060585,0.0691793146809534,4.025424665429406,0.0676557386705742,4.105642039835448,0.0621962801642792
83.086202,-68.846603,0.0678143364051138,3.8212891177053856,0.0186133418920428,3.994478098072957,0.0063290117405484
83.401523,-69.386848,0.5268321266422369,3.7320980976818903,0.0157748876580125,3.992860971468374,0.0145692598784883
83.475324,-68.799622,0.0634415024758272,3.896830612948729,0.0232541795423216,3.913865684012979,0.0066559404898327
83.535131,-68.717476,0.0622964894431028,3.907624961773148,0.0589678614723486,3.942184340332741,0.0194949835594746
83.579468,-67.108109,0.1002587627043194,4.146128035678238,0.0,4.546826441644242,0.0113031445013626
83.728128,-67.71991,0.0929704753146172,3.8740307638447025,0.020224039181257,3.9271445826382334,0.0071326904059624
83.863142,-69.231224,0.1178632615676633,4.0738209563298025,0.0614677298378733,4.513700299990084,0.0636775572689162
83.900594,-68.534393,1.2407487926522016,3.7366613809621976,0.0159878465372831,3.9031504184243895,0.0092573935061719
83.935222,-66.882256,0.1361926807244291,4.116697382680379,0.0308430924880299,4.615944211260677,0.0437848928093582
84.059698,-69.191147,0.1038486125465265,3.858082815446372,0.0259789352643284,3.979935902491928,0.007996211999582
84.073025,-68.963707,0.0666020870325336,4.121252807984237,0.0311070176872442,4.521096191797293,0.045643854393469
84.223679,-70.35643,0.0715750703468263,3.9004258500408744,0.0203238082743771,3.959078830988423,0.0072047037809367
84.392608,-69.45929,0.0550000000000032,3.906080371439764,0.0331299258799003,3.956316598603934,0.007727554521298
84.576233,-69.067322,0.0751164947217031,4.018147919377922,0.0148603301745377,4.442715353114008,0.0187581504846583
84.679486,-69.025673,0.1071659351039393,3.915600313723979,0.0280258447655075,3.9988298410333503,0.0164640817084393
84.783639,-70.337944,0.6246789073463024,3.8329302293915744,0.0077020319897106,3.403975495596799,0.0118913828078241
84.949506,-69.267471,0.0630856278212732,3.987258363847328,0.071160777866772,3.9467011932469265,0.0444331004519392
85.03308,-67.099304,0.0848908442962894,3.966734081872019,0.0630582807511343,3.9846809737384543,0.0464242981110084
85.053551,-69.581863,0.1209882698744895,4.13272784101004,0.0366781845554342,4.4870670190539,0.0638724405189637
85.137987,-67.211502,0.0915204511154819,3.953078005488499,0.0606189826555484,3.809055594642623,0.0366969369867132
85.249355,-69.644539,0.1040913901688505,4.0628263236310875,0.0364443760027779,4.415750254328336,0.0488236494471641
85.279678,-71.507668,0.0674226399871482,4.00975674896186,0.0609947129663354,4.065181857971268,0.0489710523245405
85.288253,-69.180138,0.0890733861698844,3.6020599913279625,0.0,3.652982831731935,0.0402058114008182
85.313089,-69.241997,0.0967292730430937,4.001193753410953,0.0722421191764906,4.102779620480452,0.0607145605362004
85.320522,-69.169754,0.0937006646926317,3.835628751454785,0.0255002560782522,3.8771089507773415,0.0061055821334492
85.417021,-68.606743,0.0728204435094479,3.9737488201716737,0.022057009129002,3.914379918440536,0.0108504538403061
85.419263,-69.368065,0.0840391373302491,4.044081902875344,0.0628483304929447,4.275289800704189,0.0592130728570956
85.436136,-69.587502,0.1534574354579891,4.033767435929557,0.056013053380588,4.290570388365574,0.0573994172674709
85.453935,-69.297897,0.0961256392886724,4.025638628565448,0.067656067397861,4.26226923327634,0.0596540427215899
85.507777,-68.714325,,3.6696468933524606,0.0128360419270729,3.821802549476801,0.0177902427817908
85.532318,-69.280785,0.0684404856244356,3.808960041759709,0.0148651149755071,3.9621036983627858,0.0074675092866714
85.537535,-69.216705,,4.089275281044268,0.0507106716818524,4.412087305265446,0.0511609076093864
85.549741,-69.207756,0.0698648232891319,4.032184450713581,0.0838445530877828,4.493342624783019,0.062901573544285
85.564934,-68.176895,0.0632063082954115,4.071788145390269,0.059534574242518,4.219125438712961,0.0520053713182668
85.576602,-68.461136,0.0550876135059716,4.075373573946176,0.0643302861195615,4.141135567107139,0.0633290669979734
85.58733,-69.487892,0.0399445986381099,4.146123382498147,0.000268612616072,4.590319870949599,0.0076804049079813
85.605136,-69.479073,0.0560650127274353,3.9021103632150993,0.0231163994036997,3.9077910732279184,0.0056273557228893
85.649797,-69.069824,0.0865692284779147,4.121984739334378,0.0224719433818876,4.66024832389175,0.0335784380258331
85.692075,-67.812019,0.100604689787243,3.945693798524518,0.060202624524437,3.737721664348464,0.026428203711043
86.050507,-69.228134,0.1734704265863715,3.672771877123848,0.0097373242005458,3.966623549200727,0.0070427370842915
86.116863,-69.801651,0.0746057615031983,3.935465698528384,0.0651858028191574,3.98637198084876,0.0292299208959255
86.136478,-67.576225,0.1288195049043086,4.037697349470666,0.0480908770557834,3.840765838266868,0.0343745345120855
86.31922,-68.99778,,4.008576753290821,0.08274160952648,5.22277429838903,0.0523306876802852
86.332,-67.509865,0.076952909454075,4.114653510987478,0.043524661148492,4.015702443631831,0.0332674072496503
86.476941,-67.333168,0.0719346541157168,3.8218703809894263,0.0178649447651432,3.973957064537375,0.0071114244830697
86.507263,-66.990051,0.2483399999999989,4.025037421104236,0.0562727260203018,4.055256631184789,0.0642327175482928
86.528952,-67.713066,,3.895470890380554,0.0186322878377893,3.983212029898096,0.0087568878745376
86.529825,-67.78405,0.0816970742785656,3.8503842931707295,0.0170002327975983,3.9780018696931623,0.0113023735179884
86.875798,-69.451698,0.0722144801326116,3.9224477736010153,0.0660722892853701,3.9364040485193152,0.0246959717565713
87.000617,-66.89904,0.2008600000000022,3.624918628759761,0.0088082030784161,3.944059090957063,0.0070598954788248
87.564943,-67.729652,0.1993981127386082,3.8817882318078767,0.0071155069319744,3.9719134510023295,0.0067913315383067
89.406794,-68.133484,0.0639048426781823,3.897198082382967,0.0075358984474197,3.924685922077317,0.0069805076236916
89.45843,-68.462112,0.0569999999999986,3.9169905627979658,0.0131739609418358,3.7865632039132704,0.0189940437527759
90.603388,-68.215889,0.0775069433225468,3.8710048876195766,0.0065530191524488,3.7935228362020914,0.0066542191033643
91.330144,-69.310341,0.0947015118688288,3.8837338115360702,0.0069569066589766,3.907404644971333,0.0106974905228041
12.631599,-73.478493,0.1359999999999974,4.0521492899198925,0.0743262872333949,5.081380693864205,0.0423242574432974
13.114879,-73.315651,0.0937249494915892,4.056156572933168,0.0472613633018342,4.601621503064085,0.0434312528580636
11.325652,-73.256996,0.1210374888211074,3.646585052876803,0.0112663543188792,3.873327083623458,0.0081022024698592
12.914673,-73.308701,0.0858113679008063,4.062206749664625,0.0768297224690852,4.099716270892654,0.0417295710140486
12.876572,-73.269402,0.0855756962614417,4.0969265158848165,0.0593988753577215,4.711308748728769,0.034021975000607
11.959739,-73.239655,0.0865626295819748,4.001477342851231,0.0696640690076737,4.642679041049011,0.0329493337969986
12.422279,-73.237427,0.5884189757955642,3.6020599913279625,0.0,3.5631244560785524,0.0119260682761617
11.800913,-73.109222,0.1269267733048629,4.107869392804562,0.0508125925253571,4.667525096276241,0.0885001040480199
13.409233,-72.809013,0.0900137163288672,4.064384976689942,0.0626885910376369,4.164880014152905,0.0456169553509601
14.940584,-72.748978,0.0872327097140992,4.116259803829392,0.0255837357740871,4.877166363727366,0.0488316986120921
14.091104,-72.464333,0.0360392958137314,4.146128035678238,0.0,4.872267355394474,0.013438010256111
14.078349,-72.463211,0.0512492495945444,4.055553199092575,0.0909140158842154,4.9983785274501065,0.0398137558569557
14.671736,-72.437637,0.0929458894791377,4.04796957212993,0.0769056114791956,4.9566646276202375,0.042072890587031
19.61984,-72.823036,0.0863915345954247,3.9265225077158834,0.0081033552619317,3.9578032804355514,0.0143418651656339
15.320793,-72.292,0.0710000000000015,4.034489083079697,0.0545774350828354,4.997177974494656,0.0399994653667844
15.261213,-72.198441,1.2609821439317734,3.718217186790119,0.0061315015054833,3.982818063427296,0.008201474455756
15.706694,-72.1707,,4.023589884419411,0.0608928679005571,5.230807794782007,0.0458076171399406
16.220421,-72.143562,0.1376499999999989,4.028551936731257,0.0766071730480406,5.050401648524231,0.0436174366112175
14.698428,-71.942085,0.0798406421465411,4.018358211314204,0.0644024117984911,4.3015529452703705,0.0443433786761029
13.698917,-71.760323,0.1138966487482857,3.6283480533519046,0.0010211476544432,3.998742170324146,0.0074818717634002
79.238854,-72.332352,0.0903913812178789,3.6020599913279625,0.0,3.6206838145988502,0.0399758790952205
84.837381,-72.192619,,3.6020599913279625,0.0,3.301958331661734,0.0402316952484225
73.206056,-70.268257,0.0910430799452743,3.905837689314797,0.0058977695024177,3.782639874195578,0.0103270965937238
73.248092,-70.298553,0.086788325951419,3.915236218381661,0.0062302625294503,3.974144195688689,0.0096787026104925
74.650541,-70.110649,1.3279421546748011,3.7200476133212694,0.0153323776779642,3.91857951128993,0.0223172197792109
72.73027,-69.984634,0.0678762545494837,3.628388930050312,0.0,3.9497390275051703,0.0083376225875297
72.63174,-69.56562,0.0689992902278007,4.074834718647825,0.069705762374472,4.024444806021986,0.0507594030954914
74.198512,-69.607002,0.0605743098620568,3.946548054701783,0.0484201827170313,3.9325995822414974,0.0363085051766412
74.151578,-69.557594,0.0640079387344432,4.0146087327435565,0.0386569440599398,4.25722989265966,0.0262142568973108
72.754558,-68.86599,0.0719529630408768,4.014713702237004,0.0696374098300613,4.063236416006005,0.0534796472762391
74.652615,-68.842278,0.0747669216092923,4.033462960858017,0.0243415454662274,4.411247972819985,0.0240593736336648
73.796107,-67.169563,,4.022801464922789,0.0441350379865393,5.49699770771431,0.0428805336279146
74.210815,-66.409729,0.0635126135021089,4.034804865457012,0.0513034480273452,4.451181983265962,0.0532639424644069
74.286767,-66.39032,0.0894094784332892,4.092496949982144,0.0556094922272581,4.9006581455315725,0.0548023788977888
75.53078,-71.33699,,4.144207470907779,0.0102824347765696,5.405552903946657,0.0628996902896154
75.626004,-70.634857,0.0699999999999985,4.024642650325074,0.0425225657238646,4.331375571361008,0.0396774976745804
79.443194,-69.849213,,4.023393428089171,0.0210389753018637,5.114164794490619,0.0283975113877161
79.182754,-69.77739,0.0910432409626285,4.055146021103616,0.0542386049216125,4.67244154431687,0.0573110128212514
78.707893,-69.661682,,3.6020599913279625,0.0,3.3735230392588593,0.0250744250143739
79.81816,-69.655548,,4.106511313529348,0.0560384121252438,4.316134943643475,0.1010572696213271
76.286309,-69.403511,0.0428944806734534,3.6020599913279625,0.0,3.82581314405254,0.0399533929940405
77.410685,-69.310379,0.075000000000001,4.034655523997448,0.0740883749929739,4.4443640158820585,0.0521348891022919
78.350803,-69.24942,0.0687815889514027,3.798759378066196,0.0072035113434823,3.9462173246508967,0.0051851082845416
75.860374,-69.148941,0.8855003569493114,3.722897051582699,0.022854446831099,3.7615059888600126,0.0089199857318264
79.857129,-68.859306,0.0770847506031771,4.083061651633836,0.0638962996329742,4.6104794352207525,0.0571858401504348
77.595029,-68.7733,,4.024367636856776,0.0253178773042962,5.241305251265987,0.0286930660169038
75.384327,-68.178627,0.1259488267061801,4.051222968949495,0.0684619918932151,4.695345081848555,0.055541046878678
76.049455,-67.547256,,3.6020599913279625,0.0,3.5774326381939923,0.0406807533923117
75.786776,-66.959686,,4.11697116410516,0.0381513090165999,5.253077953413635,0.0458497195706418
76.365399,-66.6866,0.0935971575709988,4.0880226255257694,0.0296645469259686,4.041345318366944,0.0339225450343847
80.140506,-69.543167,0.1212500000000016,4.070279895227871,0.0099419127382471,4.838196429834308,0.0208560890230822
80.343293,-69.452255,,4.03245052980555,0.0260510625429628,5.0954559291159445,0.0263813715289395
82.55616,-69.437645,0.8132242190425316,3.696319249287245,0.0071495338269715,3.8355673023522994,0.0062099101562266
84.962987,-69.277687,0.0732205858336545,4.037958083603282,0.0198940833814262,4.300031566268417,0.025831865799845
83.923707,-69.198441,0.0783467239785533,3.792165727546741,0.0075273718769585,3.998817700808103,0.0135582369373469
83.99922,-69.189514,0.2622415662165469,3.8540417402751497,0.007492798305256,3.9698814726222422,0.0065694436910789
82.126885,-69.136475,0.1677675506270866,4.029652591758841,0.0371941644071817,4.64757484267554,0.036346144676265
84.071263,-69.184341,0.1182609515974544,4.049090042047978,0.0175102661411508,4.6059650322460035,0.0178354604065447
84.29194,-69.145271,0.0952436907532821,3.9039008174210648,0.0513971158613977,3.93810832678734,0.0209730371433496
82.471529,-69.122398,0.6982748034289461,4.117398913068271,0.0510702872577757,4.529344278421965,0.0671157504638137
82.856436,-69.094009,0.1621084692577685,4.013609202882486,0.0211251767075571,4.641232740887457,0.029334480031127
83.418096,-69.116096,0.0754992880064833,4.0687154151487155,0.0408775845728366,4.269350663898662,0.0312257593499724
84.454298,-69.085632,0.1582151346506872,4.090807188679667,0.0583920408756752,4.811739465532635,0.0444468303482725
84.680012,-69.104057,,3.919129105900321,0.0136324859640342,3.960103065710421,0.0078766117753664
84.663114,-69.105888,,4.020276321695826,0.0650174177681288,4.394787854680751,0.0484265914107032
84.692281,-69.104744,0.7427824793789473,3.9091105420220353,0.0131523455594687,3.775679462050945,0.0076272387701046
84.690442,-69.106178,0.6556585883068529,4.110411242568554,0.0199207590677262,4.585589404673702,0.0240330589456857
84.769867,-69.069397,0.065667884757385,4.0747689142378345,0.0770807134283051,4.334405830195809,0.0597792793204835
81.973408,-69.032906,,4.009817256874664,0.0594088499733211,5.032199960684329,0.0487206435288174
84.551407,-69.01593,0.1039451279601806,4.040008636013542,0.0209081178712403,4.452695241153453,0.0223841119159236
81.969442,-68.985672,1.1376999999999988,4.146128035678238,0.0,5.035519220403892,0.0120043551924086
82.130734,-68.898819,,4.037228231126523,0.034321882039244,5.060265685088223,0.0306291568205017
80.220844,-68.8256,0.2299075974536641,3.6020599913279625,0.0,2.867334378244324,0.0157799841013989
81.688791,-68.831322,,4.024850846911755,0.016515344684782,5.431489314649614,0.0241089894948635
83.597591,-68.599701,0.0625044875376286,3.6020599913279625,0.0,3.206981426388307,0.0381165844678125
82.967797,-68.544136,,4.028604799425658,0.0214396833393188,5.197428427931371,0.026500010666764
80.561819,-67.859047,0.1188121499595933,4.062604544394497,0.0653518639323642,4.378992447681185,0.0627706176761122
81.292764,-67.85672,0.0769710583732337,4.000616260722668,0.0654502618297999,4.108886811588342,0.0496298107408569
80.959342,-67.764236,0.0682004277088736,3.6020599913279625,0.0,3.312131376823787,0.0403838865744667
83.898897,-67.656158,0.0763092142972325,3.6151527631928606,0.0135245120982427,3.4473006810057902,0.0330593338349349
83.086306,-67.52153,0.0723400000000005,4.00987563371216,0.0279114538147513,4.790076074614643,0.0320095922814989
83.496123,-67.537704,0.198415587525595,4.06352944161731,0.0708333907791725,4.5025250092527624,0.0634703642215718
81.516514,-67.499176,,4.1461171781804715,0.0004102363138229,4.9167680644528895,0.016027793501458
81.69618,-67.479385,0.1622562389469504,4.019846081287123,0.0151055336627804,4.781035273102831,0.0268171229897035
83.73109,-67.351929,,4.0692989377208555,0.062539432444109,5.25170450329337,0.0613965121193825
83.620125,-67.125839,0.0789087905468939,4.097170511555447,0.0400574641827679,4.9316961198762765,0.0511127791198919
83.079759,-66.99791,0.0882809775096014,4.021581021423306,0.0243120884804907,4.774466991477451,0.0366226682106352
82.075515,-66.481117,0.1104517837933833,3.6020599913279625,0.0,3.1634927743814196,0.0403402012409356
81.057266,-66.424736,0.0729051348058238,4.0266782775079655,0.0342585939679192,4.314707871448091,0.0258471390527813
83.078431,-66.403351,0.1227942021022059,4.006498131788936,0.0622690394681096,4.652057206863949,0.0533080259149524
80.587785,-66.260262,0.1012346578265432,4.017561270712857,0.0163845348420089,4.738810356235929,0.0213697324428768
81.806541,-66.273705,0.0712067244922849,4.05104345258258,0.060011138049625,4.182457110549063,0.0483975954908281
81.405049,-66.24147,0.0966596701576048,4.125347052849199,0.0467453442207091,4.423955957561979,0.0986459662113432
82.092332,-66.064278,0.0861890687931641,4.022195282642581,0.0245025591495245,4.556461505430836,0.0284538303937572
85.655485,-70.784775,0.1484021012079885,3.637999775939676,0.0121311089373313,2.967185127132507,0.0135918070126016
85.497118,-69.729179,0.0650000000000012,4.02848991652189,0.0528412431009959,4.393381532493903,0.0340473107141075
85.056237,-69.579239,0.1017156591226857,4.146034186909729,0.0017336981492164,4.627364329806014,0.0327130250820791
85.050053,-69.521866,0.0789999999999988,3.793771183143752,0.0103954622545715,3.991350565932163,0.0049515164234588
86.129225,-69.337624,0.1409591803567558,4.042633585108655,0.0221657516635145,4.25844055672627,0.0197494672680004
85.203354,-69.280922,0.1063767413895089,4.024014379070868,0.0400494914289536,4.583360214219915,0.038489818006095
85.535084,-69.211502,,4.1459139377765535,0.0018103494739855,5.065831012622172,0.021102970641969
85.334992,-69.085365,0.0919999999999987,4.049841872703056,0.0213130891661166,4.871242292929836,0.0211530140627271
85.498134,-67.343369,0.0797058724623873,4.025380631227741,0.0420084636563,4.655729393877411,0.0431758209186159
86.46637,-67.240532,0.1528818409515562,4.125003604501834,0.0255505033881535,4.785821323584157,0.0353851779935281
78.41177,-65.466476,0.0280035947428647,3.683312759571342,0.0110021279781834,3.772400382436016,0.0204512304273947
79.788019,-65.155556,0.0977633467188763,3.8850670668817178,0.0066130561928416,3.85424012153202,0.009734024309312
80.746689,-65.80143,0.0831200810063528,3.6020599913279625,0.0,2.8810500125794696,0.039407298558484
